model,scenario,region,variable,unit,year,iso,v20250417_gdp,v3_1,difference,difference_percentage
OECD ENV-Growth 2023,SSP1,Japan,GDP|PPP [per capita],USD_2017/yr,2025,JPN,44789.79934318169,44720.4,69.39934318168525,0.15518497862649988
OECD ENV-Growth 2023,SSP1,Taiwan,GDP|PPP [per capita],USD_2017/yr,2025,TWN,62054.119401592696,61991,63.119401592695795,0.10182026680114176
OECD ENV-Growth 2023,SSP1,Ukraine,GDP|PPP [per capita],USD_2017/yr,2025,UKR,11713.29817575138,11697,16.298175751380768,0.13933637472326896
OECD ENV-Growth 2023,SSP2,Australia,GDP|PPP [per capita],USD_2017/yr,2045,AUS,74524.94224180217,74440.5,84.44224180217134,0.11343588745665509
OECD ENV-Growth 2023,SSP2,Australia,GDP|PPP [per capita],USD_2017/yr,2050,AUS,80523.51353885987,80421.7,101.81353885987482,0.1265995855097254
OECD ENV-Growth 2023,SSP2,Australia,GDP|PPP [per capita],USD_2017/yr,2055,AUS,86474.86546072,86359.9,114.96546072000638,0.13312366123629876
OECD ENV-Growth 2023,SSP2,Australia,GDP|PPP [per capita],USD_2017/yr,2060,AUS,92593.23746691832,92470,123.23746691831911,0.13327291761470653
OECD ENV-Growth 2023,SSP2,Australia,GDP|PPP [per capita],USD_2017/yr,2065,AUS,99001.7267984356,98878.3,123.42679843559745,0.12482698270054951
OECD ENV-Growth 2023,SSP2,Australia,GDP|PPP [per capita],USD_2017/yr,2070,AUS,105471.01174254873,105357,114.01174254872603,0.10821468203225798
OECD ENV-Growth 2023,SSP2,Bahamas,GDP|PPP [per capita],USD_2017/yr,2065,BHS,61373.62217295299,61298.7,74.92217295299633,0.12222473388994602
OECD ENV-Growth 2023,SSP2,Bahamas,GDP|PPP [per capita],USD_2017/yr,2070,BHS,66037.68459133522,65940.4,97.2845913352212,0.14753412374693087
OECD ENV-Growth 2023,SSP2,Bahamas,GDP|PPP [per capita],USD_2017/yr,2075,BHS,71054.21879426467,70935.2,119.01879426467349,0.16778523816761423
OECD ENV-Growth 2023,SSP2,Bahamas,GDP|PPP [per capita],USD_2017/yr,2080,BHS,76458.91814150084,76317.3,141.61814150083228,0.18556492630220445
OECD ENV-Growth 2023,SSP2,Bahamas,GDP|PPP [per capita],USD_2017/yr,2085,BHS,82298.22341282234,82129.7,168.5234128223383,0.20519180372306034
OECD ENV-Growth 2023,SSP2,Bahamas,GDP|PPP [per capita],USD_2017/yr,2090,BHS,88555.787278415,88360.3,195.48727841499203,0.22123881247007085
OECD ENV-Growth 2023,SSP2,Bahamas,GDP|PPP [per capita],USD_2017/yr,2095,BHS,95247.66988749497,95018.8,228.8698874949623,0.2408680045369572
OECD ENV-Growth 2023,SSP2,Bahamas,GDP|PPP [per capita],USD_2017/yr,2100,BHS,102369.104121551,102109,260.10412155100494,0.2547318273129743
OECD ENV-Growth 2023,SSP2,Bhutan,GDP|PPP [per capita],USD_2017/yr,2080,BTN,47393.96817736726,47329.7,64.26817736725934,0.13578826269183905
OECD ENV-Growth 2023,SSP2,Bhutan,GDP|PPP [per capita],USD_2017/yr,2085,BTN,52354.37295644619,52254,100.37295644619007,0.19208664685227939
OECD ENV-Growth 2023,SSP2,Bhutan,GDP|PPP [per capita],USD_2017/yr,2090,BTN,57538.479389026186,57392,146.47938902618625,0.2552261448044784
OECD ENV-Growth 2023,SSP2,Bhutan,GDP|PPP [per capita],USD_2017/yr,2095,BTN,62977.51595200715,62771.7,205.81595200714946,0.32788016256872043
OECD ENV-Growth 2023,SSP2,Bhutan,GDP|PPP [per capita],USD_2017/yr,2100,BTN,68701.43183095808,68422,279.4318309580849,0.40839471362732005
OECD ENV-Growth 2023,SSP2,Burundi,GDP|PPP [per capita],USD_2017/yr,2080,BDI,6898.577852878139,6891.25,7.327852878139311,0.1063356122349256
OECD ENV-Growth 2023,SSP2,Burundi,GDP|PPP [per capita],USD_2017/yr,2085,BDI,8437.54657978935,8427,10.54657978935029,0.12515224622463855
OECD ENV-Growth 2023,SSP2,Burundi,GDP|PPP [per capita],USD_2017/yr,2090,BDI,10254.700038792038,10240.1,14.600038792037594,0.14257711147388788
OECD ENV-Growth 2023,SSP2,Burundi,GDP|PPP [per capita],USD_2017/yr,2095,BDI,12381.05478485909,12360.2,20.854784859089705,0.16872530265764069
OECD ENV-Growth 2023,SSP2,Burundi,GDP|PPP [per capita],USD_2017/yr,2100,BDI,14850.325630448746,14819.2,31.12563044874514,0.21003583492189282
OECD ENV-Growth 2023,SSP2,Canada,GDP|PPP [per capita],USD_2017/yr,2055,CAN,78613.31715082894,78529.1,84.21715082893206,0.10724323954932893
OECD ENV-Growth 2023,SSP2,Canada,GDP|PPP [per capita],USD_2017/yr,2060,CAN,83901.35202445077,83806.2,95.15202445077011,0.11353816835839127
OECD ENV-Growth 2023,SSP2,Canada,GDP|PPP [per capita],USD_2017/yr,2065,CAN,89338.45868335612,89238.7,99.75868335612176,0.11178858875815288
OECD ENV-Growth 2023,SSP2,Canada,GDP|PPP [per capita],USD_2017/yr,2070,CAN,94753.95960472414,94658.2,95.75960472413863,0.10116355975936435
OECD ENV-Growth 2023,SSP2,China,GDP|PPP [per capita],USD_2017/yr,2085,CHN,76032.44198655055,75952,80.44198655054788,0.10591161068905083
OECD ENV-Growth 2023,SSP2,China,GDP|PPP [per capita],USD_2017/yr,2090,CHN,81094.36211955709,81003.9,90.46211955709441,0.11167625207810293
OECD ENV-Growth 2023,SSP2,China,GDP|PPP [per capita],USD_2017/yr,2095,CHN,86184.77316978275,86086.5,98.27316978275485,0.11415630764725579
OECD ENV-Growth 2023,SSP2,China,GDP|PPP [per capita],USD_2017/yr,2100,CHN,91244.663356725825,91139.5,105.163356725825,0.11538724342993432
OECD ENV-Growth 2023,SSP2,Dominican Republic,GDP|PPP [per capita],USD_2017/yr,2070,DOM,69098.2651899833,69012.9,85.36518998330575,0.12369454114130222
OECD ENV-Growth 2023,SSP2,Dominican Republic,GDP|PPP [per capita],USD_2017/yr,2075,DOM,75643.3423288418,75530.7,112.64232884180092,0.14913449609470178
OECD ENV-Growth 2023,SSP2,Dominican Republic,GDP|PPP [per capita],USD_2017/yr,2080,DOM,82384.35986884746,82266.9,117.45986884746526,0.14277901421770514
OECD ENV-Growth 2023,SSP2,Dominican Republic,GDP|PPP [per capita],USD_2017/yr,2085,DOM,89309.81722966958,89188,121.81722966958478,0.13658477560836074
OECD ENV-Growth 2023,SSP2,Dominican Republic,GDP|PPP [per capita],USD_2017/yr,2090,DOM,96534.84234115384,96368.4,166.4423411538446,0.17271464624694882
OECD ENV-Growth 2023,SSP2,Dominican Republic,GDP|PPP [per capita],USD_2017/yr,2095,DOM,104068.8123705864,103852,216.81237058639817,0.20877052977929955
OECD ENV-Growth 2023,SSP2,Dominican Republic,GDP|PPP [per capita],USD_2017/yr,2100,DOM,112001.62877472944,111732,269.6287747294409,0.2413174155384679
OECD ENV-Growth 2023,SSP2,Iraq,GDP|PPP [per capita],USD_2017/yr,2030,IRQ,9951.170597305658,9900.9,50.27059730565816,0.5077376531997915
OECD ENV-Growth 2023,SSP2,Iraq,GDP|PPP [per capita],USD_2017/yr,2035,IRQ,11791.205484510085,11731.5,59.705484510084716,0.5089330819595509
OECD ENV-Growth 2023,SSP2,Iraq,GDP|PPP [per capita],USD_2017/yr,2040,IRQ,15862.909279937345,15782.5,80.40927993734476,0.5094837949459513
OECD ENV-Growth 2023,SSP2,Iraq,GDP|PPP [per capita],USD_2017/yr,2045,IRQ,20549.120370218676,20444.6,104.52037021867727,0.511237051439878
OECD ENV-Growth 2023,SSP2,Iraq,GDP|PPP [per capita],USD_2017/yr,2050,IRQ,25417.004223969532,25287.6,129.40422396953363,0.5117299544817762
OECD ENV-Growth 2023,SSP2,Iraq,GDP|PPP [per capita],USD_2017/yr,2055,IRQ,30456.65844821374,30301.3,155.3584482137412,0.5127121549693947
OECD ENV-Growth 2023,SSP2,Iraq,GDP|PPP [per capita],USD_2017/yr,2060,IRQ,35742.15318531798,35559.5,182.65318531797675,0.5136551000941428
OECD ENV-Growth 2023,SSP2,Iraq,GDP|PPP [per capita],USD_2017/yr,2065,IRQ,41353.325603421654,41142,211.3256034216538,0.5136493204551402
OECD ENV-Growth 2023,SSP2,Iraq,GDP|PPP [per capita],USD_2017/yr,2070,IRQ,47202.711320080234,46961.7,241.01132008023706,0.5132082528533615
OECD ENV-Growth 2023,SSP2,Iraq,GDP|PPP [per capita],USD_2017/yr,2075,IRQ,53229.1423739964,52958.2,270.94237399640406,0.5116155269559843
OECD ENV-Growth 2023,SSP2,Iraq,GDP|PPP [per capita],USD_2017/yr,2080,IRQ,59344.62240775614,59043.9,300.72240775614046,0.5093200275661677
OECD ENV-Growth 2023,SSP2,Iraq,GDP|PPP [per capita],USD_2017/yr,2085,IRQ,65584.07347991144,65253.5,330.5734799114434,0.5065988489681679
OECD ENV-Growth 2023,SSP2,Iraq,GDP|PPP [per capita],USD_2017/yr,2090,IRQ,72059.10813494153,71698.2,360.90813494153554,0.5033712630742969
OECD ENV-Growth 2023,SSP2,Iraq,GDP|PPP [per capita],USD_2017/yr,2095,IRQ,78863.52613560559,78470.3,393.2261356055824,0.501114607189704
OECD ENV-Growth 2023,SSP2,Iraq,GDP|PPP [per capita],USD_2017/yr,2100,IRQ,86066.03270109395,85639.1,426.93270109394507,0.4985254411757538
OECD ENV-Growth 2023,SSP2,Kuwait,GDP|PPP [per capita],USD_2017/yr,2080,KWT,100209.59694322334,100101,108.59694322333962,0.10848737097865117
OECD ENV-Growth 2023,SSP2,Kuwait,GDP|PPP [per capita],USD_2017/yr,2085,KWT,105072.18131568708,104901,171.18131568707759,0.16318368336534217
OECD ENV-Growth 2023,SSP2,Kuwait,GDP|PPP [per capita],USD_2017/yr,2090,KWT,110400.95940556856,110155,245.9594055685593,0.22328483098230612
OECD ENV-Growth 2023,SSP2,Kuwait,GDP|PPP [per capita],USD_2017/yr,2095,KWT,116366.2917976518,116021,345.2917976517929,0.2976114648656647
OECD ENV-Growth 2023,SSP2,Kuwait,GDP|PPP [per capita],USD_2017/yr,2100,KWT,123017.24888551758,122541,476.2488855175761,0.38864452347995865
OECD ENV-Growth 2023,SSP2,Luxembourg,GDP|PPP [per capita],USD_2017/yr,2060,LUX,138491.16542137205,138343,148.1654213720467,0.10710004942212233
OECD ENV-Growth 2023,SSP2,Luxembourg,GDP|PPP [per capita],USD_2017/yr,2065,LUX,139511.16358310668,139362,149.16358310668147,0.1070331820056267
OECD ENV-Growth 2023,SSP2,New Zealand,GDP|PPP [per capita],USD_2017/yr,2050,NZL,63513.781025551965,63446.4,67.38102555196383,0.10620149535980579
OECD ENV-Growth 2023,SSP2,New Zealand,GDP|PPP [per capita],USD_2017/yr,2055,NZL,67652.78531244794,67576.2,76.58531244794722,0.11333178315434608
OECD ENV-Growth 2023,SSP2,New Zealand,GDP|PPP [per capita],USD_2017/yr,2060,NZL,71988.07762706972,71904.5,83.57762706972426,0.11623420936064399
OECD ENV-Growth 2023,SSP2,New Zealand,GDP|PPP [per capita],USD_2017/yr,2065,NZL,76505.12203547705,76420.1,85.02203547704266,0.11125611648904235
OECD ENV-Growth 2023,SSP2,Puerto Rico,GDP|PPP [per capita],USD_2017/yr,2065,PRI,61153.87099915445,61081.9,71.97099915445142,0.11782704721767237
OECD ENV-Growth 2023,SSP2,Puerto Rico,GDP|PPP [per capita],USD_2017/yr,2070,PRI,64360.16315928243,64267.2,92.96315928242984,0.14465101837707234
OECD ENV-Growth 2023,SSP2,Puerto Rico,GDP|PPP [per capita],USD_2017/yr,2075,PRI,67430.83310698072,67315,115.83310698071728,0.17207621923897687
OECD ENV-Growth 2023,SSP2,Puerto Rico,GDP|PPP [per capita],USD_2017/yr,2080,PRI,70399.37227773508,70256.6,142.77227773507184,0.20321546692420614
OECD ENV-Growth 2023,SSP2,Puerto Rico,GDP|PPP [per capita],USD_2017/yr,2085,PRI,73419.61530634134,73244.8,174.81530634133378,0.23867265163033247
OECD ENV-Growth 2023,SSP2,Puerto Rico,GDP|PPP [per capita],USD_2017/yr,2090,PRI,76606.13286533773,76388.9,217.23286533773353,0.2843775278053926
OECD ENV-Growth 2023,SSP2,Puerto Rico,GDP|PPP [per capita],USD_2017/yr,2095,PRI,80027.29663945183,79755.4,271.89663945183565,0.34091314124414857
OECD ENV-Growth 2023,SSP2,Puerto Rico,GDP|PPP [per capita],USD_2017/yr,2100,PRI,83714.56781128487,83375.9,338.6678112848749,0.4061938897029897
OECD ENV-Growth 2023,SSP2,Singapore,GDP|PPP [per capita],USD_2017/yr,2040,SGP,130511.8865544165,130343,168.8865544165019,0.12957086641898827
OECD ENV-Growth 2023,SSP2,Singapore,GDP|PPP [per capita],USD_2017/yr,2045,SGP,132908.2163594186,132698,210.21635941861314,0.1584171271749485
OECD ENV-Growth 2023,SSP2,Singapore,GDP|PPP [per capita],USD_2017/yr,2050,SGP,133051.68594656786,132813,238.68594656785717,0.17971580083866578
OECD ENV-Growth 2023,SSP2,Singapore,GDP|PPP [per capita],USD_2017/yr,2055,SGP,132870.69498803603,132611,259.69498803603346,0.1958321617633782
OECD ENV-Growth 2023,SSP2,Singapore,GDP|PPP [per capita],USD_2017/yr,2060,SGP,132491.55485931988,132216,275.5548593198764,0.20841264243350002
OECD ENV-Growth 2023,SSP2,Singapore,GDP|PPP [per capita],USD_2017/yr,2065,SGP,132256.49584544942,131977,279.495845449419,0.21177617725014133
OECD ENV-Growth 2023,SSP2,Singapore,GDP|PPP [per capita],USD_2017/yr,2070,SGP,131768.90708978847,131499,269.9070897884667,0.20525410063077795
OECD ENV-Growth 2023,SSP2,Singapore,GDP|PPP [per capita],USD_2017/yr,2075,SGP,130817.83315159194,130575,242.83315159194171,0.18597216281213227
OECD ENV-Growth 2023,SSP2,Singapore,GDP|PPP [per capita],USD_2017/yr,2080,SGP,129469.67726186285,129266,203.67726186284563,0.15756444994263427
OECD ENV-Growth 2023,SSP2,Singapore,GDP|PPP [per capita],USD_2017/yr,2085,SGP,127851.9701535105,127700,151.97015351049777,0.11900560180931696
OECD ENV-Growth 2023,SSP2,South Korea,GDP|PPP [per capita],USD_2017/yr,2070,KOR,81464.418039936485,81362.8,101.61803993648209,0.12489496420536424
OECD ENV-Growth 2023,SSP2,South Korea,GDP|PPP [per capita],USD_2017/yr,2075,KOR,84756.43420537775,84628,128.4342053777509,0.15176325256150555
OECD ENV-Growth 2023,SSP2,South Korea,GDP|PPP [per capita],USD_2017/yr,2080,KOR,87721.93824106702,87567.6,154.3382410670165,0.1762503951998416
OECD ENV-Growth 2023,SSP2,South Korea,GDP|PPP [per capita],USD_2017/yr,2085,KOR,90384.47075877045,90207.1,177.37075877044117,0.19662616220945042
OECD ENV-Growth 2023,SSP2,South Korea,GDP|PPP [per capita],USD_2017/yr,2090,KOR,92886.37063617386,92689.1,197.27063617385284,0.21283045813785315
OECD ENV-Growth 2023,SSP2,South Korea,GDP|PPP [per capita],USD_2017/yr,2095,KOR,95315.9968143299,95098.6,217.39681432989892,0.228601487645348
OECD ENV-Growth 2023,SSP2,South Korea,GDP|PPP [per capita],USD_2017/yr,2100,KOR,97524.3447330826,97281.5,242.84473308260203,0.24963095047116055
OECD ENV-Growth 2023,SSP2,Switzerland,GDP|PPP [per capita],USD_2017/yr,2045,CHE,81676.38189470419,81577.8,98.58189470418438,0.12084402215331176
OECD ENV-Growth 2023,SSP2,Switzerland,GDP|PPP [per capita],USD_2017/yr,2050,CHE,83604.82406034456,83490.4,114.42406034456508,0.1370505595188969
OECD ENV-Growth 2023,SSP2,Switzerland,GDP|PPP [per capita],USD_2017/yr,2055,CHE,85693.1085550895,85567.9,125.20855508949899,0.14632654896228492
OECD ENV-Growth 2023,SSP2,Switzerland,GDP|PPP [per capita],USD_2017/yr,2060,CHE,88164.40601899388,88035,129.40601899387548,0.14699383085576814
OECD ENV-Growth 2023,SSP2,Switzerland,GDP|PPP [per capita],USD_2017/yr,2065,CHE,91112.8461418619,90987.7,125.1461418619001,0.13754182363319448
OECD ENV-Growth 2023,SSP2,Switzerland,GDP|PPP [per capita],USD_2017/yr,2070,CHE,94203.24923042058,94090.9,112.34923042058654,0.11940499072767563
OECD ENV-Growth 2023,SSP2,Taiwan,GDP|PPP [per capita],USD_2017/yr,2050,TWN,80946.74761125818,80862.6,84.14761125817313,0.10406246059138974
OECD ENV-Growth 2023,SSP2,Taiwan,GDP|PPP [per capita],USD_2017/yr,2055,TWN,80407.53554394309,80307.4,100.13554394309176,0.12469030742259339
OECD ENV-Growth 2023,SSP2,Taiwan,GDP|PPP [per capita],USD_2017/yr,2060,TWN,79720.63351244766,79606.8,113.833512447658,0.14299470955704538
OECD ENV-Growth 2023,SSP2,Taiwan,GDP|PPP [per capita],USD_2017/yr,2065,TWN,79061.83000054315,78937.1,124.73000054314616,0.1580118861006373
OECD ENV-Growth 2023,SSP2,Taiwan,GDP|PPP [per capita],USD_2017/yr,2070,TWN,78465.21777544473,78320.4,144.8177754447388,0.18490428476455537
OECD ENV-Growth 2023,SSP2,Taiwan,GDP|PPP [per capita],USD_2017/yr,2075,TWN,77970.4918726155,77808.5,161.99187261550105,0.20819302854508318
OECD ENV-Growth 2023,SSP2,Taiwan,GDP|PPP [per capita],USD_2017/yr,2080,TWN,77554.99594732761,77384.9,170.09594732761616,0.21980508772075194
OECD ENV-Growth 2023,SSP2,Taiwan,GDP|PPP [per capita],USD_2017/yr,2085,TWN,77276.85465504564,77099.2,177.65465504564054,0.23042347397332338
OECD ENV-Growth 2023,SSP2,Taiwan,GDP|PPP [per capita],USD_2017/yr,2090,TWN,77194.42533309881,77018,176.425333098814,0.22907026032721445
OECD ENV-Growth 2023,SSP2,Taiwan,GDP|PPP [per capita],USD_2017/yr,2095,TWN,77360.68907581222,77195,165.6890758122172,0.21463705656093943
OECD ENV-Growth 2023,SSP2,Taiwan,GDP|PPP [per capita],USD_2017/yr,2100,TWN,77825.17316664122,77672.1,153.07316664121754,0.1970761272596177
OECD ENV-Growth 2023,SSP2,Tunisia,GDP|PPP [per capita],USD_2017/yr,2060,TUN,25647.206548302016,25621.1,26.106548302017472,0.10189472076537492
OECD ENV-Growth 2023,SSP2,Tunisia,GDP|PPP [per capita],USD_2017/yr,2065,TUN,29416.596349970616,29380.1,36.4963499706173,0.12422132658029518
OECD ENV-Growth 2023,SSP2,Tunisia,GDP|PPP [per capita],USD_2017/yr,2070,TUN,33648.20442135151,33598.3,49.90442135150806,0.14853257858733346
OECD ENV-Growth 2023,SSP2,Tunisia,GDP|PPP [per capita],USD_2017/yr,2075,TUN,38219.71857077889,38153.2,66.51857077889144,0.174345980884674
OECD ENV-Growth 2023,SSP2,Tunisia,GDP|PPP [per capita],USD_2017/yr,2080,TUN,43054.00466863604,42967.9,86.10466863603506,0.20039301114561114
OECD ENV-Growth 2023,SSP2,Tunisia,GDP|PPP [per capita],USD_2017/yr,2085,TUN,48158.860157323346,48050,108.86015732334636,0.2265559985917718
OECD ENV-Growth 2023,SSP2,Tunisia,GDP|PPP [per capita],USD_2017/yr,2090,TUN,53571.83535451374,53436.7,135.13535451374628,0.2528886598793456
OECD ENV-Growth 2023,SSP2,Tunisia,GDP|PPP [per capita],USD_2017/yr,2095,TUN,59322.98454914621,59157.6,165.38454914621252,0.2795660221953097
OECD ENV-Growth 2023,SSP2,Tunisia,GDP|PPP [per capita],USD_2017/yr,2100,TUN,65407.83321003312,65208.2,199.63321003312012,0.3061474017579386
OECD ENV-Growth 2023,SSP2,United Arab Emirates,GDP|PPP [per capita],USD_2017/yr,2040,ARE,116935.29255738566,116808,127.2925573856628,0.10897588982403843
OECD ENV-Growth 2023,SSP2,United Arab Emirates,GDP|PPP [per capita],USD_2017/yr,2045,ARE,122467.4117836278,122286,181.41178362780192,0.14835041102644778
OECD ENV-Growth 2023,SSP2,United Arab Emirates,GDP|PPP [per capita],USD_2017/yr,2050,ARE,125517.44466523228,125262,255.44466523228039,0.2039282984722265
OECD ENV-Growth 2023,SSP2,United Arab Emirates,GDP|PPP [per capita],USD_2017/yr,2055,ARE,127537.06115116236,127185,352.0611511623574,0.27681027728297947
OECD ENV-Growth 2023,SSP2,United Arab Emirates,GDP|PPP [per capita],USD_2017/yr,2060,ARE,129767.5232069372,129296,471.5232069371996,0.3646850690950993
OECD ENV-Growth 2023,SSP2,United Arab Emirates,GDP|PPP [per capita],USD_2017/yr,2065,ARE,132534.7214165807,131916,618.7214165806945,0.4690268175056055
OECD ENV-Growth 2023,SSP2,United Arab Emirates,GDP|PPP [per capita],USD_2017/yr,2070,ARE,135391.6994680663,134592,799.6994680663047,0.5941656770582981
OECD ENV-Growth 2023,SSP2,United Arab Emirates,GDP|PPP [per capita],USD_2017/yr,2075,ARE,138104.40251704757,137084,1020.4025170475652,0.7443629577832316
OECD ENV-Growth 2023,SSP2,United Arab Emirates,GDP|PPP [per capita],USD_2017/yr,2080,ARE,141006.75151923977,139714,1292.7515192397696,0.9252841656811555
OECD ENV-Growth 2023,SSP2,United Arab Emirates,GDP|PPP [per capita],USD_2017/yr,2085,ARE,143950.9800233285,142338,1612.980023328506,1.133204079956516
OECD ENV-Growth 2023,SSP2,United Arab Emirates,GDP|PPP [per capita],USD_2017/yr,2090,ARE,146945.25431964555,144978,1967.2543196455517,1.3569329964860541
OECD ENV-Growth 2023,SSP2,United Arab Emirates,GDP|PPP [per capita],USD_2017/yr,2095,ARE,150065.50170426897,147742,2323.5017042689724,1.5726751392758813
OECD ENV-Growth 2023,SSP2,United Arab Emirates,GDP|PPP [per capita],USD_2017/yr,2100,ARE,153612.7623734968,150943,2669.7623734968074,1.7687222153374502
OECD ENV-Growth 2023,SSP3,Albania,GDP|PPP [per capita],USD_2017/yr,2025,ALB,17466.870715300643,17135.3,331.5707153006442,1.9350155252644787
OECD ENV-Growth 2023,SSP3,Albania,GDP|PPP [per capita],USD_2017/yr,2030,ALB,20830.27697296627,20399.8,430.4769729662694,2.110201928284931
OECD ENV-Growth 2023,SSP3,Albania,GDP|PPP [per capita],USD_2017/yr,2035,ALB,23744.54450435175,23230.8,513.744504351751,2.211480036639939
OECD ENV-Growth 2023,SSP3,Albania,GDP|PPP [per capita],USD_2017/yr,2040,ALB,26110.01399247273,25531.5,578.51399247273,2.2658832911216735
OECD ENV-Growth 2023,SSP3,Albania,GDP|PPP [per capita],USD_2017/yr,2045,ALB,28033.693542045512,27397.3,636.3935420455127,2.322833060358184
OECD ENV-Growth 2023,SSP3,Albania,GDP|PPP [per capita],USD_2017/yr,2050,ALB,29699.677617366688,29000.1,699.5776173666891,2.4123282932358476
OECD ENV-Growth 2023,SSP3,Albania,GDP|PPP [per capita],USD_2017/yr,2055,ALB,31225.330379526386,30459.7,765.6303795263848,2.5135847678289176
OECD ENV-Growth 2023,SSP3,Albania,GDP|PPP [per capita],USD_2017/yr,2060,ALB,32662.262309125137,31837.1,825.1623091251386,2.5918262314254084
OECD ENV-Growth 2023,SSP3,Albania,GDP|PPP [per capita],USD_2017/yr,2065,ALB,34106.74477846524,33234.4,872.344778465238,2.6248248154479636
OECD ENV-Growth 2023,SSP3,Albania,GDP|PPP [per capita],USD_2017/yr,2070,ALB,35577.13078075564,34666.8,910.3307807556339,2.6259440754717303
OECD ENV-Growth 2023,SSP3,Albania,GDP|PPP [per capita],USD_2017/yr,2075,ALB,36882.96109824869,35941.7,941.2610982486949,2.6188552523912194
OECD ENV-Growth 2023,SSP3,Albania,GDP|PPP [per capita],USD_2017/yr,2080,ALB,37989.19998723381,37021.4,967.7999872338114,2.614163665430836
OECD ENV-Growth 2023,SSP3,Albania,GDP|PPP [per capita],USD_2017/yr,2085,ALB,38897.96412603182,37909.9,988.0641260318152,2.6063485422853008
OECD ENV-Growth 2023,SSP3,Albania,GDP|PPP [per capita],USD_2017/yr,2090,ALB,39667.42809331116,38665.8,1001.6280933111557,2.5904755450841717
OECD ENV-Growth 2023,SSP3,Albania,GDP|PPP [per capita],USD_2017/yr,2095,ALB,40336.70614566819,39327.1,1009.6061456681928,2.5672021218655656
OECD ENV-Growth 2023,SSP3,Albania,GDP|PPP [per capita],USD_2017/yr,2100,ALB,40954.623029675575,39937.4,1017.2230296755733,2.547043697575639
OECD ENV-Growth 2023,SSP3,Algeria,GDP|PPP [per capita],USD_2017/yr,2025,DZA,11625.13994929889,11564.7,60.43994929888868,0.5226244459336487
OECD ENV-Growth 2023,SSP3,Algeria,GDP|PPP [per capita],USD_2017/yr,2030,DZA,11883.804576428156,11823.5,60.304576428156,0.5100399748649385
OECD ENV-Growth 2023,SSP3,Algeria,GDP|PPP [per capita],USD_2017/yr,2035,DZA,12372.9044856806,12313.5,59.404485680599464,0.48243379770657785
OECD ENV-Growth 2023,SSP3,Algeria,GDP|PPP [per capita],USD_2017/yr,2040,DZA,12515.54895458287,12458,57.548954582869555,0.46194376772250406
OECD ENV-Growth 2023,SSP3,Algeria,GDP|PPP [per capita],USD_2017/yr,2045,DZA,12462.749172124828,12402.9,59.84917212482833,0.4825417614011911
OECD ENV-Growth 2023,SSP3,Algeria,GDP|PPP [per capita],USD_2017/yr,2050,DZA,12454.49452233678,12385.8,68.69452233678021,0.5546232163992655
OECD ENV-Growth 2023,SSP3,Algeria,GDP|PPP [per capita],USD_2017/yr,2055,DZA,12612.171276897148,12531.9,80.27127689714871,0.6405355684066161
OECD ENV-Growth 2023,SSP3,Algeria,GDP|PPP [per capita],USD_2017/yr,2060,DZA,12910.529677962944,12820.1,90.42967796294397,0.7053742011602403
OECD ENV-Growth 2023,SSP3,Algeria,GDP|PPP [per capita],USD_2017/yr,2065,DZA,13317.504396277582,13220.5,97.00439627758169,0.733742266007955
OECD ENV-Growth 2023,SSP3,Algeria,GDP|PPP [per capita],USD_2017/yr,2070,DZA,13694.65719385594,13593.8,100.85719385593984,0.7419352488335849
OECD ENV-Growth 2023,SSP3,Algeria,GDP|PPP [per capita],USD_2017/yr,2075,DZA,14011.925845762036,13907.1,104.8258457620359,0.7537577623087193
OECD ENV-Growth 2023,SSP3,Algeria,GDP|PPP [per capita],USD_2017/yr,2080,DZA,14272.731967543545,14161.9,110.83196754354503,0.7826066244186518
OECD ENV-Growth 2023,SSP3,Algeria,GDP|PPP [per capita],USD_2017/yr,2085,DZA,14530.881452196376,14412.2,118.68145219637518,0.8234790815862614
OECD ENV-Growth 2023,SSP3,Algeria,GDP|PPP [per capita],USD_2017/yr,2090,DZA,14837.885416726049,14711.5,126.38541672604879,0.8590926603408815
OECD ENV-Growth 2023,SSP3,Algeria,GDP|PPP [per capita],USD_2017/yr,2095,DZA,15202.296211821793,15069.8,132.49621182179362,0.8792167900157509
OECD ENV-Growth 2023,SSP3,Algeria,GDP|PPP [per capita],USD_2017/yr,2100,DZA,15597.202779331155,15460.9,136.30277933115576,0.8815966685714012
OECD ENV-Growth 2023,SSP3,Angola,GDP|PPP [per capita],USD_2017/yr,2025,AGO,5918.575652382735,5886.99,31.585652382735134,0.5365331414311072
OECD ENV-Growth 2023,SSP3,Angola,GDP|PPP [per capita],USD_2017/yr,2030,AGO,6100.587681304929,6089.5,11.087681304928992,0.18207868141766964
OECD ENV-Growth 2023,SSP3,Angola,GDP|PPP [per capita],USD_2017/yr,2050,AGO,7254.902402055455,7246.23,8.672402055455677,0.11968157311395965
OECD ENV-Growth 2023,SSP3,Angola,GDP|PPP [per capita],USD_2017/yr,2055,AGO,7723.551496863779,7711.49,12.061496863779212,0.1564094210558428
OECD ENV-Growth 2023,SSP3,Angola,GDP|PPP [per capita],USD_2017/yr,2060,AGO,8228.999167783377,8215.61,13.389167783376251,0.16297229035185762
OECD ENV-Growth 2023,SSP3,Angola,GDP|PPP [per capita],USD_2017/yr,2065,AGO,8774.395506258308,8761.11,13.285506258307578,0.1516418154584017
OECD ENV-Growth 2023,SSP3,Angola,GDP|PPP [per capita],USD_2017/yr,2070,AGO,9345.643314576466,9332.42,13.223314576465782,0.14169223605951922
OECD ENV-Growth 2023,SSP3,Angola,GDP|PPP [per capita],USD_2017/yr,2075,AGO,9936.41302812183,9922.33,14.083028121829557,0.1419326722839248
OECD ENV-Growth 2023,SSP3,Angola,GDP|PPP [per capita],USD_2017/yr,2080,AGO,10545.463268955407,10529.5,15.96326895540733,0.15160519450503188
OECD ENV-Growth 2023,SSP3,Angola,GDP|PPP [per capita],USD_2017/yr,2085,AGO,11170.510753848856,11153,17.51075384885553,0.15700487625621384
OECD ENV-Growth 2023,SSP3,Angola,GDP|PPP [per capita],USD_2017/yr,2090,AGO,11808.888927757158,11791,17.888927757157944,0.15171679889032263
OECD ENV-Growth 2023,SSP3,Angola,GDP|PPP [per capita],USD_2017/yr,2095,AGO,12406.190510106497,12389.2,16.990510106496004,0.13713968703787172
OECD ENV-Growth 2023,SSP3,Angola,GDP|PPP [per capita],USD_2017/yr,2100,AGO,12947.51623484695,12932.4,15.116234846949737,0.11688653959782977
OECD ENV-Growth 2023,SSP3,Antigua and Barbuda,GDP|PPP [per capita],USD_2017/yr,2090,ATG,51884.63435999154,51809.6,75.03435999154317,0.14482713626730023
OECD ENV-Growth 2023,SSP3,Antigua and Barbuda,GDP|PPP [per capita],USD_2017/yr,2095,ATG,54156.37235560142,54061,95.3723556014229,0.17641618838242523
OECD ENV-Growth 2023,SSP3,Antigua and Barbuda,GDP|PPP [per capita],USD_2017/yr,2100,ATG,56507.67995283259,56407.7,99.97995283258933,0.17724522154349379
OECD ENV-Growth 2023,SSP3,Argentina,GDP|PPP [per capita],USD_2017/yr,2025,ARG,18715.047370141896,18667.6,47.44737014189741,0.2541696315643008
OECD ENV-Growth 2023,SSP3,Argentina,GDP|PPP [per capita],USD_2017/yr,2030,ARG,20531.56558043009,20474.9,56.6655804300899,0.2767563232547651
OECD ENV-Growth 2023,SSP3,Argentina,GDP|PPP [per capita],USD_2017/yr,2035,ARG,21885.341176022048,21818,67.34117602204788,0.3086496288479598
OECD ENV-Growth 2023,SSP3,Argentina,GDP|PPP [per capita],USD_2017/yr,2040,ARG,23116.539737059815,23030.9,85.63973705981334,0.3718471143542516
OECD ENV-Growth 2023,SSP3,Argentina,GDP|PPP [per capita],USD_2017/yr,2045,ARG,24374.17635660323,24257.5,116.6763566032314,0.4809908548005004
OECD ENV-Growth 2023,SSP3,Argentina,GDP|PPP [per capita],USD_2017/yr,2050,ARG,25772.083282168907,25619.6,152.48328216890877,0.5951821346504581
OECD ENV-Growth 2023,SSP3,Argentina,GDP|PPP [per capita],USD_2017/yr,2055,ARG,27295.526421891456,27104.6,190.92642189145772,0.7044059749690375
OECD ENV-Growth 2023,SSP3,Argentina,GDP|PPP [per capita],USD_2017/yr,2060,ARG,28849.876124231552,28609.3,240.57612423155297,0.8409018194487561
OECD ENV-Growth 2023,SSP3,Argentina,GDP|PPP [per capita],USD_2017/yr,2065,ARG,30415.761941066434,30124.2,291.56194106643306,0.9678661709404169
OECD ENV-Growth 2023,SSP3,Argentina,GDP|PPP [per capita],USD_2017/yr,2070,ARG,31954.80371768043,31612.2,342.6037176804275,1.083770562252635
OECD ENV-Growth 2023,SSP3,Argentina,GDP|PPP [per capita],USD_2017/yr,2075,ARG,33444.14720570267,33043.6,400.5472057026709,1.212177867129099
OECD ENV-Growth 2023,SSP3,Argentina,GDP|PPP [per capita],USD_2017/yr,2080,ARG,34904.6123831664,34439.5,465.11238316640083,1.3505201386965573
OECD ENV-Growth 2023,SSP3,Argentina,GDP|PPP [per capita],USD_2017/yr,2085,ARG,36371.7250541923,35837.7,534.0250541923015,1.4901208899909912
OECD ENV-Growth 2023,SSP3,Argentina,GDP|PPP [per capita],USD_2017/yr,2090,ARG,37861.65485622749,37257.1,604.5548562274926,1.6226567720716119
OECD ENV-Growth 2023,SSP3,Argentina,GDP|PPP [per capita],USD_2017/yr,2095,ARG,39367.55690955525,38690.9,676.6569095552477,1.7488787015945548
OECD ENV-Growth 2023,SSP3,Argentina,GDP|PPP [per capita],USD_2017/yr,2100,ARG,40874.445852496276,40123.2,751.2458524962785,1.8723478000166451
OECD ENV-Growth 2023,SSP3,Armenia,GDP|PPP [per capita],USD_2017/yr,2025,ARM,18979.489303047503,18706.9,272.58930304750174,1.4571591393950987
OECD ENV-Growth 2023,SSP3,Armenia,GDP|PPP [per capita],USD_2017/yr,2030,ARM,23670.49561032101,23312.6,357.8956103210112,1.5352024669964361
OECD ENV-Growth 2023,SSP3,Armenia,GDP|PPP [per capita],USD_2017/yr,2035,ARM,28017.59956263165,27588.3,429.2995626316515,1.556092845995047
OECD ENV-Growth 2023,SSP3,Armenia,GDP|PPP [per capita],USD_2017/yr,2040,ARM,31392.119068451055,30917.2,474.91906845105404,1.536099868199753
OECD ENV-Growth 2023,SSP3,Armenia,GDP|PPP [per capita],USD_2017/yr,2045,ARM,33900.24925036038,33396.1,504.1492503603804,1.5096051645562818
OECD ENV-Growth 2023,SSP3,Armenia,GDP|PPP [per capita],USD_2017/yr,2050,ARM,35975.55569045793,35434.8,540.7556904579251,1.526058254760645
OECD ENV-Growth 2023,SSP3,Armenia,GDP|PPP [per capita],USD_2017/yr,2055,ARM,37953.181268076856,37361.7,591.4812680768591,1.5831219352354393
OECD ENV-Growth 2023,SSP3,Armenia,GDP|PPP [per capita],USD_2017/yr,2060,ARM,40001.65938955207,39365.5,636.1593895520709,1.6160327940762114
OECD ENV-Growth 2023,SSP3,Armenia,GDP|PPP [per capita],USD_2017/yr,2065,ARM,42096.26967266293,41436.7,659.5696726629321,1.5917524143161308
OECD ENV-Growth 2023,SSP3,Armenia,GDP|PPP [per capita],USD_2017/yr,2070,ARM,43875.43915539585,43215.9,659.539155395847,1.5261493001322362
OECD ENV-Growth 2023,SSP3,Armenia,GDP|PPP [per capita],USD_2017/yr,2075,ARM,45060.86736692897,44412.6,648.2673669289725,1.459647412961575
OECD ENV-Growth 2023,SSP3,Armenia,GDP|PPP [per capita],USD_2017/yr,2080,ARM,45933.102274903446,45291.1,642.002274903447,1.4175020586902216
OECD ENV-Growth 2023,SSP3,Armenia,GDP|PPP [per capita],USD_2017/yr,2085,ARM,46649.80338160947,46003.2,646.6033816094714,1.4055617470294923
OECD ENV-Growth 2023,SSP3,Armenia,GDP|PPP [per capita],USD_2017/yr,2090,ARM,47312.89182439619,46655.5,657.3918243961889,1.4090339282532367
OECD ENV-Growth 2023,SSP3,Armenia,GDP|PPP [per capita],USD_2017/yr,2095,ARM,47924.95091245399,47260.2,664.7509124539938,1.4065765960660215
OECD ENV-Growth 2023,SSP3,Armenia,GDP|PPP [per capita],USD_2017/yr,2100,ARM,48464.64989351767,47799.7,664.9498935176744,1.3911172947061894
OECD ENV-Growth 2023,SSP3,Azerbaijan,GDP|PPP [per capita],USD_2017/yr,2025,AZE,15717.419314888071,15692.8,24.61931488807204,0.1568828691378979
OECD ENV-Growth 2023,SSP3,Azerbaijan,GDP|PPP [per capita],USD_2017/yr,2030,AZE,17323.647879102595,17293.8,29.84787910259547,0.17259294719839174
OECD ENV-Growth 2023,SSP3,Azerbaijan,GDP|PPP [per capita],USD_2017/yr,2035,AZE,18471.985464215777,18439.9,32.08546421577557,0.1740002072450261
OECD ENV-Growth 2023,SSP3,Azerbaijan,GDP|PPP [per capita],USD_2017/yr,2040,AZE,19080.746576181187,19043.8,36.94657618118799,0.19400842364017684
OECD ENV-Growth 2023,SSP3,Azerbaijan,GDP|PPP [per capita],USD_2017/yr,2045,AZE,19495.302794288724,19444.4,50.90279428872236,0.2617863975680523
OECD ENV-Growth 2023,SSP3,Azerbaijan,GDP|PPP [per capita],USD_2017/yr,2050,AZE,19987.70535152327,19920.7,67.00535152326847,0.3363604267082405
OECD ENV-Growth 2023,SSP3,Azerbaijan,GDP|PPP [per capita],USD_2017/yr,2055,AZE,20497.360963144005,20418,79.36096314400493,0.3886813749828824
OECD ENV-Growth 2023,SSP3,Azerbaijan,GDP|PPP [per capita],USD_2017/yr,2060,AZE,20970.244416770503,20881.3,88.94441677050418,0.4259524874912202
OECD ENV-Growth 2023,SSP3,Azerbaijan,GDP|PPP [per capita],USD_2017/yr,2065,AZE,21396.06552158636,21299.6,96.46552158636041,0.4528982778378956
OECD ENV-Growth 2023,SSP3,Azerbaijan,GDP|PPP [per capita],USD_2017/yr,2070,AZE,21773.04965152447,21667.7,105.34965152446966,0.4862059725973207
OECD ENV-Growth 2023,SSP3,Azerbaijan,GDP|PPP [per capita],USD_2017/yr,2075,AZE,22126.67307433101,22010,116.67307433101087,0.5300912055020939
OECD ENV-Growth 2023,SSP3,Azerbaijan,GDP|PPP [per capita],USD_2017/yr,2080,AZE,22468.60646041625,22339.2,129.4064604162486,0.5792797433043645
OECD ENV-Growth 2023,SSP3,Azerbaijan,GDP|PPP [per capita],USD_2017/yr,2085,AZE,22802.702417578483,22661.6,141.10241757848416,0.6226498463413183
OECD ENV-Growth 2023,SSP3,Azerbaijan,GDP|PPP [per capita],USD_2017/yr,2090,AZE,23123.49192478616,22972.9,150.59192478616023,0.6555198724852336
OECD ENV-Growth 2023,SSP3,Azerbaijan,GDP|PPP [per capita],USD_2017/yr,2095,AZE,23403.50127870764,23246.3,157.2012787076419,0.6762421491060595
OECD ENV-Growth 2023,SSP3,Azerbaijan,GDP|PPP [per capita],USD_2017/yr,2100,AZE,23646.25268625132,23485.1,161.15268625132012,0.6861911861193699
OECD ENV-Growth 2023,SSP3,Bahamas,GDP|PPP [per capita],USD_2017/yr,2065,BHS,45828.042646279144,45765.7,62.34264627914672,0.1362213323059556
OECD ENV-Growth 2023,SSP3,Bahamas,GDP|PPP [per capita],USD_2017/yr,2070,BHS,46625.85300842868,46541.2,84.65300842868601,0.18188832352557738
OECD ENV-Growth 2023,SSP3,Bahamas,GDP|PPP [per capita],USD_2017/yr,2075,BHS,47392.27963146299,47289.8,102.47963146298571,0.2167055717363696
OECD ENV-Growth 2023,SSP3,Bahamas,GDP|PPP [per capita],USD_2017/yr,2080,BHS,48164.95020282777,48041.6,123.35020282777259,0.2567570664336171
OECD ENV-Growth 2023,SSP3,Bahamas,GDP|PPP [per capita],USD_2017/yr,2085,BHS,48972.035794183445,48823.9,148.13579418344307,0.3034083598062487
OECD ENV-Growth 2023,SSP3,Bahamas,GDP|PPP [per capita],USD_2017/yr,2090,BHS,49784.5513691413,49612.1,172.45136914130126,0.34759941454060855
OECD ENV-Growth 2023,SSP3,Bahamas,GDP|PPP [per capita],USD_2017/yr,2095,BHS,50588.16399911119,50393.7,194.4639991111908,0.3858895042657927
OECD ENV-Growth 2023,SSP3,Bahamas,GDP|PPP [per capita],USD_2017/yr,2100,BHS,51372.78650652131,51160.7,212.08650652131473,0.41454965729811116
OECD ENV-Growth 2023,SSP3,Bahrain,GDP|PPP [per capita],USD_2017/yr,2080,BHR,64985.2618366694,64872.6,112.66183666940196,0.17366628849375848
OECD ENV-Growth 2023,SSP3,Bahrain,GDP|PPP [per capita],USD_2017/yr,2085,BHR,64807.214723199875,64505.4,301.8147231998737,0.4678906311717681
OECD ENV-Growth 2023,SSP3,Bahrain,GDP|PPP [per capita],USD_2017/yr,2090,BHR,64623.33245581421,64134.8,488.53245581420924,0.7617275735080007
OECD ENV-Growth 2023,SSP3,Bahrain,GDP|PPP [per capita],USD_2017/yr,2095,BHR,64483.338088147626,63822.7,660.6380881476289,1.0351146036561112
OECD ENV-Growth 2023,SSP3,Bahrain,GDP|PPP [per capita],USD_2017/yr,2100,BHR,64373.84770798426,63562.5,811.3477079842633,1.2764565710666875
OECD ENV-Growth 2023,SSP3,Bangladesh,GDP|PPP [per capita],USD_2017/yr,2025,BGD,7813.456030324527,7767.18,46.2760303245268,0.5957893382736952
OECD ENV-Growth 2023,SSP3,Bangladesh,GDP|PPP [per capita],USD_2017/yr,2030,BGD,10387.27761160881,10325.1,62.17761160880946,0.602198638355168
OECD ENV-Growth 2023,SSP3,Bangladesh,GDP|PPP [per capita],USD_2017/yr,2035,BGD,12868.056952699726,12791.3,76.75695269972675,0.6000715541010434
OECD ENV-Growth 2023,SSP3,Bangladesh,GDP|PPP [per capita],USD_2017/yr,2040,BGD,14816.906271944656,14724.6,92.30627194465524,0.6268847503134566
OECD ENV-Growth 2023,SSP3,Bangladesh,GDP|PPP [per capita],USD_2017/yr,2045,BGD,16361.105590300183,16246.9,114.20559030018376,0.7029377315068337
OECD ENV-Growth 2023,SSP3,Bangladesh,GDP|PPP [per capita],USD_2017/yr,2050,BGD,17730.245978490188,17591,139.24597849018755,0.791575115059903
OECD ENV-Growth 2023,SSP3,Bangladesh,GDP|PPP [per capita],USD_2017/yr,2055,BGD,18996.629507577058,18835.9,160.7295075770562,0.8533147212347495
OECD ENV-Growth 2023,SSP3,Bangladesh,GDP|PPP [per capita],USD_2017/yr,2060,BGD,20186.12961965888,20008.4,177.72961965887953,0.8882750227848281
OECD ENV-Growth 2023,SSP3,Bangladesh,GDP|PPP [per capita],USD_2017/yr,2065,BGD,21355.998489717094,21161.5,194.49848971709434,0.9191148534701904
OECD ENV-Growth 2023,SSP3,Bangladesh,GDP|PPP [per capita],USD_2017/yr,2070,BGD,22433.400196789447,22220,213.40019678944736,0.9603969252450377
OECD ENV-Growth 2023,SSP3,Bangladesh,GDP|PPP [per capita],USD_2017/yr,2075,BGD,23431.944855999627,23197.3,234.6448559996279,1.0115179611404255
OECD ENV-Growth 2023,SSP3,Bangladesh,GDP|PPP [per capita],USD_2017/yr,2080,BGD,24279.518389368444,24024,255.51838936844433,1.0635963593425088
OECD ENV-Growth 2023,SSP3,Bangladesh,GDP|PPP [per capita],USD_2017/yr,2085,BGD,24979.58750310345,24705.9,273.68750310344694,1.1077819593839808
OECD ENV-Growth 2023,SSP3,Bangladesh,GDP|PPP [per capita],USD_2017/yr,2090,BGD,25587.77441266526,25299.1,288.67441266526293,1.141046174232534
OECD ENV-Growth 2023,SSP3,Bangladesh,GDP|PPP [per capita],USD_2017/yr,2095,BGD,26146.99524815208,25846.2,300.7952481520806,1.1637890604888943
OECD ENV-Growth 2023,SSP3,Bangladesh,GDP|PPP [per capita],USD_2017/yr,2100,BGD,26648.412267269683,26338,310.41226726968307,1.1785719009404019
OECD ENV-Growth 2023,SSP3,Barbados,GDP|PPP [per capita],USD_2017/yr,2025,BRB,16785.786320642885,16745.4,40.38632064288322,0.24117859616899695
OECD ENV-Growth 2023,SSP3,Barbados,GDP|PPP [per capita],USD_2017/yr,2030,BRB,18387.933363981876,18332.3,55.633363981876755,0.3034718174035814
OECD ENV-Growth 2023,SSP3,Barbados,GDP|PPP [per capita],USD_2017/yr,2035,BRB,19838.20000558052,19775,63.20000558051834,0.31959547701905605
OECD ENV-Growth 2023,SSP3,Barbados,GDP|PPP [per capita],USD_2017/yr,2040,BRB,21203.768755086567,21135,68.76875508656667,0.32537854311126885
OECD ENV-Growth 2023,SSP3,Barbados,GDP|PPP [per capita],USD_2017/yr,2045,BRB,22442.703689255464,22367.2,75.50368925546354,0.33756433194795743
OECD ENV-Growth 2023,SSP3,Barbados,GDP|PPP [per capita],USD_2017/yr,2050,BRB,23701.136562336073,23612.3,88.83656233607326,0.3762300256056092
OECD ENV-Growth 2023,SSP3,Barbados,GDP|PPP [per capita],USD_2017/yr,2055,BRB,24946.34820523434,24832.2,114.14820523433809,0.45967818088746903
OECD ENV-Growth 2023,SSP3,Barbados,GDP|PPP [per capita],USD_2017/yr,2060,BRB,26112.43679635022,25971.6,140.83679635022054,0.5422723141824937
OECD ENV-Growth 2023,SSP3,Barbados,GDP|PPP [per capita],USD_2017/yr,2065,BRB,27203.09732662083,27047.1,155.9973266208326,0.5767617475471774
OECD ENV-Growth 2023,SSP3,Barbados,GDP|PPP [per capita],USD_2017/yr,2070,BRB,28207.410431058637,28043.7,163.71043105863646,0.5837690142835519
OECD ENV-Growth 2023,SSP3,Barbados,GDP|PPP [per capita],USD_2017/yr,2075,BRB,29194.04540328579,29022.1,171.94540328579023,0.592463685556146
OECD ENV-Growth 2023,SSP3,Barbados,GDP|PPP [per capita],USD_2017/yr,2080,BRB,30179.91202943213,29994.4,185.51202943212775,0.6184888826985295
OECD ENV-Growth 2023,SSP3,Barbados,GDP|PPP [per capita],USD_2017/yr,2085,BRB,31175.081460579797,30970.8,204.28146057979757,0.6595937482396244
OECD ENV-Growth 2023,SSP3,Barbados,GDP|PPP [per capita],USD_2017/yr,2090,BRB,32141.78534674501,31919.6,222.1853467450128,0.6960781048165166
OECD ENV-Growth 2023,SSP3,Barbados,GDP|PPP [per capita],USD_2017/yr,2095,BRB,33078.507862577666,32843.6,234.9078625776674,0.7152317729410521
OECD ENV-Growth 2023,SSP3,Barbados,GDP|PPP [per capita],USD_2017/yr,2100,BRB,34015.10749564207,33774.5,240.60749564207072,0.7123939529588024
OECD ENV-Growth 2023,SSP3,Belarus,GDP|PPP [per capita],USD_2017/yr,2085,BLR,26226.94992613839,26196.4,30.5499261383884,0.11661879547719686
OECD ENV-Growth 2023,SSP3,Belarus,GDP|PPP [per capita],USD_2017/yr,2090,BLR,26640.934882673933,26598.7,42.23488267393259,0.15878551460760335
OECD ENV-Growth 2023,SSP3,Belarus,GDP|PPP [per capita],USD_2017/yr,2095,BLR,27119.386198592332,27069.1,50.286198592333676,0.18576974702643856
OECD ENV-Growth 2023,SSP3,Belarus,GDP|PPP [per capita],USD_2017/yr,2100,BLR,27607.67827635525,27556.3,51.37827635525173,0.18644838514333104
OECD ENV-Growth 2023,SSP3,Belize,GDP|PPP [per capita],USD_2017/yr,2045,BLZ,14149.078486218754,14132.7,16.378486218753096,0.11589070891445438
OECD ENV-Growth 2023,SSP3,Belize,GDP|PPP [per capita],USD_2017/yr,2050,BLZ,15253.374036555437,15220.9,32.474036555437124,0.21335161886246626
OECD ENV-Growth 2023,SSP3,Belize,GDP|PPP [per capita],USD_2017/yr,2055,BLZ,16382.30053254318,16334.7,47.600532543179725,0.2914074488247701
OECD ENV-Growth 2023,SSP3,Belize,GDP|PPP [per capita],USD_2017/yr,2060,BLZ,17542.698759461357,17481.4,61.298759461355075,0.35065131775118163
OECD ENV-Growth 2023,SSP3,Belize,GDP|PPP [per capita],USD_2017/yr,2065,BLZ,18778.691667775336,18704.7,73.99166777533537,0.3955779444489106
OECD ENV-Growth 2023,SSP3,Belize,GDP|PPP [per capita],USD_2017/yr,2070,BLZ,20059.899308504184,19973.3,86.59930850418459,0.4335753656340444
OECD ENV-Growth 2023,SSP3,Belize,GDP|PPP [per capita],USD_2017/yr,2075,BLZ,21401.992522509932,21298.8,103.19252250993304,0.484499232397755
OECD ENV-Growth 2023,SSP3,Belize,GDP|PPP [per capita],USD_2017/yr,2080,BLZ,22763.80673802467,22641.4,122.40673802466699,0.5406323726654138
OECD ENV-Growth 2023,SSP3,Belize,GDP|PPP [per capita],USD_2017/yr,2085,BLZ,24145.802195826356,24001.9,143.90219582635473,0.5995450186291699
OECD ENV-Growth 2023,SSP3,Belize,GDP|PPP [per capita],USD_2017/yr,2090,BLZ,25552.412211434144,25389.1,163.31221143414587,0.6432374973281678
OECD ENV-Growth 2023,SSP3,Belize,GDP|PPP [per capita],USD_2017/yr,2095,BLZ,27007.469874015595,26825.7,181.7698740155938,0.677596014328028
OECD ENV-Growth 2023,SSP3,Belize,GDP|PPP [per capita],USD_2017/yr,2100,BLZ,28533.92818177755,28335.1,198.82818177755325,0.7017027706891921
OECD ENV-Growth 2023,SSP3,Benin,GDP|PPP [per capita],USD_2017/yr,2025,BEN,3816.525169187856,3790.34,26.18516918785599,0.6908395866295897
OECD ENV-Growth 2023,SSP3,Benin,GDP|PPP [per capita],USD_2017/yr,2030,BEN,4494.061831225388,4467.94,26.121831225388632,0.5846504479780085
OECD ENV-Growth 2023,SSP3,Benin,GDP|PPP [per capita],USD_2017/yr,2035,BEN,5301.633774500592,5276.76,24.873774500591935,0.47138347206603926
OECD ENV-Growth 2023,SSP3,Benin,GDP|PPP [per capita],USD_2017/yr,2040,BEN,6002.772245768189,5978.12,24.65224576818946,0.4123745553483279
OECD ENV-Growth 2023,SSP3,Benin,GDP|PPP [per capita],USD_2017/yr,2045,BEN,6649.638986067842,6619.72,29.918986067841615,0.451967546479936
OECD ENV-Growth 2023,SSP3,Benin,GDP|PPP [per capita],USD_2017/yr,2050,BEN,7289.269213598123,7248.4,40.86921359812368,0.5638377241615209
OECD ENV-Growth 2023,SSP3,Benin,GDP|PPP [per capita],USD_2017/yr,2055,BEN,7953.508404442993,7902.87,50.638404442993306,0.6407596789899531
OECD ENV-Growth 2023,SSP3,Benin,GDP|PPP [per capita],USD_2017/yr,2060,BEN,8645.322820707392,8590.76,54.56282070739144,0.635133803148865
OECD ENV-Growth 2023,SSP3,Benin,GDP|PPP [per capita],USD_2017/yr,2065,BEN,9367.557108179531,9311.85,55.70710817953113,0.5982388910853497
OECD ENV-Growth 2023,SSP3,Benin,GDP|PPP [per capita],USD_2017/yr,2070,BEN,10143.744930304612,10085,58.74493030461235,0.5824980694557497
OECD ENV-Growth 2023,SSP3,Benin,GDP|PPP [per capita],USD_2017/yr,2075,BEN,10975.370990979218,10910,65.37099097921782,0.5991841519634997
OECD ENV-Growth 2023,SSP3,Benin,GDP|PPP [per capita],USD_2017/yr,2080,BEN,11891.20328517514,11817.4,73.80328517513954,0.6245306512019526
OECD ENV-Growth 2023,SSP3,Benin,GDP|PPP [per capita],USD_2017/yr,2085,BEN,12868.606581757307,12787.4,81.2065817573075,0.6350515488473615
OECD ENV-Growth 2023,SSP3,Benin,GDP|PPP [per capita],USD_2017/yr,2090,BEN,13926.857977061643,13840.8,86.05797706164412,0.6217702521649336
OECD ENV-Growth 2023,SSP3,Benin,GDP|PPP [per capita],USD_2017/yr,2095,BEN,15031.355691287858,14942.4,88.95569128785792,0.5953239860253903
OECD ENV-Growth 2023,SSP3,Benin,GDP|PPP [per capita],USD_2017/yr,2100,BEN,16174.810937310627,16083.1,91.71093731062683,0.5702317172101574
OECD ENV-Growth 2023,SSP3,Bhutan,GDP|PPP [per capita],USD_2017/yr,2025,BTN,12103.218576385409,12075.7,27.51857638540787,0.22788390226163177
OECD ENV-Growth 2023,SSP3,Bhutan,GDP|PPP [per capita],USD_2017/yr,2030,BTN,14142.338306109532,14106,36.33830610953191,0.2576088622538772
OECD ENV-Growth 2023,SSP3,Bhutan,GDP|PPP [per capita],USD_2017/yr,2035,BTN,15816.388766385502,15771,45.388766385502095,0.2877989118350269
OECD ENV-Growth 2023,SSP3,Bhutan,GDP|PPP [per capita],USD_2017/yr,2040,BTN,17090.41291260405,17036.9,53.512912604048324,0.3141000569590026
OECD ENV-Growth 2023,SSP3,Bhutan,GDP|PPP [per capita],USD_2017/yr,2045,BTN,18137.557083393705,18069.8,67.75708339370613,0.3749741745548159
OECD ENV-Growth 2023,SSP3,Bhutan,GDP|PPP [per capita],USD_2017/yr,2050,BTN,19145.32785007484,19053.1,92.22785007483981,0.4840569255125928
OECD ENV-Growth 2023,SSP3,Bhutan,GDP|PPP [per capita],USD_2017/yr,2055,BTN,20197.399189213767,20072.9,124.49918921376593,0.6202351888056331
OECD ENV-Growth 2023,SSP3,Bhutan,GDP|PPP [per capita],USD_2017/yr,2060,BTN,21223.24627242398,21068,155.24627242398128,0.7368818702486296
OECD ENV-Growth 2023,SSP3,Bhutan,GDP|PPP [per capita],USD_2017/yr,2065,BTN,22218.289770576823,22037.2,181.08977057682205,0.8217458233206671
OECD ENV-Growth 2023,SSP3,Bhutan,GDP|PPP [per capita],USD_2017/yr,2070,BTN,23083.528034743493,22874.4,209.1280347434913,0.9142448971054598
OECD ENV-Growth 2023,SSP3,Bhutan,GDP|PPP [per capita],USD_2017/yr,2075,BTN,23844.541677390916,23595.8,248.74167739091718,1.0541777663436593
OECD ENV-Growth 2023,SSP3,Bhutan,GDP|PPP [per capita],USD_2017/yr,2080,BTN,24498.095963442494,24202.3,295.7959634424951,1.222181211878603
OECD ENV-Growth 2023,SSP3,Bhutan,GDP|PPP [per capita],USD_2017/yr,2085,BTN,25020.042654113404,24672.3,347.74265411340457,1.4094456297686253
OECD ENV-Growth 2023,SSP3,Bhutan,GDP|PPP [per capita],USD_2017/yr,2090,BTN,25444.723489812142,25044.8,399.9234898121431,1.596832435524113
OECD ENV-Growth 2023,SSP3,Bhutan,GDP|PPP [per capita],USD_2017/yr,2095,BTN,25794.5732371283,25345.3,449.27323712830184,1.7726096638363005
OECD ENV-Growth 2023,SSP3,Bhutan,GDP|PPP [per capita],USD_2017/yr,2100,BTN,26100.547700071504,25604.7,495.8477000715029,1.9365495400121966
OECD ENV-Growth 2023,SSP3,Bolivia,GDP|PPP [per capita],USD_2017/yr,2025,BOL,8438.451459292519,8385.64,52.81145929251943,0.6297844802843842
OECD ENV-Growth 2023,SSP3,Bolivia,GDP|PPP [per capita],USD_2017/yr,2030,BOL,8792.455077837545,8735.08,57.37507783754518,0.6568351730899451
OECD ENV-Growth 2023,SSP3,Bolivia,GDP|PPP [per capita],USD_2017/yr,2035,BOL,9344.799212661945,9285.77,59.02921266194426,0.6356953991100819
OECD ENV-Growth 2023,SSP3,Bolivia,GDP|PPP [per capita],USD_2017/yr,2040,BOL,10083.971332646544,10019.2,64.77133264654367,0.6464721000333726
OECD ENV-Growth 2023,SSP3,Bolivia,GDP|PPP [per capita],USD_2017/yr,2045,BOL,10875.547460819567,10799.2,76.34746081956655,0.706973301907239
OECD ENV-Growth 2023,SSP3,Bolivia,GDP|PPP [per capita],USD_2017/yr,2050,BOL,11740.783612151774,11649.5,91.28361215177392,0.7835839491117552
OECD ENV-Growth 2023,SSP3,Bolivia,GDP|PPP [per capita],USD_2017/yr,2055,BOL,12660.78287564869,12552.3,108.48287564869133,0.8642469957592739
OECD ENV-Growth 2023,SSP3,Bolivia,GDP|PPP [per capita],USD_2017/yr,2060,BOL,13563.3735593006,13437.7,125.67355930059966,0.9352311727497984
OECD ENV-Growth 2023,SSP3,Bolivia,GDP|PPP [per capita],USD_2017/yr,2065,BOL,14412.29535428856,14273.7,138.59535428855997,0.9709840776292059
OECD ENV-Growth 2023,SSP3,Bolivia,GDP|PPP [per capita],USD_2017/yr,2070,BOL,15182.482718132896,15033.6,148.88271813289612,0.9903331080572592
OECD ENV-Growth 2023,SSP3,Bolivia,GDP|PPP [per capita],USD_2017/yr,2075,BOL,15904.130211388896,15743.8,160.33021138889671,1.0183704784670582
OECD ENV-Growth 2023,SSP3,Bolivia,GDP|PPP [per capita],USD_2017/yr,2080,BOL,16614.154624861883,16440.1,174.0546248618848,1.058719988697665
OECD ENV-Growth 2023,SSP3,Bolivia,GDP|PPP [per capita],USD_2017/yr,2085,BOL,17318.120043637075,17129.9,188.2200436370731,1.0987807496662159
OECD ENV-Growth 2023,SSP3,Bolivia,GDP|PPP [per capita],USD_2017/yr,2090,BOL,18005.58103283902,17804.7,200.88103283902092,1.1282472203351976
OECD ENV-Growth 2023,SSP3,Bolivia,GDP|PPP [per capita],USD_2017/yr,2095,BOL,18654.93893895676,18444.8,210.13893895675938,1.139285538237115
OECD ENV-Growth 2023,SSP3,Bolivia,GDP|PPP [per capita],USD_2017/yr,2100,BOL,19271.785052749387,19056,215.78505274938652,1.1323732826898958
OECD ENV-Growth 2023,SSP3,Bosnia and Herzegovina,GDP|PPP [per capita],USD_2017/yr,2025,BIH,18528.109624454763,18277.8,250.30962445476325,1.3694734839792713
OECD ENV-Growth 2023,SSP3,Bosnia and Herzegovina,GDP|PPP [per capita],USD_2017/yr,2030,BIH,22044.955319577304,21723.3,321.6553195773049,1.4806927104873795
OECD ENV-Growth 2023,SSP3,Bosnia and Herzegovina,GDP|PPP [per capita],USD_2017/yr,2035,BIH,24950.1607022372,24559.3,390.8607022372016,1.591497730949993
OECD ENV-Growth 2023,SSP3,Bosnia and Herzegovina,GDP|PPP [per capita],USD_2017/yr,2040,BIH,26920.59160415425,26478,442.5916041542514,1.6715446942905485
OECD ENV-Growth 2023,SSP3,Bosnia and Herzegovina,GDP|PPP [per capita],USD_2017/yr,2045,BIH,28373.29664919549,27897.2,476.0966491954896,1.706610875627266
OECD ENV-Growth 2023,SSP3,Bosnia and Herzegovina,GDP|PPP [per capita],USD_2017/yr,2050,BIH,29580.486102470124,29073.3,507.18610247012475,1.7445081998607823
OECD ENV-Growth 2023,SSP3,Bosnia and Herzegovina,GDP|PPP [per capita],USD_2017/yr,2055,BIH,30627.035015301753,30077,550.0350153017534,1.8287562433146707
OECD ENV-Growth 2023,SSP3,Bosnia and Herzegovina,GDP|PPP [per capita],USD_2017/yr,2060,BIH,31520.29438019293,30925.8,594.4943801929294,1.9223249849411477
OECD ENV-Growth 2023,SSP3,Bosnia and Herzegovina,GDP|PPP [per capita],USD_2017/yr,2065,BIH,32251.554266747054,31626.5,625.0542667470545,1.9763624389263892
OECD ENV-Growth 2023,SSP3,Bosnia and Herzegovina,GDP|PPP [per capita],USD_2017/yr,2070,BIH,32707.546316731336,32072,635.5463167313355,1.9816235867153142
OECD ENV-Growth 2023,SSP3,Bosnia and Herzegovina,GDP|PPP [per capita],USD_2017/yr,2075,BIH,33010.04202393894,32376.1,633.9420239389437,1.958055553136245
OECD ENV-Growth 2023,SSP3,Bosnia and Herzegovina,GDP|PPP [per capita],USD_2017/yr,2080,BIH,33154.812009128764,32527.1,627.7120091287652,1.9298123999027434
OECD ENV-Growth 2023,SSP3,Bosnia and Herzegovina,GDP|PPP [per capita],USD_2017/yr,2085,BIH,33183.28419721981,32557,626.2841972198075,1.923654505082801
OECD ENV-Growth 2023,SSP3,Bosnia and Herzegovina,GDP|PPP [per capita],USD_2017/yr,2090,BIH,33129.805616492726,32498.1,631.7056164927271,1.9438232281048036
OECD ENV-Growth 2023,SSP3,Bosnia and Herzegovina,GDP|PPP [per capita],USD_2017/yr,2095,BIH,33026.5508888022,32388,638.5508888022014,1.9715662862856655
OECD ENV-Growth 2023,SSP3,Bosnia and Herzegovina,GDP|PPP [per capita],USD_2017/yr,2100,BIH,32903.72105114796,32261.1,642.6210511479585,1.9919378172100721
OECD ENV-Growth 2023,SSP3,Botswana,GDP|PPP [per capita],USD_2017/yr,2050,BWA,25419.1111701922,25372,47.11117019219819,0.1856817365292377
OECD ENV-Growth 2023,SSP3,Botswana,GDP|PPP [per capita],USD_2017/yr,2055,BWA,26628.543758211938,26546.8,81.74375821193826,0.3079232081152465
OECD ENV-Growth 2023,SSP3,Botswana,GDP|PPP [per capita],USD_2017/yr,2060,BWA,27747.06265660793,27642.6,104.46265660793142,0.3779045987278021
OECD ENV-Growth 2023,SSP3,Botswana,GDP|PPP [per capita],USD_2017/yr,2065,BWA,28723.63736757211,28602.8,120.83736757211227,0.42246691782661927
OECD ENV-Growth 2023,SSP3,Botswana,GDP|PPP [per capita],USD_2017/yr,2070,BWA,29563.73797325078,29426.2,137.53797325077903,0.4673997092753363
OECD ENV-Growth 2023,SSP3,Botswana,GDP|PPP [per capita],USD_2017/yr,2075,BWA,30348.36591247242,30191.3,157.0659124724225,0.5202356721056148
OECD ENV-Growth 2023,SSP3,Botswana,GDP|PPP [per capita],USD_2017/yr,2080,BWA,31142.16512462106,30964.6,177.56512462106184,0.5734455624198661
OECD ENV-Growth 2023,SSP3,Botswana,GDP|PPP [per capita],USD_2017/yr,2085,BWA,31917.846239245075,31724.6,193.24623924507614,0.6091368819309815
OECD ENV-Growth 2023,SSP3,Botswana,GDP|PPP [per capita],USD_2017/yr,2090,BWA,32684.203356849936,32482.1,202.10335684993697,0.6221991707738631
OECD ENV-Growth 2023,SSP3,Botswana,GDP|PPP [per capita],USD_2017/yr,2095,BWA,33386.210528245436,33180.7,205.51052824543876,0.6193676692940137
OECD ENV-Growth 2023,SSP3,Botswana,GDP|PPP [per capita],USD_2017/yr,2100,BWA,34055.84014144998,33848.8,207.04014144997927,0.6116616880066037
OECD ENV-Growth 2023,SSP3,Brazil,GDP|PPP [per capita],USD_2017/yr,2025,BRA,15674.045386842614,15637.1,36.945386842613516,0.2362675102328022
OECD ENV-Growth 2023,SSP3,Brazil,GDP|PPP [per capita],USD_2017/yr,2030,BRA,16603.260772218033,16553.7,49.56077221803207,0.299393925334107
OECD ENV-Growth 2023,SSP3,Brazil,GDP|PPP [per capita],USD_2017/yr,2035,BRA,18268.7845281246,18211.7,57.08452812460018,0.3134497500211413
OECD ENV-Growth 2023,SSP3,Brazil,GDP|PPP [per capita],USD_2017/yr,2040,BRA,20299.154790008935,20233.4,65.75479000893392,0.32498141690933763
OECD ENV-Growth 2023,SSP3,Brazil,GDP|PPP [per capita],USD_2017/yr,2045,BRA,22587.62624408385,22494.3,93.32624408385163,0.4148884121037403
OECD ENV-Growth 2023,SSP3,Brazil,GDP|PPP [per capita],USD_2017/yr,2050,BRA,25039.72067973898,24917.9,121.82067973897938,0.4888882278963291
OECD ENV-Growth 2023,SSP3,Brazil,GDP|PPP [per capita],USD_2017/yr,2055,BRA,27583.053007916405,27418.1,164.95300791640693,0.601620855990776
OECD ENV-Growth 2023,SSP3,Brazil,GDP|PPP [per capita],USD_2017/yr,2060,BRA,30066.183079584705,29852.7,213.48307958470468,0.7151215119058064
OECD ENV-Growth 2023,SSP3,Brazil,GDP|PPP [per capita],USD_2017/yr,2065,BRA,32503.672444009368,32247.5,256.1724440093676,0.7943947407066211
OECD ENV-Growth 2023,SSP3,Brazil,GDP|PPP [per capita],USD_2017/yr,2070,BRA,34831.12509220579,34538.7,292.42509220579086,0.846659232124518
OECD ENV-Growth 2023,SSP3,Brazil,GDP|PPP [per capita],USD_2017/yr,2075,BRA,37112.78820271861,36781,331.7882027186133,0.9020641165781609
OECD ENV-Growth 2023,SSP3,Brazil,GDP|PPP [per capita],USD_2017/yr,2080,BRA,39328.660805412066,38951.2,377.460805412069,0.969060787375149
OECD ENV-Growth 2023,SSP3,Brazil,GDP|PPP [per capita],USD_2017/yr,2085,BRA,41495.7372336891,41067.6,428.13723368909996,1.0425182715549484
OECD ENV-Growth 2023,SSP3,Brazil,GDP|PPP [per capita],USD_2017/yr,2090,BRA,43605.84365498396,43127.2,478.64365498396364,1.1098417123856028
OECD ENV-Growth 2023,SSP3,Brazil,GDP|PPP [per capita],USD_2017/yr,2095,BRA,45653.62122698504,45134.3,519.3212269850337,1.1506132298164227
OECD ENV-Growth 2023,SSP3,Brazil,GDP|PPP [per capita],USD_2017/yr,2100,BRA,47654.36543512158,47106.6,547.7654351215824,1.162820995617562
OECD ENV-Growth 2023,SSP3,Brunei Darussalam,GDP|PPP [per capita],USD_2017/yr,2025,BRN,60299.41767855943,60237.5,61.917678559431806,0.10278925679092228
OECD ENV-Growth 2023,SSP3,Brunei Darussalam,GDP|PPP [per capita],USD_2017/yr,2030,BRN,67169.39232940396,67089.7,79.69232940395887,0.1187847455033468
OECD ENV-Growth 2023,SSP3,Brunei Darussalam,GDP|PPP [per capita],USD_2017/yr,2035,BRN,71674.25422307415,71597.3,76.95422307414992,0.10748201828022833
OECD ENV-Growth 2023,SSP3,Brunei Darussalam,GDP|PPP [per capita],USD_2017/yr,2045,BRN,73822.11615075578,73740.7,81.41615075578738,0.11040870341044685
OECD ENV-Growth 2023,SSP3,Brunei Darussalam,GDP|PPP [per capita],USD_2017/yr,2050,BRN,73678.83107391512,73560.7,118.13107391512312,0.16058992629912866
OECD ENV-Growth 2023,SSP3,Brunei Darussalam,GDP|PPP [per capita],USD_2017/yr,2055,BRN,73202.05387096426,73010.2,191.85387096425984,0.26277680510977897
OECD ENV-Growth 2023,SSP3,Brunei Darussalam,GDP|PPP [per capita],USD_2017/yr,2060,BRN,72357.78394154906,72109.6,248.183941549054,0.3441760064527524
OECD ENV-Growth 2023,SSP3,Brunei Darussalam,GDP|PPP [per capita],USD_2017/yr,2065,BRN,71245.79007371179,70986.5,259.29007371178886,0.36526673904445056
OECD ENV-Growth 2023,SSP3,Brunei Darussalam,GDP|PPP [per capita],USD_2017/yr,2070,BRN,69552.82413779508,69301.9,250.92413779508206,0.36207396593034546
OECD ENV-Growth 2023,SSP3,Brunei Darussalam,GDP|PPP [per capita],USD_2017/yr,2075,BRN,67665.02645993873,67411.4,253.62645993873593,0.3762367491829809
OECD ENV-Growth 2023,SSP3,Brunei Darussalam,GDP|PPP [per capita],USD_2017/yr,2080,BRN,65685.96321780226,65411.2,274.76321780226135,0.4200553082687084
OECD ENV-Growth 2023,SSP3,Brunei Darussalam,GDP|PPP [per capita],USD_2017/yr,2085,BRN,63742.81062595621,63431.9,310.9106259562104,0.49014868852456006
OECD ENV-Growth 2023,SSP3,Brunei Darussalam,GDP|PPP [per capita],USD_2017/yr,2090,BRN,61900.61702076322,61555.5,345.1170207632167,0.5606599260232095
OECD ENV-Growth 2023,SSP3,Brunei Darussalam,GDP|PPP [per capita],USD_2017/yr,2095,BRN,60173.53023901088,59808.3,365.23023901087436,0.6106681497565962
OECD ENV-Growth 2023,SSP3,Brunei Darussalam,GDP|PPP [per capita],USD_2017/yr,2100,BRN,58577.27288934085,58209.9,367.3728893408479,0.6311175407290648
OECD ENV-Growth 2023,SSP3,Burkina Faso,GDP|PPP [per capita],USD_2017/yr,2025,BFA,2391.6782965378,2372.76,18.91829653779996,0.7973118451845093
OECD ENV-Growth 2023,SSP3,Burkina Faso,GDP|PPP [per capita],USD_2017/yr,2030,BFA,2773.2412349579304,2753.97,19.271234957930574,0.6997619784504033
OECD ENV-Growth 2023,SSP3,Burkina Faso,GDP|PPP [per capita],USD_2017/yr,2035,BFA,3306.4780121567233,3287.1,19.378012156723344,0.5895169650063382
OECD ENV-Growth 2023,SSP3,Burkina Faso,GDP|PPP [per capita],USD_2017/yr,2040,BFA,3777.8061241416735,3757.81,19.99612414167359,0.5321217448906036
OECD ENV-Growth 2023,SSP3,Burkina Faso,GDP|PPP [per capita],USD_2017/yr,2045,BFA,4231.898755314561,4208.22,23.678755314560476,0.5626786459491299
OECD ENV-Growth 2023,SSP3,Burkina Faso,GDP|PPP [per capita],USD_2017/yr,2050,BFA,4699.45272735881,4669.34,30.112727358809934,0.644903291660276
OECD ENV-Growth 2023,SSP3,Burkina Faso,GDP|PPP [per capita],USD_2017/yr,2055,BFA,5204.326604829643,5167.9,36.42660482964311,0.7048628036464156
OECD ENV-Growth 2023,SSP3,Burkina Faso,GDP|PPP [per capita],USD_2017/yr,2060,BFA,5721.9201134608265,5681.13,40.79011346082643,0.7179929602178868
OECD ENV-Growth 2023,SSP3,Burkina Faso,GDP|PPP [per capita],USD_2017/yr,2065,BFA,6253.548150492129,6209.68,43.868150492128734,0.7064478442066053
OECD ENV-Growth 2023,SSP3,Burkina Faso,GDP|PPP [per capita],USD_2017/yr,2070,BFA,6775.718642396377,6728.64,47.07864239637638,0.6996754529351604
OECD ENV-Growth 2023,SSP3,Burkina Faso,GDP|PPP [per capita],USD_2017/yr,2075,BFA,7304.796468520006,7253.13,51.666468520005765,0.7123334135746328
OECD ENV-Growth 2023,SSP3,Burkina Faso,GDP|PPP [per capita],USD_2017/yr,2080,BFA,7841.345264980094,7784.2,57.145264980094,0.7341186631907454
OECD ENV-Growth 2023,SSP3,Burkina Faso,GDP|PPP [per capita],USD_2017/yr,2085,BFA,8396.082050317593,8333.62,62.462050317592,0.7495188203636834
OECD ENV-Growth 2023,SSP3,Burkina Faso,GDP|PPP [per capita],USD_2017/yr,2090,BFA,8969.971147703009,8903.02,66.95114770300825,0.7520049118502289
OECD ENV-Growth 2023,SSP3,Burkina Faso,GDP|PPP [per capita],USD_2017/yr,2095,BFA,9543.645481738533,9473.17,70.47548173853284,0.7439482426530172
OECD ENV-Growth 2023,SSP3,Burkina Faso,GDP|PPP [per capita],USD_2017/yr,2100,BFA,10094.337847216946,10021,73.3378472169461,0.7318416047993823
OECD ENV-Growth 2023,SSP3,Burundi,GDP|PPP [per capita],USD_2017/yr,2025,BDI,774.4952373124311,767.735,6.760237312431059,0.880543066609059
OECD ENV-Growth 2023,SSP3,Burundi,GDP|PPP [per capita],USD_2017/yr,2030,BDI,897.6642250054301,891.337,6.327225005430137,0.7098577760633897
OECD ENV-Growth 2023,SSP3,Burundi,GDP|PPP [per capita],USD_2017/yr,2035,BDI,1032.8745614625304,1027.36,5.514561462530537,0.5367701158825083
OECD ENV-Growth 2023,SSP3,Burundi,GDP|PPP [per capita],USD_2017/yr,2040,BDI,1157.5436834729812,1152.96,4.583683472981193,0.3975578921195178
OECD ENV-Growth 2023,SSP3,Burundi,GDP|PPP [per capita],USD_2017/yr,2045,BDI,1273.2387619175242,1269.14,4.098761917524143,0.3229558533750526
OECD ENV-Growth 2023,SSP3,Burundi,GDP|PPP [per capita],USD_2017/yr,2050,BDI,1392.0988235880282,1388.24,3.8588235880281445,0.2779651636624895
OECD ENV-Growth 2023,SSP3,Burundi,GDP|PPP [per capita],USD_2017/yr,2055,BDI,1520.7534286588186,1517.76,2.9934286588186296,0.19722674591626013
OECD ENV-Growth 2023,SSP3,Cabo Verde,GDP|PPP [per capita],USD_2017/yr,2025,CPV,8393.609761311594,8320.32,73.2897613115947,0.8808526752768489
OECD ENV-Growth 2023,SSP3,Cabo Verde,GDP|PPP [per capita],USD_2017/yr,2030,CPV,10023.52893482064,9932.19,91.33893482064013,0.919625327552535
OECD ENV-Growth 2023,SSP3,Cabo Verde,GDP|PPP [per capita],USD_2017/yr,2035,CPV,11554.878321120286,11446.8,108.078321120287,0.9441793437492314
OECD ENV-Growth 2023,SSP3,Cabo Verde,GDP|PPP [per capita],USD_2017/yr,2040,CPV,12691.949251871038,12569.6,122.34925187103727,0.9733742670493672
OECD ENV-Growth 2023,SSP3,Cabo Verde,GDP|PPP [per capita],USD_2017/yr,2045,CPV,13566.862069108573,13428,138.86206910857254,1.0341232432869567
OECD ENV-Growth 2023,SSP3,Cabo Verde,GDP|PPP [per capita],USD_2017/yr,2050,CPV,14302.710559608086,14144.2,158.5105596080848,1.1206753270463143
OECD ENV-Growth 2023,SSP3,Cabo Verde,GDP|PPP [per capita],USD_2017/yr,2055,CPV,15007.593484080026,14829.3,178.29348408002625,1.2023054633733639
OECD ENV-Growth 2023,SSP3,Cabo Verde,GDP|PPP [per capita],USD_2017/yr,2060,CPV,15691.69649072731,15497.4,194.2964907273108,1.2537360507395485
OECD ENV-Growth 2023,SSP3,Cabo Verde,GDP|PPP [per capita],USD_2017/yr,2065,CPV,16416.372090182394,16206.8,209.5720901823952,1.293112089878293
OECD ENV-Growth 2023,SSP3,Cabo Verde,GDP|PPP [per capita],USD_2017/yr,2070,CPV,17133.946191952957,16909,224.94619195295672,1.3303340939911095
OECD ENV-Growth 2023,SSP3,Cabo Verde,GDP|PPP [per capita],USD_2017/yr,2075,CPV,17823.24451575175,17583.1,240.1445157517519,1.3657689244317095
OECD ENV-Growth 2023,SSP3,Cabo Verde,GDP|PPP [per capita],USD_2017/yr,2080,CPV,18446.92058195724,18191.7,255.22058195724094,1.4029506970609724
OECD ENV-Growth 2023,SSP3,Cabo Verde,GDP|PPP [per capita],USD_2017/yr,2085,CPV,19019.683300191697,18751.5,268.1833001916966,1.4301965186342245
OECD ENV-Growth 2023,SSP3,Cabo Verde,GDP|PPP [per capita],USD_2017/yr,2090,CPV,19561.206037568736,19281.6,279.6060375687375,1.4501184422907722
OECD ENV-Growth 2023,SSP3,Cabo Verde,GDP|PPP [per capita],USD_2017/yr,2095,CPV,20093.15337351427,19803.7,289.4533735142686,1.4616125951931638
OECD ENV-Growth 2023,SSP3,Cabo Verde,GDP|PPP [per capita],USD_2017/yr,2100,CPV,20624.099484590915,20325.4,298.6994845909139,1.4695872385828268
OECD ENV-Growth 2023,SSP3,Cambodia,GDP|PPP [per capita],USD_2017/yr,2025,KHM,5241.763271653302,5215.51,26.253271653301454,0.5033692132370843
OECD ENV-Growth 2023,SSP3,Cambodia,GDP|PPP [per capita],USD_2017/yr,2030,KHM,6712.946460592084,6679.93,33.016460592083604,0.49426357150574335
OECD ENV-Growth 2023,SSP3,Cambodia,GDP|PPP [per capita],USD_2017/yr,2035,KHM,8299.377090464188,8260.4,38.97709046418822,0.47185475841591484
OECD ENV-Growth 2023,SSP3,Cambodia,GDP|PPP [per capita],USD_2017/yr,2040,KHM,9822.805817016966,9776.53,46.27581701696545,0.4733358054132238
OECD ENV-Growth 2023,SSP3,Cambodia,GDP|PPP [per capita],USD_2017/yr,2045,KHM,11331.27837110299,11269.8,61.47837110299042,0.5455143046282137
OECD ENV-Growth 2023,SSP3,Cambodia,GDP|PPP [per capita],USD_2017/yr,2050,KHM,12918.598318746705,12835.8,82.79831874670526,0.6450577193996889
OECD ENV-Growth 2023,SSP3,Cambodia,GDP|PPP [per capita],USD_2017/yr,2055,KHM,14559.51921033214,14458.1,101.41921033214021,0.7014698358161875
OECD ENV-Growth 2023,SSP3,Cambodia,GDP|PPP [per capita],USD_2017/yr,2060,KHM,16333.467508277285,16217.4,116.06750827728501,0.7156973884672329
OECD ENV-Growth 2023,SSP3,Cambodia,GDP|PPP [per capita],USD_2017/yr,2065,KHM,18201.355748004873,18069.8,131.55574800487375,0.728042081289631
OECD ENV-Growth 2023,SSP3,Cambodia,GDP|PPP [per capita],USD_2017/yr,2070,KHM,20077.12112347885,19924.5,152.62112347884977,0.7659972570395732
OECD ENV-Growth 2023,SSP3,Cambodia,GDP|PPP [per capita],USD_2017/yr,2075,KHM,21961.0615242027,21783.5,177.56152420270155,0.815119352733498
OECD ENV-Growth 2023,SSP3,Cambodia,GDP|PPP [per capita],USD_2017/yr,2080,KHM,23829.342104227424,23628.3,201.04210422742472,0.8508530204349222
OECD ENV-Growth 2023,SSP3,Cambodia,GDP|PPP [per capita],USD_2017/yr,2085,KHM,25678.844634372213,25458.3,220.5446343722142,0.8662975704277749
OECD ENV-Growth 2023,SSP3,Cambodia,GDP|PPP [per capita],USD_2017/yr,2090,KHM,27529.86025383056,27292.7,237.16025383055967,0.8689512354239766
OECD ENV-Growth 2023,SSP3,Cambodia,GDP|PPP [per capita],USD_2017/yr,2095,KHM,29419.409278450607,29166.1,253.30927845060796,0.8685058285153242
OECD ENV-Growth 2023,SSP3,Cambodia,GDP|PPP [per capita],USD_2017/yr,2100,KHM,31364.225776586685,31096.2,268.0257765866845,0.861924532858306
OECD ENV-Growth 2023,SSP3,Cameroon,GDP|PPP [per capita],USD_2017/yr,2025,CMR,4000.0814180045927,3988.69,11.391418004592651,0.2855929642211516
OECD ENV-Growth 2023,SSP3,Cameroon,GDP|PPP [per capita],USD_2017/yr,2030,CMR,4493.940262322582,4482.03,11.91026232258264,0.2657336591362093
OECD ENV-Growth 2023,SSP3,Cameroon,GDP|PPP [per capita],USD_2017/yr,2035,CMR,5139.203863371222,5128.32,10.883863371222105,0.21223058177379933
OECD ENV-Growth 2023,SSP3,Cameroon,GDP|PPP [per capita],USD_2017/yr,2040,CMR,5750.831358148516,5739.42,11.411358148516229,0.1988242391829876
OECD ENV-Growth 2023,SSP3,Cameroon,GDP|PPP [per capita],USD_2017/yr,2045,CMR,6341.6229785196765,6325.99,15.632978519676726,0.2471230355988031
OECD ENV-Growth 2023,SSP3,Cameroon,GDP|PPP [per capita],USD_2017/yr,2050,CMR,6949.01630983147,6928.14,20.87630983146937,0.30132632757809985
OECD ENV-Growth 2023,SSP3,Cameroon,GDP|PPP [per capita],USD_2017/yr,2055,CMR,7592.1593182044435,7566.99,25.169318204443698,0.3326199480168957
OECD ENV-Growth 2023,SSP3,Cameroon,GDP|PPP [per capita],USD_2017/yr,2060,CMR,8276.193679614007,8248.35,27.84367961400676,0.33756666016847925
OECD ENV-Growth 2023,SSP3,Cameroon,GDP|PPP [per capita],USD_2017/yr,2065,CMR,9007.385091310376,8976.85,30.53509131037572,0.34015374335513815
OECD ENV-Growth 2023,SSP3,Cameroon,GDP|PPP [per capita],USD_2017/yr,2070,CMR,9774.111280321087,9742.68,31.431280321086888,0.32261431475822755
OECD ENV-Growth 2023,SSP3,Cameroon,GDP|PPP [per capita],USD_2017/yr,2075,CMR,10621.105390506042,10588,33.10539050604166,0.31266896964527446
OECD ENV-Growth 2023,SSP3,Cameroon,GDP|PPP [per capita],USD_2017/yr,2080,CMR,11534.13364093781,11499,35.133640937809105,0.3055364895887391
OECD ENV-Growth 2023,SSP3,Cameroon,GDP|PPP [per capita],USD_2017/yr,2085,CMR,12528.575496437898,12491.4,37.17549643789789,0.2976087263068823
OECD ENV-Growth 2023,SSP3,Cameroon,GDP|PPP [per capita],USD_2017/yr,2090,CMR,13581.855212785227,13544,37.855212785227195,0.27949802706163024
OECD ENV-Growth 2023,SSP3,Cameroon,GDP|PPP [per capita],USD_2017/yr,2095,CMR,14688.085554315188,14651.3,36.785554315189074,0.2510736543186548
OECD ENV-Growth 2023,SSP3,Cameroon,GDP|PPP [per capita],USD_2017/yr,2100,CMR,15840.697646899602,15806.8,33.89764689960248,0.2144497741453202
OECD ENV-Growth 2023,SSP3,Central African Republic,GDP|PPP [per capita],USD_2017/yr,2025,CAF,808.4500507799788,802.998,5.4520507799787765,0.678961937636056
OECD ENV-Growth 2023,SSP3,Central African Republic,GDP|PPP [per capita],USD_2017/yr,2030,CAF,855.7277925645413,850.71,5.01779256454131,0.589835850588486
OECD ENV-Growth 2023,SSP3,Central African Republic,GDP|PPP [per capita],USD_2017/yr,2035,CAF,976.6136619268896,972.06,4.5536619268896175,0.4684548203701024
OECD ENV-Growth 2023,SSP3,Central African Republic,GDP|PPP [per capita],USD_2017/yr,2040,CAF,1104.2778262861332,1099.52,4.757826286133195,0.43271848498737586
OECD ENV-Growth 2023,SSP3,Central African Republic,GDP|PPP [per capita],USD_2017/yr,2045,CAF,1245.0834881996736,1238.84,6.24348819967372,0.5039785767067354
OECD ENV-Growth 2023,SSP3,Central African Republic,GDP|PPP [per capita],USD_2017/yr,2050,CAF,1401.3722540173612,1393.49,7.88225401736122,0.56564840920001
OECD ENV-Growth 2023,SSP3,Central African Republic,GDP|PPP [per capita],USD_2017/yr,2055,CAF,1573.3322607761347,1564.14,9.192260776134617,0.5876878525026287
OECD ENV-Growth 2023,SSP3,Central African Republic,GDP|PPP [per capita],USD_2017/yr,2060,CAF,1753.6617722817175,1743.47,10.191772281717476,0.5845682622423946
OECD ENV-Growth 2023,SSP3,Central African Republic,GDP|PPP [per capita],USD_2017/yr,2065,CAF,1952.001191129805,1940.91,11.091191129804884,0.571442835051851
OECD ENV-Growth 2023,SSP3,Central African Republic,GDP|PPP [per capita],USD_2017/yr,2070,CAF,2166.9713451059088,2154.91,12.061345105908913,0.5597145637594569
OECD ENV-Growth 2023,SSP3,Central African Republic,GDP|PPP [per capita],USD_2017/yr,2075,CAF,2406.293602322713,2393.03,13.263602322712813,0.5542597594979091
OECD ENV-Growth 2023,SSP3,Central African Republic,GDP|PPP [per capita],USD_2017/yr,2080,CAF,2670.3469677903418,2655.73,14.616967790341732,0.5503935938646524
OECD ENV-Growth 2023,SSP3,Central African Republic,GDP|PPP [per capita],USD_2017/yr,2085,CAF,2961.2755186794216,2945.3,15.975518679421384,0.5424071802336394
OECD ENV-Growth 2023,SSP3,Central African Republic,GDP|PPP [per capita],USD_2017/yr,2090,CAF,3288.0660329596103,3270.78,17.28603295961011,0.5284987972168751
OECD ENV-Growth 2023,SSP3,Central African Republic,GDP|PPP [per capita],USD_2017/yr,2095,CAF,3655.5088902634407,3636.9,18.60889026344057,0.5116690110654836
OECD ENV-Growth 2023,SSP3,Central African Republic,GDP|PPP [per capita],USD_2017/yr,2100,CAF,4061.30976970297,4041.15,20.159769702969697,0.49886219771524676
OECD ENV-Growth 2023,SSP3,Chad,GDP|PPP [per capita],USD_2017/yr,2025,TCD,1470.316830713634,1461.04,9.276830713634126,0.6349470728819284
OECD ENV-Growth 2023,SSP3,Chad,GDP|PPP [per capita],USD_2017/yr,2030,TCD,1506.3538579155877,1499.45,6.9038579155876505,0.46042601724550003
OECD ENV-Growth 2023,SSP3,Chad,GDP|PPP [per capita],USD_2017/yr,2035,TCD,1717.1171305741398,1711.97,5.147130574139737,0.30065541885311875
OECD ENV-Growth 2023,SSP3,Chad,GDP|PPP [per capita],USD_2017/yr,2040,TCD,1919.0286537606717,1914.05,4.978653760671705,0.26011095638419607
OECD ENV-Growth 2023,SSP3,Chad,GDP|PPP [per capita],USD_2017/yr,2045,TCD,2115.5540014172843,2108.86,6.694001417284198,0.31742275055168184
OECD ENV-Growth 2023,SSP3,Chad,GDP|PPP [per capita],USD_2017/yr,2050,TCD,2320.8993075294497,2312.38,8.519307529449634,0.36842160585412576
OECD ENV-Growth 2023,SSP3,Chad,GDP|PPP [per capita],USD_2017/yr,2055,TCD,2543.3933218909433,2533.77,9.623321890943316,0.3798025034215148
OECD ENV-Growth 2023,SSP3,Chad,GDP|PPP [per capita],USD_2017/yr,2060,TCD,2778.8701024520587,2768.44,10.43010245205869,0.37675017165113533
OECD ENV-Growth 2023,SSP3,Chad,GDP|PPP [per capita],USD_2017/yr,2065,TCD,3029.462017369333,3018.17,11.292017369332825,0.3741345705951893
OECD ENV-Growth 2023,SSP3,Chad,GDP|PPP [per capita],USD_2017/yr,2070,TCD,3292.9079872207385,3280.96,11.947987220738469,0.3641613192705327
OECD ENV-Growth 2023,SSP3,Chad,GDP|PPP [per capita],USD_2017/yr,2075,TCD,3562.413444414591,3549.91,12.503444414591286,0.3522186313059003
OECD ENV-Growth 2023,SSP3,Chad,GDP|PPP [per capita],USD_2017/yr,2080,TCD,3840.98008984444,3827.81,13.1700898444401,0.3440633115133745
OECD ENV-Growth 2023,SSP3,Chad,GDP|PPP [per capita],USD_2017/yr,2085,TCD,4119.371340231648,4105.56,13.811340231647591,0.3364057578417461
OECD ENV-Growth 2023,SSP3,Chad,GDP|PPP [per capita],USD_2017/yr,2090,TCD,4411.453176138777,4397.21,14.243176138777017,0.32391393949292885
OECD ENV-Growth 2023,SSP3,Chad,GDP|PPP [per capita],USD_2017/yr,2095,TCD,4719.179780975742,4704.85,14.329780975741414,0.3045746618009376
OECD ENV-Growth 2023,SSP3,Chad,GDP|PPP [per capita],USD_2017/yr,2100,TCD,5040.952700361512,5026.86,14.09270036151247,0.2803479778930082
OECD ENV-Growth 2023,SSP3,Chile,GDP|PPP [per capita],USD_2017/yr,2040,CHL,30132.057997578388,30100.5,31.557997578387585,0.10484210421218114
OECD ENV-Growth 2023,SSP3,Chile,GDP|PPP [per capita],USD_2017/yr,2045,CHL,31706.251964027026,31664.7,41.55196402702495,0.1312248782619919
OECD ENV-Growth 2023,SSP3,Chile,GDP|PPP [per capita],USD_2017/yr,2050,CHL,33050.13970631604,32995,55.13970631604025,0.16711533964552278
OECD ENV-Growth 2023,SSP3,Chile,GDP|PPP [per capita],USD_2017/yr,2055,CHL,34177.47213717665,34102.6,74.87213717665145,0.21954964482664505
OECD ENV-Growth 2023,SSP3,Chile,GDP|PPP [per capita],USD_2017/yr,2060,CHL,35104.58929696693,35005.5,99.0892969669294,0.2830677949663036
OECD ENV-Growth 2023,SSP3,Chile,GDP|PPP [per capita],USD_2017/yr,2065,CHL,35996.678607407106,35881.2,115.47860740710894,0.3218359681591166
OECD ENV-Growth 2023,SSP3,Chile,GDP|PPP [per capita],USD_2017/yr,2070,CHL,36863.88157338237,36742.2,121.68157338237506,0.3311766126752755
OECD ENV-Growth 2023,SSP3,Chile,GDP|PPP [per capita],USD_2017/yr,2075,CHL,37677.6322479271,37548.3,129.3322479270937,0.34444235272194396
OECD ENV-Growth 2023,SSP3,Chile,GDP|PPP [per capita],USD_2017/yr,2080,CHL,38441.81255374658,38299.1,142.71255374658358,0.3726263900367987
OECD ENV-Growth 2023,SSP3,Chile,GDP|PPP [per capita],USD_2017/yr,2085,CHL,39176.34109413225,39014.3,162.04109413224796,0.41533769446651086
OECD ENV-Growth 2023,SSP3,Chile,GDP|PPP [per capita],USD_2017/yr,2090,CHL,39880.15542644549,39695.7,184.45542644549278,0.4646735702997876
OECD ENV-Growth 2023,SSP3,Chile,GDP|PPP [per capita],USD_2017/yr,2095,CHL,40535.130697988505,40331.5,203.63069798850483,0.5048924488018169
OECD ENV-Growth 2023,SSP3,Chile,GDP|PPP [per capita],USD_2017/yr,2100,CHL,41118.663569629745,40905,213.66356962974533,0.5223409598575854
OECD ENV-Growth 2023,SSP3,China,GDP|PPP [per capita],USD_2017/yr,2025,CHN,21134.936795562153,21105.3,29.636795562153566,0.14042347449291678
OECD ENV-Growth 2023,SSP3,China,GDP|PPP [per capita],USD_2017/yr,2030,CHN,25476.787562290818,25427.2,49.587562290817004,0.19501778524893423
OECD ENV-Growth 2023,SSP3,China,GDP|PPP [per capita],USD_2017/yr,2035,CHN,29070.25591692238,29016.5,53.755916922378674,0.18525982431505755
OECD ENV-Growth 2023,SSP3,China,GDP|PPP [per capita],USD_2017/yr,2040,CHN,31503.803207611625,31455.1,48.70320761162657,0.15483405747120998
OECD ENV-Growth 2023,SSP3,China,GDP|PPP [per capita],USD_2017/yr,2045,CHN,33580.439132998246,33534.5,45.93913299824635,0.13699066035946966
OECD ENV-Growth 2023,SSP3,China,GDP|PPP [per capita],USD_2017/yr,2050,CHN,35587.53246820172,35528.2,59.33246820172644,0.16700105325270193
OECD ENV-Growth 2023,SSP3,China,GDP|PPP [per capita],USD_2017/yr,2055,CHN,37491.77405986517,37417.4,74.37405986517115,0.1987686473810878
OECD ENV-Growth 2023,SSP3,China,GDP|PPP [per capita],USD_2017/yr,2060,CHN,39423.372911389146,39340.4,82.97291138914443,0.2109101874641448
OECD ENV-Growth 2023,SSP3,China,GDP|PPP [per capita],USD_2017/yr,2065,CHN,41235.10819058799,41152.2,82.90819058799389,0.2014672133883338
OECD ENV-Growth 2023,SSP3,China,GDP|PPP [per capita],USD_2017/yr,2070,CHN,42626.90351450842,42546.4,80.50351450841845,0.18921345756261035
OECD ENV-Growth 2023,SSP3,China,GDP|PPP [per capita],USD_2017/yr,2075,CHN,43655.76300609802,43574.7,81.06300609802565,0.18603227583443066
OECD ENV-Growth 2023,SSP3,China,GDP|PPP [per capita],USD_2017/yr,2080,CHN,44515.96605861728,44418.3,97.66605861728021,0.21987797510773757
OECD ENV-Growth 2023,SSP3,China,GDP|PPP [per capita],USD_2017/yr,2085,CHN,45304.96751426963,45180.4,124.56751426962728,0.275711402000928
OECD ENV-Growth 2023,SSP3,China,GDP|PPP [per capita],USD_2017/yr,2090,CHN,46039.09025167159,45885.8,153.29025167158397,0.33406904025119744
OECD ENV-Growth 2023,SSP3,China,GDP|PPP [per capita],USD_2017/yr,2095,CHN,46687.23628332257,46506.7,180.53628332257358,0.3881941383124874
OECD ENV-Growth 2023,SSP3,China,GDP|PPP [per capita],USD_2017/yr,2100,CHN,47205.11954824581,47008.3,196.81954824581044,0.4186910572086428
OECD ENV-Growth 2023,SSP3,Colombia,GDP|PPP [per capita],USD_2017/yr,2025,COL,15217.888391265042,15160.4,57.48839126504208,0.37920101887181135
OECD ENV-Growth 2023,SSP3,Colombia,GDP|PPP [per capita],USD_2017/yr,2030,COL,16856.744967456325,16785.9,70.8449674563235,0.4220504557773101
OECD ENV-Growth 2023,SSP3,Colombia,GDP|PPP [per capita],USD_2017/yr,2035,COL,18913.36669798429,18831,82.3666979842892,0.4373994901188954
OECD ENV-Growth 2023,SSP3,Colombia,GDP|PPP [per capita],USD_2017/yr,2040,COL,21189.769312291588,21088.2,101.56931229158727,0.48164050175732054
OECD ENV-Growth 2023,SSP3,Colombia,GDP|PPP [per capita],USD_2017/yr,2045,COL,23411.154159418187,23277.8,133.35415941818792,0.5728812835327562
OECD ENV-Growth 2023,SSP3,Colombia,GDP|PPP [per capita],USD_2017/yr,2050,COL,25509.125010387103,25334.5,174.62501038710252,0.6892775084848823
OECD ENV-Growth 2023,SSP3,Colombia,GDP|PPP [per capita],USD_2017/yr,2055,COL,27461.29801530865,27245.9,215.3980153086486,0.7905703805293589
OECD ENV-Growth 2023,SSP3,Colombia,GDP|PPP [per capita],USD_2017/yr,2060,COL,29185.45972698893,28931.4,254.05972698892947,0.8781452919282491
OECD ENV-Growth 2023,SSP3,Colombia,GDP|PPP [per capita],USD_2017/yr,2065,COL,30739.27886117366,30448.5,290.7788611736614,0.9549858323847199
OECD ENV-Growth 2023,SSP3,Colombia,GDP|PPP [per capita],USD_2017/yr,2070,COL,32138.53883496021,31817.2,321.3388349602101,1.009953217002785
OECD ENV-Growth 2023,SSP3,Colombia,GDP|PPP [per capita],USD_2017/yr,2075,COL,33414.19032365896,33042.1,372.09032365895837,1.1261097922316026
OECD ENV-Growth 2023,SSP3,Colombia,GDP|PPP [per capita],USD_2017/yr,2080,COL,34536.04225426503,34114.5,421.5422542650267,1.2356688629908887
OECD ENV-Growth 2023,SSP3,Colombia,GDP|PPP [per capita],USD_2017/yr,2085,COL,35512.1898442403,35044,468.1898442403035,1.336005719211002
OECD ENV-Growth 2023,SSP3,Colombia,GDP|PPP [per capita],USD_2017/yr,2090,COL,36363.230571511165,35848.5,514.7305715111652,1.4358496771445532
OECD ENV-Growth 2023,SSP3,Colombia,GDP|PPP [per capita],USD_2017/yr,2095,COL,37101.39647161245,36547.8,553.5964716124436,1.5147190025458264
OECD ENV-Growth 2023,SSP3,Colombia,GDP|PPP [per capita],USD_2017/yr,2100,COL,37753.38204483595,37170.1,583.2820448359489,1.5692237708156527
OECD ENV-Growth 2023,SSP3,Comoros,GDP|PPP [per capita],USD_2017/yr,2025,COM,3426.455780837966,3395.41,31.04578083796605,0.914345567632953
OECD ENV-Growth 2023,SSP3,Comoros,GDP|PPP [per capita],USD_2017/yr,2030,COM,3806.3526686692257,3772.27,34.08266866922577,0.9035055462420709
OECD ENV-Growth 2023,SSP3,Comoros,GDP|PPP [per capita],USD_2017/yr,2035,COM,4235.8705917571615,4199.57,36.30059175716178,0.8643883006393938
OECD ENV-Growth 2023,SSP3,Comoros,GDP|PPP [per capita],USD_2017/yr,2040,COM,4998.6294218015555,4956.85,41.779421801555145,0.8428623380081127
OECD ENV-Growth 2023,SSP3,Comoros,GDP|PPP [per capita],USD_2017/yr,2045,COM,5972.933122288571,5920.72,52.21312228857096,0.8818711624358347
OECD ENV-Growth 2023,SSP3,Comoros,GDP|PPP [per capita],USD_2017/yr,2050,COM,7057.545058015795,6990.83,66.71505801579497,0.9543224197383567
OECD ENV-Growth 2023,SSP3,Comoros,GDP|PPP [per capita],USD_2017/yr,2055,COM,8194.564740516656,8111.84,82.72474051665631,1.0198024186455392
OECD ENV-Growth 2023,SSP3,Comoros,GDP|PPP [per capita],USD_2017/yr,2060,COM,9336.703283268536,9239.69,97.01328326853582,1.049962534116792
OECD ENV-Growth 2023,SSP3,Comoros,GDP|PPP [per capita],USD_2017/yr,2065,COM,10462.653036386546,10355.4,107.25303638654623,1.0357208450329898
OECD ENV-Growth 2023,SSP3,Comoros,GDP|PPP [per capita],USD_2017/yr,2070,COM,11573.36395102362,11456.1,117.2639510236204,1.0235939894346278
OECD ENV-Growth 2023,SSP3,Comoros,GDP|PPP [per capita],USD_2017/yr,2075,COM,12663.193409834856,12535,128.19340983485563,1.022683764139255
OECD ENV-Growth 2023,SSP3,Comoros,GDP|PPP [per capita],USD_2017/yr,2080,COM,13738.878980629066,13599.1,139.7789806290657,1.0278546420650314
OECD ENV-Growth 2023,SSP3,Comoros,GDP|PPP [per capita],USD_2017/yr,2085,COM,14757.861542733202,14607.7,150.1615427332017,1.0279615732333065
OECD ENV-Growth 2023,SSP3,Comoros,GDP|PPP [per capita],USD_2017/yr,2090,COM,15713.271666234195,15555.5,157.77166623419544,1.014250048112857
OECD ENV-Growth 2023,SSP3,Comoros,GDP|PPP [per capita],USD_2017/yr,2095,COM,16606.012680518004,16444.2,161.81268051800362,0.9840106573624963
OECD ENV-Growth 2023,SSP3,Comoros,GDP|PPP [per capita],USD_2017/yr,2100,COM,17470.875923700274,17307.5,163.37592370027414,0.9439602698268043
OECD ENV-Growth 2023,SSP3,Congo,GDP|PPP [per capita],USD_2017/yr,2045,COG,5085.661923847873,5078.18,7.481923847873077,0.14733475079404582
OECD ENV-Growth 2023,SSP3,Congo,GDP|PPP [per capita],USD_2017/yr,2050,COG,5400.986191911606,5388.3,12.68619191160542,0.23543959897565875
OECD ENV-Growth 2023,SSP3,Congo,GDP|PPP [per capita],USD_2017/yr,2055,COG,5770.759721443156,5753.54,17.21972144315623,0.29928915838173076
OECD ENV-Growth 2023,SSP3,Congo,GDP|PPP [per capita],USD_2017/yr,2060,COG,6177.60916293383,6156.57,21.039162933830085,0.3417351371596536
OECD ENV-Growth 2023,SSP3,Congo,GDP|PPP [per capita],USD_2017/yr,2065,COG,6614.3754583428135,6590.22,24.15545834281329,0.36653493119824965
OECD ENV-Growth 2023,SSP3,Congo,GDP|PPP [per capita],USD_2017/yr,2070,COG,7077.423127429179,7050.51,26.91312742917853,0.38171887465131643
OECD ENV-Growth 2023,SSP3,Congo,GDP|PPP [per capita],USD_2017/yr,2075,COG,7588.685720669169,7558.62,30.065720669169423,0.3977673261675997
OECD ENV-Growth 2023,SSP3,Congo,GDP|PPP [per capita],USD_2017/yr,2080,COG,8141.111143575656,8107.3,33.81114357565548,0.41704566965149287
OECD ENV-Growth 2023,SSP3,Congo,GDP|PPP [per capita],USD_2017/yr,2085,COG,8711.263931007194,8673.74,37.52393100719382,0.43261535401330714
OECD ENV-Growth 2023,SSP3,Congo,GDP|PPP [per capita],USD_2017/yr,2090,COG,9280.0245792698,9239.41,40.61457926980074,0.4395797921057811
OECD ENV-Growth 2023,SSP3,Congo,GDP|PPP [per capita],USD_2017/yr,2095,COG,9848.405516019197,9805.6,42.80551601919615,0.43654152748629504
OECD ENV-Growth 2023,SSP3,Congo,GDP|PPP [per capita],USD_2017/yr,2100,COG,10432.66601822414,10388.3,44.366018224140134,0.42707679046754654
OECD ENV-Growth 2023,SSP3,Costa Rica,GDP|PPP [per capita],USD_2017/yr,2045,CRI,35422.90004193388,35382.4,40.500041933875764,0.11446380667754523
OECD ENV-Growth 2023,SSP3,Costa Rica,GDP|PPP [per capita],USD_2017/yr,2050,CRI,38773.1785122512,38706.4,66.77851225119957,0.17252576383026985
OECD ENV-Growth 2023,SSP3,Costa Rica,GDP|PPP [per capita],USD_2017/yr,2055,CRI,41959.18658422596,41860,99.18658422595763,0.23694836174380707
OECD ENV-Growth 2023,SSP3,Costa Rica,GDP|PPP [per capita],USD_2017/yr,2060,CRI,44902.07343080961,44768.6,133.47343080960854,0.298140729908035
OECD ENV-Growth 2023,SSP3,Costa Rica,GDP|PPP [per capita],USD_2017/yr,2065,CRI,47548.06716744311,47388,160.06716744310688,0.3377799599964271
OECD ENV-Growth 2023,SSP3,Costa Rica,GDP|PPP [per capita],USD_2017/yr,2070,CRI,49775.52521635483,49593.8,181.72521635482553,0.3664272879973415
OECD ENV-Growth 2023,SSP3,Costa Rica,GDP|PPP [per capita],USD_2017/yr,2075,CRI,51659.3699831074,51450.2,209.16998310740018,0.40654843539461494
OECD ENV-Growth 2023,SSP3,Costa Rica,GDP|PPP [per capita],USD_2017/yr,2080,CRI,53217.34185400545,52972.2,245.14185400545102,0.4627745383530437
OECD ENV-Growth 2023,SSP3,Costa Rica,GDP|PPP [per capita],USD_2017/yr,2085,CRI,54524.87880314941,54239.3,285.5788031494085,0.5265163878394604
OECD ENV-Growth 2023,SSP3,Costa Rica,GDP|PPP [per capita],USD_2017/yr,2090,CRI,55598.50830844208,55273.3,325.20830844207376,0.5883641983418282
OECD ENV-Growth 2023,SSP3,Costa Rica,GDP|PPP [per capita],USD_2017/yr,2095,CRI,56459.47412178096,56100.4,359.07412178095547,0.6400562594579636
OECD ENV-Growth 2023,SSP3,Costa Rica,GDP|PPP [per capita],USD_2017/yr,2100,CRI,57119.11614680194,56733.8,385.3161468019389,0.6791650599852977
OECD ENV-Growth 2023,SSP3,Croatia,GDP|PPP [per capita],USD_2017/yr,2025,HRV,35476.19119129642,35415.9,60.29119129641913,0.17023763703991462
OECD ENV-Growth 2023,SSP3,Croatia,GDP|PPP [per capita],USD_2017/yr,2030,HRV,41435.02835345764,41323.1,111.92835345763888,0.2708614635824487
OECD ENV-Growth 2023,SSP3,Croatia,GDP|PPP [per capita],USD_2017/yr,2035,HRV,45377.62702945286,45224.7,152.92702945286146,0.33814935080356856
OECD ENV-Growth 2023,SSP3,Croatia,GDP|PPP [per capita],USD_2017/yr,2040,HRV,47693.2302953483,47519.8,173.4302953482984,0.3649642787812625
OECD ENV-Growth 2023,SSP3,Croatia,GDP|PPP [per capita],USD_2017/yr,2045,HRV,49134.8673030179,48961.1,173.7673030178994,0.35490890322705043
OECD ENV-Growth 2023,SSP3,Croatia,GDP|PPP [per capita],USD_2017/yr,2050,HRV,50144.6006845064,49972,172.60068450639665,0.34539479009524665
OECD ENV-Growth 2023,SSP3,Croatia,GDP|PPP [per capita],USD_2017/yr,2055,HRV,50921.23780904697,50724.6,196.63780904697342,0.3876576829525978
OECD ENV-Growth 2023,SSP3,Croatia,GDP|PPP [per capita],USD_2017/yr,2060,HRV,51497.77469880744,51261.8,235.9746988074403,0.46033244795820727
OECD ENV-Growth 2023,SSP3,Croatia,GDP|PPP [per capita],USD_2017/yr,2065,HRV,51893.93398043138,51634.9,259.03398043137713,0.501664533932238
OECD ENV-Growth 2023,SSP3,Croatia,GDP|PPP [per capita],USD_2017/yr,2070,HRV,52085.5266641301,51826.2,259.32666413010156,0.5003775390248593
OECD ENV-Growth 2023,SSP3,Croatia,GDP|PPP [per capita],USD_2017/yr,2075,HRV,52137.47002526625,51889.9,247.57002526625,0.4771063834508257
OECD ENV-Growth 2023,SSP3,Croatia,GDP|PPP [per capita],USD_2017/yr,2080,HRV,52068.14189211378,51834.1,234.04189211378252,0.45152108768895866
OECD ENV-Growth 2023,SSP3,Croatia,GDP|PPP [per capita],USD_2017/yr,2085,HRV,51935.81871193595,51703.8,232.01871193594707,0.4487459566529869
OECD ENV-Growth 2023,SSP3,Croatia,GDP|PPP [per capita],USD_2017/yr,2090,HRV,51765.66319189177,51520.7,244.96319189177302,0.47546557382134375
OECD ENV-Growth 2023,SSP3,Croatia,GDP|PPP [per capita],USD_2017/yr,2095,HRV,51571.31396253244,51307.3,264.0139625324373,0.5145738764901627
OECD ENV-Growth 2023,SSP3,Croatia,GDP|PPP [per capita],USD_2017/yr,2100,HRV,51356.67066884801,51079.8,276.8706688480088,0.5420355382127744
OECD ENV-Growth 2023,SSP3,Cuba,GDP|PPP [per capita],USD_2017/yr,2025,CUB,7247.949632160678,7224.52,23.42963216067801,0.32430711190055544
OECD ENV-Growth 2023,SSP3,Cuba,GDP|PPP [per capita],USD_2017/yr,2030,CUB,8714.05788075271,8680.64,33.417880752711426,0.3849702412807285
OECD ENV-Growth 2023,SSP3,Cuba,GDP|PPP [per capita],USD_2017/yr,2035,CUB,10613.08388069141,10568.8,44.28388069141147,0.41900575932377826
OECD ENV-Growth 2023,SSP3,Cuba,GDP|PPP [per capita],USD_2017/yr,2040,CUB,13242.152885505056,13180.7,61.45288550505575,0.46623385332384276
OECD ENV-Growth 2023,SSP3,Cuba,GDP|PPP [per capita],USD_2017/yr,2045,CUB,16462.796845000492,16374.3,88.49684500049261,0.5404618518073604
OECD ENV-Growth 2023,SSP3,Cuba,GDP|PPP [per capita],USD_2017/yr,2050,CUB,20099.00144690984,19973.4,125.60144690983725,0.6288435965325745
OECD ENV-Growth 2023,SSP3,Cuba,GDP|PPP [per capita],USD_2017/yr,2055,CUB,23979.627410723555,23809.1,170.5274107235564,0.7162278738950922
OECD ENV-Growth 2023,SSP3,Cuba,GDP|PPP [per capita],USD_2017/yr,2060,CUB,27965.54832595606,27746.4,219.14832595605913,0.7898261610733613
OECD ENV-Growth 2023,SSP3,Cuba,GDP|PPP [per capita],USD_2017/yr,2065,CUB,32038.124534977007,31770.2,267.92453497700626,0.8433202654594754
OECD ENV-Growth 2023,SSP3,Cuba,GDP|PPP [per capita],USD_2017/yr,2070,CUB,36051.4688829674,35734.1,317.36888296739926,0.8881401321633937
OECD ENV-Growth 2023,SSP3,Cuba,GDP|PPP [per capita],USD_2017/yr,2075,CUB,40008.20105234936,39636.5,371.7010523493591,0.9377746580786878
OECD ENV-Growth 2023,SSP3,Cuba,GDP|PPP [per capita],USD_2017/yr,2080,CUB,43836.64267649886,43405.4,431.24267649885587,0.9935231019616358
OECD ENV-Growth 2023,SSP3,Cuba,GDP|PPP [per capita],USD_2017/yr,2085,CUB,47542.13982775976,47049.3,492.8398277597589,1.0474966211181864
OECD ENV-Growth 2023,SSP3,Cuba,GDP|PPP [per capita],USD_2017/yr,2090,CUB,51065.478296166395,50513.8,551.6782961663921,1.092133825145588
OECD ENV-Growth 2023,SSP3,Cuba,GDP|PPP [per capita],USD_2017/yr,2095,CUB,54449.935810244744,53844.4,605.5358102447426,1.1246031346709084
OECD ENV-Growth 2023,SSP3,Cuba,GDP|PPP [per capita],USD_2017/yr,2100,CUB,57624.62006603177,56971.1,653.5200660317714,1.1471080355334045
OECD ENV-Growth 2023,SSP3,Côte d'Ivoire,GDP|PPP [per capita],USD_2017/yr,2025,CIV,6308.497905315144,6280.32,28.177905315144017,0.4486698976348979
OECD ENV-Growth 2023,SSP3,Côte d'Ivoire,GDP|PPP [per capita],USD_2017/yr,2030,CIV,7657.50766746727,7622.3,35.20766746726986,0.4619034604682295
OECD ENV-Growth 2023,SSP3,Côte d'Ivoire,GDP|PPP [per capita],USD_2017/yr,2035,CIV,9132.85102032219,9092.9,39.95102032219074,0.4393650026085269
OECD ENV-Growth 2023,SSP3,Côte d'Ivoire,GDP|PPP [per capita],USD_2017/yr,2040,CIV,10359.798720424926,10312.6,47.19872042492534,0.4576801235859564
OECD ENV-Growth 2023,SSP3,Côte d'Ivoire,GDP|PPP [per capita],USD_2017/yr,2045,CIV,11454.903541561518,11394.9,60.00354156151843,0.52658243215402
OECD ENV-Growth 2023,SSP3,Côte d'Ivoire,GDP|PPP [per capita],USD_2017/yr,2050,CIV,12510.823021548784,12436.4,74.42302154878416,0.5984289790356064
OECD ENV-Growth 2023,SSP3,Côte d'Ivoire,GDP|PPP [per capita],USD_2017/yr,2055,CIV,13554.373721085252,13467,87.37372108525233,0.6487987011602608
OECD ENV-Growth 2023,SSP3,Côte d'Ivoire,GDP|PPP [per capita],USD_2017/yr,2060,CIV,14574.01933431196,14476,98.01933431196085,0.6771161530254273
OECD ENV-Growth 2023,SSP3,Côte d'Ivoire,GDP|PPP [per capita],USD_2017/yr,2065,CIV,15581.68241902222,15475.8,105.88241902222035,0.6841805853152687
OECD ENV-Growth 2023,SSP3,Côte d'Ivoire,GDP|PPP [per capita],USD_2017/yr,2070,CIV,16586.246977995455,16473.9,112.34697799545393,0.6819695275281136
OECD ENV-Growth 2023,SSP3,Côte d'Ivoire,GDP|PPP [per capita],USD_2017/yr,2075,CIV,17626.29742632118,17507.1,119.19742632118141,0.6808519190567337
OECD ENV-Growth 2023,SSP3,Côte d'Ivoire,GDP|PPP [per capita],USD_2017/yr,2080,CIV,18679.69852639975,18553.2,126.49852639974779,0.6818151391660079
OECD ENV-Growth 2023,SSP3,Côte d'Ivoire,GDP|PPP [per capita],USD_2017/yr,2085,CIV,19688.125722252127,19555.3,132.8257222521279,0.6792313196531268
OECD ENV-Growth 2023,SSP3,Côte d'Ivoire,GDP|PPP [per capita],USD_2017/yr,2090,CIV,20622.08537463928,20485.2,136.88537463927787,0.6682159541487409
OECD ENV-Growth 2023,SSP3,Côte d'Ivoire,GDP|PPP [per capita],USD_2017/yr,2095,CIV,21491.77311497919,21353.3,138.47311497919145,0.6484857843012155
OECD ENV-Growth 2023,SSP3,Côte d'Ivoire,GDP|PPP [per capita],USD_2017/yr,2100,CIV,22341.46500095075,22203.1,138.36500095075098,0.6231787495924037
OECD ENV-Growth 2023,SSP3,Democratic Republic of the Congo,GDP|PPP [per capita],USD_2017/yr,2025,COD,1263.7421533449951,1253.79,9.952153344995168,0.7937655703901904
OECD ENV-Growth 2023,SSP3,Democratic Republic of the Congo,GDP|PPP [per capita],USD_2017/yr,2030,COD,1383.996982092426,1375.16,8.836982092425842,0.6426148297235116
OECD ENV-Growth 2023,SSP3,Democratic Republic of the Congo,GDP|PPP [per capita],USD_2017/yr,2035,COD,1536.723876651926,1529.07,7.653876651926112,0.5005576364670101
OECD ENV-Growth 2023,SSP3,Democratic Republic of the Congo,GDP|PPP [per capita],USD_2017/yr,2040,COD,1734.4255219995484,1726.32,8.1055219995485,0.46952604381276364
OECD ENV-Growth 2023,SSP3,Democratic Republic of the Congo,GDP|PPP [per capita],USD_2017/yr,2045,COD,1957.05983290408,1946.29,10.769832904079976,0.5533519107676644
OECD ENV-Growth 2023,SSP3,Democratic Republic of the Congo,GDP|PPP [per capita],USD_2017/yr,2050,COD,2198.3160694448757,2183.79,14.526069444875702,0.665177029150042
OECD ENV-Growth 2023,SSP3,Democratic Republic of the Congo,GDP|PPP [per capita],USD_2017/yr,2055,COD,2450.799083220179,2433.49,17.309083220179218,0.7112863919793885
OECD ENV-Growth 2023,SSP3,Democratic Republic of the Congo,GDP|PPP [per capita],USD_2017/yr,2060,COD,2703.040702884846,2684.13,18.910702884845705,0.7045375181099911
OECD ENV-Growth 2023,SSP3,Democratic Republic of the Congo,GDP|PPP [per capita],USD_2017/yr,2065,COD,2958.434540558619,2937.79,20.644540558619155,0.7027234948249927
OECD ENV-Growth 2023,SSP3,Democratic Republic of the Congo,GDP|PPP [per capita],USD_2017/yr,2070,COD,3213.568212896741,3191.04,22.528212896741024,0.7059834065615292
OECD ENV-Growth 2023,SSP3,Democratic Republic of the Congo,GDP|PPP [per capita],USD_2017/yr,2075,COD,3469.8229131118696,3445.03,24.79291311186944,0.7196719074106593
OECD ENV-Growth 2023,SSP3,Democratic Republic of the Congo,GDP|PPP [per capita],USD_2017/yr,2080,COD,3725.8055529775306,3698.64,27.16555297753075,0.7344741033874818
OECD ENV-Growth 2023,SSP3,Democratic Republic of the Congo,GDP|PPP [per capita],USD_2017/yr,2085,COD,3980.420977814272,3951.16,29.260977814272337,0.7405667655643491
OECD ENV-Growth 2023,SSP3,Democratic Republic of the Congo,GDP|PPP [per capita],USD_2017/yr,2090,COD,4243.031834774852,4211.96,31.071834774851595,0.7377048873885695
OECD ENV-Growth 2023,SSP3,Democratic Republic of the Congo,GDP|PPP [per capita],USD_2017/yr,2095,COD,4510.279990485744,4477.64,32.63999048574351,0.7289552193955635
OECD ENV-Growth 2023,SSP3,Democratic Republic of the Congo,GDP|PPP [per capita],USD_2017/yr,2100,COD,4780.47997851684,4746.45,34.02997851683995,0.716956430950288
OECD ENV-Growth 2023,SSP3,Djibouti,GDP|PPP [per capita],USD_2017/yr,2025,DJI,5692.758791892925,5674.17,18.588791892924746,0.3276037181283738
OECD ENV-Growth 2023,SSP3,Djibouti,GDP|PPP [per capita],USD_2017/yr,2030,DJI,7009.262071799736,6992.69,16.572071799736477,0.23699136955501357
OECD ENV-Growth 2023,SSP3,Djibouti,GDP|PPP [per capita],USD_2017/yr,2035,DJI,8788.236210824165,8773.37,14.866210824164227,0.16944698358970642
OECD ENV-Growth 2023,SSP3,Djibouti,GDP|PPP [per capita],USD_2017/yr,2040,DJI,10212.261647091447,10198.9,13.361647091447594,0.13101066871375927
OECD ENV-Growth 2023,SSP3,Djibouti,GDP|PPP [per capita],USD_2017/yr,2045,DJI,11485.322075078157,11470.8,14.522075078157286,0.12660036857200271
OECD ENV-Growth 2023,SSP3,Djibouti,GDP|PPP [per capita],USD_2017/yr,2050,DJI,12771.491836548836,12751.2,20.291836548834908,0.1591366816365119
OECD ENV-Growth 2023,SSP3,Djibouti,GDP|PPP [per capita],USD_2017/yr,2055,DJI,14097.029031163667,14066,31.02903116366724,0.22059598438552
OECD ENV-Growth 2023,SSP3,Djibouti,GDP|PPP [per capita],USD_2017/yr,2060,DJI,15424.209334329516,15381.1,43.10933432951606,0.2802747159144408
OECD ENV-Growth 2023,SSP3,Djibouti,GDP|PPP [per capita],USD_2017/yr,2065,DJI,16692.151607655258,16641.6,50.55160765525943,0.3037665107637453
OECD ENV-Growth 2023,SSP3,Djibouti,GDP|PPP [per capita],USD_2017/yr,2070,DJI,17831.306719581666,17778,53.306719581665675,0.29984654956499984
OECD ENV-Growth 2023,SSP3,Djibouti,GDP|PPP [per capita],USD_2017/yr,2075,DJI,18886.57256691615,18830.1,56.47256691615257,0.2999058258647197
OECD ENV-Growth 2023,SSP3,Djibouti,GDP|PPP [per capita],USD_2017/yr,2080,DJI,19899.620080466735,19837,62.62008046673509,0.31567313841173106
OECD ENV-Growth 2023,SSP3,Djibouti,GDP|PPP [per capita],USD_2017/yr,2085,DJI,20890.078943723744,20818.8,71.2789437237443,0.3423777726081441
OECD ENV-Growth 2023,SSP3,Djibouti,GDP|PPP [per capita],USD_2017/yr,2090,DJI,21873.254233492844,21793.7,79.5542334928432,0.3650331678092439
OECD ENV-Growth 2023,SSP3,Djibouti,GDP|PPP [per capita],USD_2017/yr,2095,DJI,22821.8000315702,22738,83.8000315702011,0.36854618510951315
OECD ENV-Growth 2023,SSP3,Djibouti,GDP|PPP [per capita],USD_2017/yr,2100,DJI,23711.71162927947,23629.2,82.51162927947007,0.3491934948261899
OECD ENV-Growth 2023,SSP3,Dominican Republic,GDP|PPP [per capita],USD_2017/yr,2025,DOM,21428.022268008855,21270,158.02226800885546,0.7429349694821601
OECD ENV-Growth 2023,SSP3,Dominican Republic,GDP|PPP [per capita],USD_2017/yr,2030,DOM,25824.338271988676,25617.6,206.7382719886773,0.8070165510769054
OECD ENV-Growth 2023,SSP3,Dominican Republic,GDP|PPP [per capita],USD_2017/yr,2035,DOM,29720.58911734808,29475.9,244.6891173480799,0.8301328113749873
OECD ENV-Growth 2023,SSP3,Dominican Republic,GDP|PPP [per capita],USD_2017/yr,2040,DOM,32660.152865294127,32353.1,307.0528652941284,0.9490678336670317
OECD ENV-Growth 2023,SSP3,Dominican Republic,GDP|PPP [per capita],USD_2017/yr,2045,DOM,34997.94333889641,34629.1,368.8433388964113,1.0651253971267267
OECD ENV-Growth 2023,SSP3,Dominican Republic,GDP|PPP [per capita],USD_2017/yr,2050,DOM,37045.500595436606,36590.5,455.0005954366061,1.2434937905647807
OECD ENV-Growth 2023,SSP3,Dominican Republic,GDP|PPP [per capita],USD_2017/yr,2055,DOM,38877.84515915934,38332.3,545.5451591593373,1.4231996492757735
OECD ENV-Growth 2023,SSP3,Dominican Republic,GDP|PPP [per capita],USD_2017/yr,2060,DOM,40458.7807330594,39827.6,631.180733059402,1.5847822441206652
OECD ENV-Growth 2023,SSP3,Dominican Republic,GDP|PPP [per capita],USD_2017/yr,2065,DOM,41943.59814506825,41222.9,720.6981450682506,1.7482955955749124
OECD ENV-Growth 2023,SSP3,Dominican Republic,GDP|PPP [per capita],USD_2017/yr,2070,DOM,43325.56183919413,42485.1,840.4618391941331,1.9782508201560856
OECD ENV-Growth 2023,SSP3,Dominican Republic,GDP|PPP [per capita],USD_2017/yr,2075,DOM,44586.48851836921,43629.4,957.088518369208,2.193677929032276
OECD ENV-Growth 2023,SSP3,Dominican Republic,GDP|PPP [per capita],USD_2017/yr,2080,DOM,45679.1830337452,44614.3,1064.8830337451946,2.3868648252806715
OECD ENV-Growth 2023,SSP3,Dominican Republic,GDP|PPP [per capita],USD_2017/yr,2085,DOM,46595.27729704297,45424.3,1170.9772970429694,2.577865365108476
OECD ENV-Growth 2023,SSP3,Dominican Republic,GDP|PPP [per capita],USD_2017/yr,2090,DOM,47405.71871700204,46108.5,1297.2187170020406,2.813404723645403
OECD ENV-Growth 2023,SSP3,Dominican Republic,GDP|PPP [per capita],USD_2017/yr,2095,DOM,48129.16235148795,46707.2,1421.9623514879495,3.044417887366294
OECD ENV-Growth 2023,SSP3,Dominican Republic,GDP|PPP [per capita],USD_2017/yr,2100,DOM,48824.25562034069,47276,1548.255620340693,3.2749293940703383
OECD ENV-Growth 2023,SSP3,Ecuador,GDP|PPP [per capita],USD_2017/yr,2025,ECU,11174.984058313066,11118.1,56.88405831306591,0.5116347065871498
OECD ENV-Growth 2023,SSP3,Ecuador,GDP|PPP [per capita],USD_2017/yr,2030,ECU,12066.311451827223,11998.5,67.81145182722321,0.5651660776532335
OECD ENV-Growth 2023,SSP3,Ecuador,GDP|PPP [per capita],USD_2017/yr,2035,ECU,13026.683671806795,12946.9,79.78367180679561,0.6162376461299277
OECD ENV-Growth 2023,SSP3,Ecuador,GDP|PPP [per capita],USD_2017/yr,2040,ECU,13929.290065257266,13830.7,98.59006525726545,0.7128349632141934
OECD ENV-Growth 2023,SSP3,Ecuador,GDP|PPP [per capita],USD_2017/yr,2045,ECU,14746.669095981972,14620.8,125.86909598197235,0.8608906214569131
OECD ENV-Growth 2023,SSP3,Ecuador,GDP|PPP [per capita],USD_2017/yr,2050,ECU,15551.956058382912,15392.9,159.05605838291194,1.033307943161535
OECD ENV-Growth 2023,SSP3,Ecuador,GDP|PPP [per capita],USD_2017/yr,2055,ECU,16371.2355788836,16176.2,195.03557888359865,1.2056946556273949
OECD ENV-Growth 2023,SSP3,Ecuador,GDP|PPP [per capita],USD_2017/yr,2060,ECU,17202.671449673104,16966.8,235.8714496731045,1.3901940829921053
OECD ENV-Growth 2023,SSP3,Ecuador,GDP|PPP [per capita],USD_2017/yr,2065,ECU,18065.350525089456,17786.1,279.25052508945737,1.570049224335056
OECD ENV-Growth 2023,SSP3,Ecuador,GDP|PPP [per capita],USD_2017/yr,2070,ECU,18920.89800910124,18593,327.89800910124177,1.7635562260057105
OECD ENV-Growth 2023,SSP3,Ecuador,GDP|PPP [per capita],USD_2017/yr,2075,ECU,19771.66521918171,19388.5,383.1652191817084,1.9762499377554137
OECD ENV-Growth 2023,SSP3,Ecuador,GDP|PPP [per capita],USD_2017/yr,2080,ECU,20593.365268431084,20150.2,443.16526843108295,2.1993095276031154
OECD ENV-Growth 2023,SSP3,Ecuador,GDP|PPP [per capita],USD_2017/yr,2085,ECU,21393.598350224256,20886.2,507.3983502242554,2.4293473691923633
OECD ENV-Growth 2023,SSP3,Ecuador,GDP|PPP [per capita],USD_2017/yr,2090,ECU,22181.23556223747,21607.5,573.7355622374707,2.6552611928148595
OECD ENV-Growth 2023,SSP3,Ecuador,GDP|PPP [per capita],USD_2017/yr,2095,ECU,22968.319701689717,22329.5,638.8197016897175,2.8608777701682415
OECD ENV-Growth 2023,SSP3,Ecuador,GDP|PPP [per capita],USD_2017/yr,2100,ECU,23766.103890695293,23052.1,714.0038906952941,3.0973485742960256
OECD ENV-Growth 2023,SSP3,Egypt,GDP|PPP [per capita],USD_2017/yr,2025,EGY,13866.22903903606,13801.5,64.72903903605948,0.4690000292436291
OECD ENV-Growth 2023,SSP3,Egypt,GDP|PPP [per capita],USD_2017/yr,2030,EGY,16844.103952793583,16769.1,75.00395279358418,0.4472747660493657
OECD ENV-Growth 2023,SSP3,Egypt,GDP|PPP [per capita],USD_2017/yr,2035,EGY,19802.53381235775,19720.5,82.03381235774941,0.415982416053089
OECD ENV-Growth 2023,SSP3,Egypt,GDP|PPP [per capita],USD_2017/yr,2040,EGY,22265.86985589553,22175,90.86985589552933,0.4097851449629282
OECD ENV-Growth 2023,SSP3,Egypt,GDP|PPP [per capita],USD_2017/yr,2045,EGY,24303.46711492536,24184.6,118.86711492536051,0.49149919752801585
OECD ENV-Growth 2023,SSP3,Egypt,GDP|PPP [per capita],USD_2017/yr,2050,EGY,26258.61891463812,26102.3,156.31891463811917,0.5988702705819762
OECD ENV-Growth 2023,SSP3,Egypt,GDP|PPP [per capita],USD_2017/yr,2055,EGY,28247.03564238906,28064.3,182.73564238905965,0.651132016081141
OECD ENV-Growth 2023,SSP3,Egypt,GDP|PPP [per capita],USD_2017/yr,2060,EGY,30160.38838660665,29958.3,202.0883866066506,0.6745656015416449
OECD ENV-Growth 2023,SSP3,Egypt,GDP|PPP [per capita],USD_2017/yr,2065,EGY,32011.31185075226,31791.7,219.61185075225876,0.6907836031173507
OECD ENV-Growth 2023,SSP3,Egypt,GDP|PPP [per capita],USD_2017/yr,2070,EGY,33701.991082142435,33461,240.9910821424346,0.7202148236527139
OECD ENV-Growth 2023,SSP3,Egypt,GDP|PPP [per capita],USD_2017/yr,2075,EGY,35264.55009068191,34999.2,265.35009068190993,0.7581604456156424
OECD ENV-Growth 2023,SSP3,Egypt,GDP|PPP [per capita],USD_2017/yr,2080,EGY,36640.15317491941,36353.3,286.85317491940805,0.7890705243249115
OECD ENV-Growth 2023,SSP3,Egypt,GDP|PPP [per capita],USD_2017/yr,2085,EGY,37851.14782942431,37546.8,304.3478294243105,0.8105826047074863
OECD ENV-Growth 2023,SSP3,Egypt,GDP|PPP [per capita],USD_2017/yr,2090,EGY,38924.87441363311,38606.9,317.97441363310645,0.8236206834351022
OECD ENV-Growth 2023,SSP3,Egypt,GDP|PPP [per capita],USD_2017/yr,2095,EGY,39945.085714721674,39614.9,330.1857147216724,0.8334886992562707
OECD ENV-Growth 2023,SSP3,Egypt,GDP|PPP [per capita],USD_2017/yr,2100,EGY,40894.652295209424,40554.4,340.2522952094223,0.8390021679754164
OECD ENV-Growth 2023,SSP3,El Salvador,GDP|PPP [per capita],USD_2017/yr,2025,SLV,9934.123255915398,9773.57,160.55325591539804,1.6427288689332358
OECD ENV-Growth 2023,SSP3,El Salvador,GDP|PPP [per capita],USD_2017/yr,2030,SLV,10730.078113294168,10548.3,181.7781132941691,1.7232929789081568
OECD ENV-Growth 2023,SSP3,El Salvador,GDP|PPP [per capita],USD_2017/yr,2035,SLV,11847.449547586337,11643.4,204.0495475863372,1.752491090114032
OECD ENV-Growth 2023,SSP3,El Salvador,GDP|PPP [per capita],USD_2017/yr,2040,SLV,13012.35284652047,12784.8,227.55284652047158,1.7798702093147454
OECD ENV-Growth 2023,SSP3,El Salvador,GDP|PPP [per capita],USD_2017/yr,2045,SLV,14163.456310353718,13908,255.45631035371844,1.8367580554624563
OECD ENV-Growth 2023,SSP3,El Salvador,GDP|PPP [per capita],USD_2017/yr,2050,SLV,15362.005165437551,15073.7,288.3051654375504,1.9126370130595034
OECD ENV-Growth 2023,SSP3,El Salvador,GDP|PPP [per capita],USD_2017/yr,2055,SLV,16627.887006729045,16303.8,324.08700672904524,1.9878004313659714
OECD ENV-Growth 2023,SSP3,El Salvador,GDP|PPP [per capita],USD_2017/yr,2060,SLV,17916.110602231027,17557.5,358.61060223102686,2.042492394879834
OECD ENV-Growth 2023,SSP3,El Salvador,GDP|PPP [per capita],USD_2017/yr,2065,SLV,19257.013612954215,18866.5,390.5136129542152,2.0698784244783885
OECD ENV-Growth 2023,SSP3,El Salvador,GDP|PPP [per capita],USD_2017/yr,2070,SLV,20637.276293825613,20215.8,421.47629382561354,2.084885554000403
OECD ENV-Growth 2023,SSP3,El Salvador,GDP|PPP [per capita],USD_2017/yr,2075,SLV,22061.09635239843,21606.8,454.296352398429,2.1025619360498964
OECD ENV-Growth 2023,SSP3,El Salvador,GDP|PPP [per capita],USD_2017/yr,2080,SLV,23453.17194560604,22965.5,487.6719456060382,2.1234980540638704
OECD ENV-Growth 2023,SSP3,El Salvador,GDP|PPP [per capita],USD_2017/yr,2085,SLV,24813.626461531396,24292.9,520.7264615313943,2.1435335490262353
OECD ENV-Growth 2023,SSP3,El Salvador,GDP|PPP [per capita],USD_2017/yr,2090,SLV,26166.214762120897,25612.9,553.3147621208955,2.160297202272665
OECD ENV-Growth 2023,SSP3,El Salvador,GDP|PPP [per capita],USD_2017/yr,2095,SLV,27520.03518142656,26934.5,585.5351814265596,2.1739225952832224
OECD ENV-Growth 2023,SSP3,El Salvador,GDP|PPP [per capita],USD_2017/yr,2100,SLV,28890.254049472383,28271.6,618.6540494723849,2.188252696955195
OECD ENV-Growth 2023,SSP3,Eritrea,GDP|PPP [per capita],USD_2017/yr,2025,ERI,1825.7016822740136,1797.64,28.061682274013492,1.5610290310636996
OECD ENV-Growth 2023,SSP3,Eritrea,GDP|PPP [per capita],USD_2017/yr,2030,ERI,1954.95821624759,1924.96,29.99821624758988,1.5583812779273274
OECD ENV-Growth 2023,SSP3,Eritrea,GDP|PPP [per capita],USD_2017/yr,2035,ERI,2208.550524336413,2175.39,33.160524336413346,1.524348477119659
OECD ENV-Growth 2023,SSP3,Eritrea,GDP|PPP [per capita],USD_2017/yr,2040,ERI,2554.4289646023954,2517.01,37.418964602395135,1.48664346198049
OECD ENV-Growth 2023,SSP3,Eritrea,GDP|PPP [per capita],USD_2017/yr,2045,ERI,2975.388188210973,2931.35,44.0381882109732,1.502317642416402
OECD ENV-Growth 2023,SSP3,Eritrea,GDP|PPP [per capita],USD_2017/yr,2050,ERI,3447.594705860761,3394.23,53.364705860761205,1.5722183193466914
OECD ENV-Growth 2023,SSP3,Eritrea,GDP|PPP [per capita],USD_2017/yr,2055,ERI,3940.907590473685,3877.19,63.71759047368505,1.6433961315717065
OECD ENV-Growth 2023,SSP3,Eritrea,GDP|PPP [per capita],USD_2017/yr,2060,ERI,4414.954165563809,4342.07,72.88416556380889,1.6785580509712856
OECD ENV-Growth 2023,SSP3,Eritrea,GDP|PPP [per capita],USD_2017/yr,2065,ERI,4865.541189379927,4785.5,80.04118937992735,1.6725773561786093
OECD ENV-Growth 2023,SSP3,Eritrea,GDP|PPP [per capita],USD_2017/yr,2070,ERI,5308.416162538408,5221.04,87.3761625384077,1.6735394200850346
OECD ENV-Growth 2023,SSP3,Eritrea,GDP|PPP [per capita],USD_2017/yr,2075,ERI,5758.764505977625,5663.92,94.84450597762498,1.6745382346082744
OECD ENV-Growth 2023,SSP3,Eritrea,GDP|PPP [per capita],USD_2017/yr,2080,ERI,6187.925555210788,6085.09,102.83555521078779,1.6899594781800729
OECD ENV-Growth 2023,SSP3,Eritrea,GDP|PPP [per capita],USD_2017/yr,2085,ERI,6568.371721191494,6458.09,110.28172119149349,1.7076522809606784
OECD ENV-Growth 2023,SSP3,Eritrea,GDP|PPP [per capita],USD_2017/yr,2090,ERI,6895.980845370141,6779.62,116.36084537014085,1.7163328530233384
OECD ENV-Growth 2023,SSP3,Eritrea,GDP|PPP [per capita],USD_2017/yr,2095,ERI,7191.372013202197,7070.15,121.22201320219756,1.7145606981775148
OECD ENV-Growth 2023,SSP3,Eritrea,GDP|PPP [per capita],USD_2017/yr,2100,ERI,7477.531968950622,7351.98,125.55196895062272,1.7077300121956633
OECD ENV-Growth 2023,SSP3,Eswatini,GDP|PPP [per capita],USD_2017/yr,2025,SWZ,9748.53445810695,9673.77,74.76445810694895,0.7728575116727909
OECD ENV-Growth 2023,SSP3,Eswatini,GDP|PPP [per capita],USD_2017/yr,2030,SWZ,10745.190151756471,10653.3,91.89015175647182,0.8625510570102394
OECD ENV-Growth 2023,SSP3,Eswatini,GDP|PPP [per capita],USD_2017/yr,2035,SWZ,11955.95059570901,11846.1,109.85059570900921,0.9273144385832401
OECD ENV-Growth 2023,SSP3,Eswatini,GDP|PPP [per capita],USD_2017/yr,2040,SWZ,13189.103822747136,13057.5,131.6038227471363,1.0078791709526043
OECD ENV-Growth 2023,SSP3,Eswatini,GDP|PPP [per capita],USD_2017/yr,2045,SWZ,14464.013559414703,14300.5,163.5135594147032,1.1434114850159307
OECD ENV-Growth 2023,SSP3,Eswatini,GDP|PPP [per capita],USD_2017/yr,2050,SWZ,15809.327047986852,15608.3,201.02704798685227,1.2879496677207145
OECD ENV-Growth 2023,SSP3,Eswatini,GDP|PPP [per capita],USD_2017/yr,2055,SWZ,17230.019958206394,16994.2,235.8199582063935,1.3876496581562738
OECD ENV-Growth 2023,SSP3,Eswatini,GDP|PPP [per capita],USD_2017/yr,2060,SWZ,18678.43293905489,18412.8,265.632939054889,1.4426536922949742
OECD ENV-Growth 2023,SSP3,Eswatini,GDP|PPP [per capita],USD_2017/yr,2065,SWZ,20079.8035098578,19787.7,292.1035098577995,1.4761872772368667
OECD ENV-Growth 2023,SSP3,Eswatini,GDP|PPP [per capita],USD_2017/yr,2070,SWZ,21336.289394450923,21018.4,317.8893944509218,1.5124338410674543
OECD ENV-Growth 2023,SSP3,Eswatini,GDP|PPP [per capita],USD_2017/yr,2075,SWZ,22483.70146384943,22139.6,344.10146384943073,1.554235233922161
OECD ENV-Growth 2023,SSP3,Eswatini,GDP|PPP [per capita],USD_2017/yr,2080,SWZ,23572.596677698926,23203.7,368.8966776989255,1.5898183380190465
OECD ENV-Growth 2023,SSP3,Eswatini,GDP|PPP [per capita],USD_2017/yr,2085,SWZ,24622.11872264269,24231.9,390.21872264268677,1.610351324669905
OECD ENV-Growth 2023,SSP3,Eswatini,GDP|PPP [per capita],USD_2017/yr,2090,SWZ,25624.606733640885,25217.2,407.40673364088434,1.615590682712134
OECD ENV-Growth 2023,SSP3,Eswatini,GDP|PPP [per capita],USD_2017/yr,2095,SWZ,26572.431243326264,26149.6,422.8312433262654,1.6169702149412053
OECD ENV-Growth 2023,SSP3,Eswatini,GDP|PPP [per capita],USD_2017/yr,2100,SWZ,27460.176699694686,27021.8,438.376699694687,1.622307543149187
OECD ENV-Growth 2023,SSP3,Ethiopia,GDP|PPP [per capita],USD_2017/yr,2025,ETH,2775.7116794843564,2758.77,16.941679484356428,0.6141026430023679
OECD ENV-Growth 2023,SSP3,Ethiopia,GDP|PPP [per capita],USD_2017/yr,2030,ETH,3413.56462478221,3394.88,18.684624782209994,0.550376590106572
OECD ENV-Growth 2023,SSP3,Ethiopia,GDP|PPP [per capita],USD_2017/yr,2035,ETH,4085.491113446547,4066.45,19.041113446547115,0.46824904883982627
OECD ENV-Growth 2023,SSP3,Ethiopia,GDP|PPP [per capita],USD_2017/yr,2040,ETH,4693.848124916744,4673.37,20.47812491674449,0.4381875374032977
OECD ENV-Growth 2023,SSP3,Ethiopia,GDP|PPP [per capita],USD_2017/yr,2045,ETH,5271.84488430913,5245.63,26.214884309129957,0.49974710967281255
OECD ENV-Growth 2023,SSP3,Ethiopia,GDP|PPP [per capita],USD_2017/yr,2050,ETH,5843.576874376507,5808.39,35.18687437650624,0.60579393560877
OECD ENV-Growth 2023,SSP3,Ethiopia,GDP|PPP [per capita],USD_2017/yr,2055,ETH,6414.52431362189,6371.06,43.46431362188923,0.6822147903471201
OECD ENV-Growth 2023,SSP3,Ethiopia,GDP|PPP [per capita],USD_2017/yr,2060,ETH,6960.623086430618,6911.49,49.13308643061828,0.7108899301108484
OECD ENV-Growth 2023,SSP3,Ethiopia,GDP|PPP [per capita],USD_2017/yr,2065,ETH,7520.457403955868,7467.34,53.11740395586821,0.711329656288159
OECD ENV-Growth 2023,SSP3,Ethiopia,GDP|PPP [per capita],USD_2017/yr,2070,ETH,8076.154558658448,8018.49,57.664558658448186,0.7191448596736816
OECD ENV-Growth 2023,SSP3,Ethiopia,GDP|PPP [per capita],USD_2017/yr,2075,ETH,8660.862634604751,8596.91,63.95263460475144,0.7439025720258957
OECD ENV-Growth 2023,SSP3,Ethiopia,GDP|PPP [per capita],USD_2017/yr,2080,ETH,9227.419391257252,9156.43,70.98939125725155,0.7752955164540279
OECD ENV-Growth 2023,SSP3,Ethiopia,GDP|PPP [per capita],USD_2017/yr,2085,ETH,9737.600981207252,9660.26,77.34098120725139,0.8006097269354178
OECD ENV-Growth 2023,SSP3,Ethiopia,GDP|PPP [per capita],USD_2017/yr,2090,ETH,10178.768739471085,10096.9,81.86873947108506,0.8108304476729002
OECD ENV-Growth 2023,SSP3,Ethiopia,GDP|PPP [per capita],USD_2017/yr,2095,ETH,10567.56407404222,10482.9,84.66407404222082,0.8076398138131703
OECD ENV-Growth 2023,SSP3,Ethiopia,GDP|PPP [per capita],USD_2017/yr,2100,ETH,10934.058470328388,10847.6,86.4584703283872,0.7970285623399387
OECD ENV-Growth 2023,SSP3,Fiji,GDP|PPP [per capita],USD_2017/yr,2025,FJI,14156.83435212887,13908.7,248.13435212886907,1.7840226054833956
OECD ENV-Growth 2023,SSP3,Fiji,GDP|PPP [per capita],USD_2017/yr,2030,FJI,15992.024355730886,15691.7,300.32435573088515,1.9139057956173335
OECD ENV-Growth 2023,SSP3,Fiji,GDP|PPP [per capita],USD_2017/yr,2035,FJI,17775.544784647514,17433.1,342.4447846475159,1.9643367195020733
OECD ENV-Growth 2023,SSP3,Fiji,GDP|PPP [per capita],USD_2017/yr,2040,FJI,19482.83263849801,19101.5,381.33263849801006,1.9963491793734003
OECD ENV-Growth 2023,SSP3,Fiji,GDP|PPP [per capita],USD_2017/yr,2045,FJI,21167.216007938063,20739.2,428.0160079380621,2.063801920701194
OECD ENV-Growth 2023,SSP3,Fiji,GDP|PPP [per capita],USD_2017/yr,2050,FJI,22984.127680058165,22501.1,483.0276800581669,2.1466847401156697
OECD ENV-Growth 2023,SSP3,Fiji,GDP|PPP [per capita],USD_2017/yr,2055,FJI,24959.672783709597,24419.7,539.9727837095961,2.2112179253209336
OECD ENV-Growth 2023,SSP3,Fiji,GDP|PPP [per capita],USD_2017/yr,2060,FJI,27018.80787676531,26421.3,597.5078767653104,2.2614628226669784
OECD ENV-Growth 2023,SSP3,Fiji,GDP|PPP [per capita],USD_2017/yr,2065,FJI,29127.235770942894,28470.6,656.6357709428958,2.3063643581199407
OECD ENV-Growth 2023,SSP3,Fiji,GDP|PPP [per capita],USD_2017/yr,2070,FJI,31317.373172600455,30603.6,713.7731726004567,2.332317677006812
OECD ENV-Growth 2023,SSP3,Fiji,GDP|PPP [per capita],USD_2017/yr,2075,FJI,33624.84537083557,32856.4,768.445370835565,2.338799658013553
OECD ENV-Growth 2023,SSP3,Fiji,GDP|PPP [per capita],USD_2017/yr,2080,FJI,36036.250993485395,35210.6,825.6509934853966,2.344893280675128
OECD ENV-Growth 2023,SSP3,Fiji,GDP|PPP [per capita],USD_2017/yr,2085,FJI,38571.962947289845,37684.1,887.8629472898465,2.356067803900973
OECD ENV-Growth 2023,SSP3,Fiji,GDP|PPP [per capita],USD_2017/yr,2090,FJI,41179.12316655326,40224.9,954.22316655326,2.3722201088213017
OECD ENV-Growth 2023,SSP3,Fiji,GDP|PPP [per capita],USD_2017/yr,2095,FJI,43877.09124715023,42852.9,1024.1912471502292,2.3900161882865083
OECD ENV-Growth 2023,SSP3,Fiji,GDP|PPP [per capita],USD_2017/yr,2100,FJI,46618.77899661411,45524.9,1093.878996614112,2.4028147159337245
OECD ENV-Growth 2023,SSP3,France,GDP|PPP [per capita],USD_2017/yr,2095,FRA,54574.21221547084,54513.1,61.112215470842784,0.11210555897727846
OECD ENV-Growth 2023,SSP3,France,GDP|PPP [per capita],USD_2017/yr,2100,FRA,54137.75394146088,54076.2,61.55394146087929,0.11382815630698771
OECD ENV-Growth 2023,SSP3,French Guiana,GDP|PPP [per capita],USD_2017/yr,2045,GUF,56400.20714920498,56333.6,66.6071492049814,0.11823698326572667
OECD ENV-Growth 2023,SSP3,French Guiana,GDP|PPP [per capita],USD_2017/yr,2050,GUF,57883.65458186944,57764.2,119.45458186944597,0.20679691204837247
OECD ENV-Growth 2023,SSP3,French Guiana,GDP|PPP [per capita],USD_2017/yr,2055,GUF,59484.86262818941,59290.3,194.5626281894074,0.32815254466482274
OECD ENV-Growth 2023,SSP3,French Guiana,GDP|PPP [per capita],USD_2017/yr,2060,GUF,61002.01640423472,60746.5,255.5164042347169,0.4206273682182791
OECD ENV-Growth 2023,SSP3,French Guiana,GDP|PPP [per capita],USD_2017/yr,2065,GUF,62645.80480999181,62368.5,277.3048099918087,0.4446231831642716
OECD ENV-Growth 2023,SSP3,French Guiana,GDP|PPP [per capita],USD_2017/yr,2070,GUF,64364.307046448994,64074.9,289.40704644899233,0.45166991512900106
OECD ENV-Growth 2023,SSP3,French Guiana,GDP|PPP [per capita],USD_2017/yr,2075,GUF,66152.06121220131,65838.8,313.2612122013088,0.4758003065081818
OECD ENV-Growth 2023,SSP3,French Guiana,GDP|PPP [per capita],USD_2017/yr,2080,GUF,67768.90532627272,67416.9,352.0053262727306,0.5221321749779813
OECD ENV-Growth 2023,SSP3,French Guiana,GDP|PPP [per capita],USD_2017/yr,2085,GUF,69168.99417954334,68769.7,399.2941795433435,0.580625158381298
OECD ENV-Growth 2023,SSP3,French Guiana,GDP|PPP [per capita],USD_2017/yr,2090,GUF,70424.70338553269,69982,442.7033855326881,0.6325960754661029
OECD ENV-Growth 2023,SSP3,French Guiana,GDP|PPP [per capita],USD_2017/yr,2095,GUF,71681.0095833395,71209.4,471.6095833395084,0.6622855737297442
OECD ENV-Growth 2023,SSP3,French Guiana,GDP|PPP [per capita],USD_2017/yr,2100,GUF,72979.95152383411,72497.4,482.5515238341177,0.6656121789665805
OECD ENV-Growth 2023,SSP3,Gambia,GDP|PPP [per capita],USD_2017/yr,2025,GMB,2421.6115969263533,2405.86,15.751596926353159,0.6547179356385309
OECD ENV-Growth 2023,SSP3,Gambia,GDP|PPP [per capita],USD_2017/yr,2030,GMB,2791.816198455971,2777.38,14.436198455970953,0.5197775765639182
OECD ENV-Growth 2023,SSP3,Gambia,GDP|PPP [per capita],USD_2017/yr,2035,GMB,3286.968871819661,3274.61,12.35887181966109,0.3774150759834328
OECD ENV-Growth 2023,SSP3,Gambia,GDP|PPP [per capita],USD_2017/yr,2040,GMB,3721.725711315078,3711.48,10.245711315078097,0.2760546012662899
OECD ENV-Growth 2023,SSP3,Gambia,GDP|PPP [per capita],USD_2017/yr,2045,GMB,4127.471415817061,4117.53,9.94141581706117,0.2414412479583918
OECD ENV-Growth 2023,SSP3,Gambia,GDP|PPP [per capita],USD_2017/yr,2050,GMB,4544.747499128392,4533.12,11.627499128391719,0.25650102199791136
OECD ENV-Growth 2023,SSP3,Gambia,GDP|PPP [per capita],USD_2017/yr,2055,GMB,4979.379098615402,4965.79,13.589098615401781,0.2736543151321699
OECD ENV-Growth 2023,SSP3,Gambia,GDP|PPP [per capita],USD_2017/yr,2060,GMB,5419.612085409954,5404.69,14.92208540995398,0.27609512127344915
OECD ENV-Growth 2023,SSP3,Gambia,GDP|PPP [per capita],USD_2017/yr,2065,GMB,5849.780256321557,5835.6,14.180256321556953,0.2429956871882403
OECD ENV-Growth 2023,SSP3,Gambia,GDP|PPP [per capita],USD_2017/yr,2070,GMB,6266.499996592415,6255.04,11.459996592415337,0.18321220315801875
OECD ENV-Growth 2023,SSP3,Gambia,GDP|PPP [per capita],USD_2017/yr,2075,GMB,6681.537980513075,6672.67,8.867980513075054,0.132900031218014
OECD ENV-Growth 2023,SSP3,Georgia,GDP|PPP [per capita],USD_2017/yr,2025,GEO,20313.029542557557,20003.8,309.2295425575576,1.5458540005276877
OECD ENV-Growth 2023,SSP3,Georgia,GDP|PPP [per capita],USD_2017/yr,2030,GEO,26967.18203553724,26515.9,451.2820355372387,1.7019299195472855
OECD ENV-Growth 2023,SSP3,Georgia,GDP|PPP [per capita],USD_2017/yr,2035,GEO,33386.74018570211,32802.9,583.840185702109,1.7798432019794257
OECD ENV-Growth 2023,SSP3,Georgia,GDP|PPP [per capita],USD_2017/yr,2040,GEO,37812.19600298082,37139.3,672.896002980815,1.8118166012305426
OECD ENV-Growth 2023,SSP3,Georgia,GDP|PPP [per capita],USD_2017/yr,2045,GEO,40718.59836278105,39982.4,736.1983627810478,1.841306081628536
OECD ENV-Growth 2023,SSP3,Georgia,GDP|PPP [per capita],USD_2017/yr,2050,GEO,42994.074878961685,42195.1,798.974878961686,1.8935252646911278
OECD ENV-Growth 2023,SSP3,Georgia,GDP|PPP [per capita],USD_2017/yr,2055,GEO,45155.38001523667,44284.1,871.280015236669,1.9674782037721643
OECD ENV-Growth 2023,SSP3,Georgia,GDP|PPP [per capita],USD_2017/yr,2060,GEO,47283.651159394976,46342.8,940.8511593949734,2.0301992097908914
OECD ENV-Growth 2023,SSP3,Georgia,GDP|PPP [per capita],USD_2017/yr,2065,GEO,49217.249430790005,48228.1,989.1494307900066,2.0509815455927285
OECD ENV-Growth 2023,SSP3,Georgia,GDP|PPP [per capita],USD_2017/yr,2070,GEO,50641.56173090249,49634.9,1006.6617309024878,2.028132888154278
OECD ENV-Growth 2023,SSP3,Georgia,GDP|PPP [per capita],USD_2017/yr,2075,GEO,51603.25818328864,50596.5,1006.7581832886426,1.9897783113231995
OECD ENV-Growth 2023,SSP3,Georgia,GDP|PPP [per capita],USD_2017/yr,2080,GEO,52251.318613480726,51250.5,1000.8186134807256,1.952797755106244
OECD ENV-Growth 2023,SSP3,Georgia,GDP|PPP [per capita],USD_2017/yr,2085,GEO,52771.71170987519,51774.4,997.31170987519,1.9262641573348795
OECD ENV-Growth 2023,SSP3,Georgia,GDP|PPP [per capita],USD_2017/yr,2090,GEO,53251.84735857043,52251.8,1000.047358570424,1.9139003030908481
OECD ENV-Growth 2023,SSP3,Georgia,GDP|PPP [per capita],USD_2017/yr,2095,GEO,53669.843597874584,52664.4,1005.4435978745823,1.909152288594539
OECD ENV-Growth 2023,SSP3,Georgia,GDP|PPP [per capita],USD_2017/yr,2100,GEO,53992.74944792437,52982.4,1010.3494479243673,1.9069529653703252
OECD ENV-Growth 2023,SSP3,Ghana,GDP|PPP [per capita],USD_2017/yr,2025,GHA,5649.819834795302,5623,26.819834795302086,0.47696665117023096
OECD ENV-Growth 2023,SSP3,Ghana,GDP|PPP [per capita],USD_2017/yr,2030,GHA,6523.164496206797,6498.46,24.704496206796648,0.3801592409093331
OECD ENV-Growth 2023,SSP3,Ghana,GDP|PPP [per capita],USD_2017/yr,2035,GHA,7407.515854183293,7391.88,15.635854183293304,0.21152743528430254
OECD ENV-Growth 2023,SSP3,Grenada,GDP|PPP [per capita],USD_2017/yr,2025,GRD,16030.031361865242,15883.3,146.73136186524243,0.9238090438715031
OECD ENV-Growth 2023,SSP3,Grenada,GDP|PPP [per capita],USD_2017/yr,2030,GRD,17997.115043428625,17825,172.11504342862463,0.9655822913246823
OECD ENV-Growth 2023,SSP3,Grenada,GDP|PPP [per capita],USD_2017/yr,2035,GRD,19913.039539834237,19723.4,189.63953983423562,0.9614951774756665
OECD ENV-Growth 2023,SSP3,Grenada,GDP|PPP [per capita],USD_2017/yr,2040,GRD,21368.36816868734,21165.5,202.86816868733877,0.958485122899713
OECD ENV-Growth 2023,SSP3,Grenada,GDP|PPP [per capita],USD_2017/yr,2045,GRD,22244.22728917843,22032.7,211.52728917842978,0.9600606788020976
OECD ENV-Growth 2023,SSP3,Grenada,GDP|PPP [per capita],USD_2017/yr,2050,GRD,22899.424694746875,22667,232.4246947468746,1.0253879858246553
OECD ENV-Growth 2023,SSP3,Grenada,GDP|PPP [per capita],USD_2017/yr,2055,GRD,23558.371154815937,23299.5,258.8711548159372,1.1110588416744445
OECD ENV-Growth 2023,SSP3,Grenada,GDP|PPP [per capita],USD_2017/yr,2060,GRD,24300.122355023123,24023.2,276.9223550231218,1.152728841383004
OECD ENV-Growth 2023,SSP3,Grenada,GDP|PPP [per capita],USD_2017/yr,2065,GRD,25107.98929663608,24822.7,285.2892966360778,1.149308079443726
OECD ENV-Growth 2023,SSP3,Grenada,GDP|PPP [per capita],USD_2017/yr,2070,GRD,25827.967718664248,25536.9,291.06771866424606,1.1397926869128439
OECD ENV-Growth 2023,SSP3,Grenada,GDP|PPP [per capita],USD_2017/yr,2075,GRD,26457.92654889077,26159,298.9265488907695,1.1427292667562579
OECD ENV-Growth 2023,SSP3,Grenada,GDP|PPP [per capita],USD_2017/yr,2080,GRD,27026.485702991173,26714.1,312.3857029911742,1.1693663757759918
OECD ENV-Growth 2023,SSP3,Grenada,GDP|PPP [per capita],USD_2017/yr,2085,GRD,27581.27065927488,27254.2,327.0706592748793,1.2000743345057983
OECD ENV-Growth 2023,SSP3,Grenada,GDP|PPP [per capita],USD_2017/yr,2090,GRD,28143.326235858494,27806,337.32623585849433,1.2131418969233054
OECD ENV-Growth 2023,SSP3,Grenada,GDP|PPP [per capita],USD_2017/yr,2095,GRD,28711.63709082192,28367.8,343.8370908219222,1.212068228138672
OECD ENV-Growth 2023,SSP3,Grenada,GDP|PPP [per capita],USD_2017/yr,2100,GRD,29274.894523917206,28921.3,353.59452391720697,1.2226093706617855
OECD ENV-Growth 2023,SSP3,Guam,GDP|PPP [per capita],USD_2017/yr,2025,GUM,39819.947236862616,39248.9,571.0472368626142,1.4549381940961765
OECD ENV-Growth 2023,SSP3,Guam,GDP|PPP [per capita],USD_2017/yr,2030,GUM,48458.00132802125,47747.7,710.3013280212544,1.4876137029035001
OECD ENV-Growth 2023,SSP3,Guam,GDP|PPP [per capita],USD_2017/yr,2035,GUM,54876.72235869629,54075.7,801.0223586962893,1.481298177732862
OECD ENV-Growth 2023,SSP3,Guam,GDP|PPP [per capita],USD_2017/yr,2040,GUM,59749.70896391152,58888.8,860.9089639115191,1.4619230887902608
OECD ENV-Growth 2023,SSP3,Guam,GDP|PPP [per capita],USD_2017/yr,2045,GUM,64016.127835357554,63091.8,924.3278353575515,1.4650522498289025
OECD ENV-Growth 2023,SSP3,Guam,GDP|PPP [per capita],USD_2017/yr,2050,GUM,68202.30901403556,67198.2,1004.1090140355664,1.4942498668648363
OECD ENV-Growth 2023,SSP3,Guam,GDP|PPP [per capita],USD_2017/yr,2055,GUM,72218.64677878836,71113.5,1105.1467787883594,1.5540604509528562
OECD ENV-Growth 2023,SSP3,Guam,GDP|PPP [per capita],USD_2017/yr,2060,GUM,75649.9635881237,74460.1,1189.8635881236987,1.5979881683259873
OECD ENV-Growth 2023,SSP3,Guam,GDP|PPP [per capita],USD_2017/yr,2065,GUM,78301.57471394585,77062.7,1238.8747139458574,1.6076191386310854
OECD ENV-Growth 2023,SSP3,Guam,GDP|PPP [per capita],USD_2017/yr,2070,GUM,80182.45564455591,78929.8,1252.6556445559108,1.5870503213690021
OECD ENV-Growth 2023,SSP3,Guam,GDP|PPP [per capita],USD_2017/yr,2075,GUM,81628.83672942997,80355.1,1273.736729429962,1.5851348942754873
OECD ENV-Growth 2023,SSP3,Guam,GDP|PPP [per capita],USD_2017/yr,2080,GUM,82910.11655050731,81613.8,1296.316550507312,1.5883546048674515
OECD ENV-Growth 2023,SSP3,Guam,GDP|PPP [per capita],USD_2017/yr,2085,GUM,84059.50072412186,82724.6,1334.9007241218496,1.613668393829465
OECD ENV-Growth 2023,SSP3,Guam,GDP|PPP [per capita],USD_2017/yr,2090,GUM,85018.95853893393,83647.2,1371.7585389339365,1.6399336008066459
OECD ENV-Growth 2023,SSP3,Guam,GDP|PPP [per capita],USD_2017/yr,2095,GUM,85688.76546050963,84298.2,1390.5654605096352,1.6495790663497385
OECD ENV-Growth 2023,SSP3,Guam,GDP|PPP [per capita],USD_2017/yr,2100,GUM,86100.38463148043,84698.5,1401.884631480425,1.6551469405956718
OECD ENV-Growth 2023,SSP3,Guatemala,GDP|PPP [per capita],USD_2017/yr,2025,GTM,9487.813631794208,9414.64,73.17363179420863,0.7772323933173083
OECD ENV-Growth 2023,SSP3,Guatemala,GDP|PPP [per capita],USD_2017/yr,2030,GTM,10522.276852152005,10441.6,80.67685215200436,0.7726483695219541
OECD ENV-Growth 2023,SSP3,Guatemala,GDP|PPP [per capita],USD_2017/yr,2035,GTM,11664.631060118754,11578.9,85.73106011875461,0.7404076390568587
OECD ENV-Growth 2023,SSP3,Guatemala,GDP|PPP [per capita],USD_2017/yr,2040,GTM,12891.97883671246,12797.6,94.37883671245982,0.7374729379919658
OECD ENV-Growth 2023,SSP3,Guatemala,GDP|PPP [per capita],USD_2017/yr,2045,GTM,14220.95748435838,14109.9,111.05748435837995,0.7870890960132952
OECD ENV-Growth 2023,SSP3,Guatemala,GDP|PPP [per capita],USD_2017/yr,2050,GTM,15612.110543338027,15480,132.11054333802713,0.8534272825453949
OECD ENV-Growth 2023,SSP3,Guatemala,GDP|PPP [per capita],USD_2017/yr,2055,GTM,17039.87919699676,16886.4,153.47919699675913,0.9088923453001179
OECD ENV-Growth 2023,SSP3,Guatemala,GDP|PPP [per capita],USD_2017/yr,2060,GTM,18398.849087319613,18226.2,172.6490873196126,0.9472577241532112
OECD ENV-Growth 2023,SSP3,Guatemala,GDP|PPP [per capita],USD_2017/yr,2065,GTM,19660.362711828195,19471.7,188.662711828194,0.968907243990992
OECD ENV-Growth 2023,SSP3,Guatemala,GDP|PPP [per capita],USD_2017/yr,2070,GTM,20773.137499178487,20570.5,202.6374991784869,0.9850878645559754
OECD ENV-Growth 2023,SSP3,Guatemala,GDP|PPP [per capita],USD_2017/yr,2075,GTM,21788.52062997234,21571.5,217.02062997233952,1.0060525692341262
OECD ENV-Growth 2023,SSP3,Guatemala,GDP|PPP [per capita],USD_2017/yr,2080,GTM,22701.581888569293,22469.4,232.1818885692919,1.0333248265164707
OECD ENV-Growth 2023,SSP3,Guatemala,GDP|PPP [per capita],USD_2017/yr,2085,GTM,23507.8751976415,23261.1,246.77519764150202,1.0608922090593396
OECD ENV-Growth 2023,SSP3,Guatemala,GDP|PPP [per capita],USD_2017/yr,2090,GTM,24221.11411383127,23961.9,259.21411383126906,1.081776127232269
OECD ENV-Growth 2023,SSP3,Guatemala,GDP|PPP [per capita],USD_2017/yr,2095,GTM,24846.51590928554,24577.8,268.71590928553996,1.093327756290392
OECD ENV-Growth 2023,SSP3,Guatemala,GDP|PPP [per capita],USD_2017/yr,2100,GTM,25396.744680587715,25121.5,275.24468058771527,1.0956538446657853
OECD ENV-Growth 2023,SSP3,Guinea,GDP|PPP [per capita],USD_2017/yr,2025,GIN,3038.438969142954,3008.42,30.01896914295412,0.9978317237272096
OECD ENV-Growth 2023,SSP3,Guinea,GDP|PPP [per capita],USD_2017/yr,2030,GIN,3541.599872992757,3510.68,30.919872992757064,0.8807374352762732
OECD ENV-Growth 2023,SSP3,Guinea,GDP|PPP [per capita],USD_2017/yr,2035,GIN,4249.63776209332,4217.46,32.17776209331987,0.7629654363839816
OECD ENV-Growth 2023,SSP3,Guinea,GDP|PPP [per capita],USD_2017/yr,2040,GIN,5023.3663442627285,4987.28,36.086344262728744,0.7235676413341289
OECD ENV-Growth 2023,SSP3,Guinea,GDP|PPP [per capita],USD_2017/yr,2045,GIN,5827.451282976592,5784.05,43.401282976591574,0.7503614764151688
OECD ENV-Growth 2023,SSP3,Guinea,GDP|PPP [per capita],USD_2017/yr,2050,GIN,6645.993627278138,6594.21,51.78362727813783,0.7852893262140245
OECD ENV-Growth 2023,SSP3,Guinea,GDP|PPP [per capita],USD_2017/yr,2055,GIN,7466.066896243826,7405.6,60.46689624382543,0.8165023258591528
OECD ENV-Growth 2023,SSP3,Guinea,GDP|PPP [per capita],USD_2017/yr,2060,GIN,8267.777512774495,8199.82,67.95751277449563,0.8287683482624696
OECD ENV-Growth 2023,SSP3,Guinea,GDP|PPP [per capita],USD_2017/yr,2065,GIN,9064.218213710974,8985.56,78.65821371097445,0.875384658396076
OECD ENV-Growth 2023,SSP3,Guinea,GDP|PPP [per capita],USD_2017/yr,2070,GIN,9821.554444308047,9737.17,84.38444430804702,0.8666218655733342
OECD ENV-Growth 2023,SSP3,Guinea,GDP|PPP [per capita],USD_2017/yr,2075,GIN,10574.101940937251,10483.1,91.00194093725077,0.8680823509958959
OECD ENV-Growth 2023,SSP3,Guinea,GDP|PPP [per capita],USD_2017/yr,2080,GIN,11287.862713773491,11189.9,97.96271377349149,0.8754565614839407
OECD ENV-Growth 2023,SSP3,Guinea,GDP|PPP [per capita],USD_2017/yr,2085,GIN,11974.706463041604,11869.7,105.00646304160364,0.8846597895616876
OECD ENV-Growth 2023,SSP3,Guinea,GDP|PPP [per capita],USD_2017/yr,2090,GIN,12594.700127719749,12484.1,110.60012771974834,0.885927922074866
OECD ENV-Growth 2023,SSP3,Guinea,GDP|PPP [per capita],USD_2017/yr,2095,GIN,13154.455541560072,13039.7,114.75554156007092,0.8800474056923926
OECD ENV-Growth 2023,SSP3,Guinea,GDP|PPP [per capita],USD_2017/yr,2100,GIN,13659.66249792231,13542.3,117.36249792231138,0.8666363758173381
OECD ENV-Growth 2023,SSP3,Guinea-Bissau,GDP|PPP [per capita],USD_2017/yr,2025,GNB,2432.0729647623207,2425,7.07296476232068,0.29166864999260533
OECD ENV-Growth 2023,SSP3,Guinea-Bissau,GDP|PPP [per capita],USD_2017/yr,2030,GNB,2793.8996659675804,2788.24,5.659665967580622,0.20298345793692876
OECD ENV-Growth 2023,SSP3,Guinea-Bissau,GDP|PPP [per capita],USD_2017/yr,2035,GNB,3186.7871245278575,3183.26,3.527124527857268,0.11080227590134854
OECD ENV-Growth 2023,SSP3,Guyana,GDP|PPP [per capita],USD_2017/yr,2025,GUY,73717.10632147639,72058.9,1658.2063214763912,2.301181840794671
OECD ENV-Growth 2023,SSP3,Guyana,GDP|PPP [per capita],USD_2017/yr,2030,GUY,145788.6195885463,142358,3430.6195885463094,2.409853740953307
OECD ENV-Growth 2023,SSP3,Guyana,GDP|PPP [per capita],USD_2017/yr,2035,GUY,207273.0240771056,202340,4933.024077105598,2.4379875838220806
OECD ENV-Growth 2023,SSP3,Guyana,GDP|PPP [per capita],USD_2017/yr,2040,GUY,264129.1346680528,257796,6333.134668052779,2.456645823850168
OECD ENV-Growth 2023,SSP3,Guyana,GDP|PPP [per capita],USD_2017/yr,2045,GUY,309486.64252561703,301893,7593.642525617033,2.5153423648832645
OECD ENV-Growth 2023,SSP3,Guyana,GDP|PPP [per capita],USD_2017/yr,2050,GUY,325303.1881596878,317065,8238.188159687794,2.5982647594934143
OECD ENV-Growth 2023,SSP3,Guyana,GDP|PPP [per capita],USD_2017/yr,2055,GUY,308251.87055401836,300230,8021.870554018358,2.6719083882418007
OECD ENV-Growth 2023,SSP3,Guyana,GDP|PPP [per capita],USD_2017/yr,2060,GUY,272021.4514095003,264801,7220.451409500325,2.726746277204514
OECD ENV-Growth 2023,SSP3,Guyana,GDP|PPP [per capita],USD_2017/yr,2065,GUY,232749.60176223496,226513,6236.601762234961,2.753308535154698
OECD ENV-Growth 2023,SSP3,Guyana,GDP|PPP [per capita],USD_2017/yr,2070,GUY,198991.76090687336,193622,5369.760906873358,2.7733216818715634
OECD ENV-Growth 2023,SSP3,Guyana,GDP|PPP [per capita],USD_2017/yr,2075,GUY,172569.0238891484,167868,4701.023889148404,2.800428842393073
OECD ENV-Growth 2023,SSP3,Guyana,GDP|PPP [per capita],USD_2017/yr,2080,GUY,152188.7116649956,147987,4201.711664995586,2.839243761273346
OECD ENV-Growth 2023,SSP3,Guyana,GDP|PPP [per capita],USD_2017/yr,2085,GUY,136251.66911571927,132438,3813.669115719269,2.879588272036175
OECD ENV-Growth 2023,SSP3,Guyana,GDP|PPP [per capita],USD_2017/yr,2090,GUY,123497.59313162432,119994,3503.5931316243223,2.919806933366937
OECD ENV-Growth 2023,SSP3,Guyana,GDP|PPP [per capita],USD_2017/yr,2095,GUY,113109.2625698213,109856,3253.262569821294,2.961388153420199
OECD ENV-Growth 2023,SSP3,Guyana,GDP|PPP [per capita],USD_2017/yr,2100,GUY,104550.99489326013,101500,3050.9948932601255,3.0059062987784486
OECD ENV-Growth 2023,SSP3,Haiti,GDP|PPP [per capita],USD_2017/yr,2025,HTI,2724.966568949508,2704.69,20.276568949508146,0.7496818100968372
OECD ENV-Growth 2023,SSP3,Haiti,GDP|PPP [per capita],USD_2017/yr,2030,HTI,2831.772176768935,2810.94,20.832176768934914,0.7411106878458776
OECD ENV-Growth 2023,SSP3,Haiti,GDP|PPP [per capita],USD_2017/yr,2035,HTI,3239.15953157918,3216.23,22.929531579180093,0.7129319600644262
OECD ENV-Growth 2023,SSP3,Haiti,GDP|PPP [per capita],USD_2017/yr,2040,HTI,3651.431336272512,3625.7,25.73133627251218,0.7096929219878143
OECD ENV-Growth 2023,SSP3,Haiti,GDP|PPP [per capita],USD_2017/yr,2045,HTI,4020.1814163360855,3990.28,29.901416336085276,0.7493563443188267
OECD ENV-Growth 2023,SSP3,Haiti,GDP|PPP [per capita],USD_2017/yr,2050,HTI,4391.603611284972,4356.04,35.56361128497247,0.8164206776102255
OECD ENV-Growth 2023,SSP3,Haiti,GDP|PPP [per capita],USD_2017/yr,2055,HTI,4792.455266454909,4750.45,42.00526645490936,0.8842376291700652
OECD ENV-Growth 2023,SSP3,Haiti,GDP|PPP [per capita],USD_2017/yr,2060,HTI,5207.665658307476,5159.48,48.18565830747684,0.9339247037972207
OECD ENV-Growth 2023,SSP3,Haiti,GDP|PPP [per capita],USD_2017/yr,2065,HTI,5626.032617783402,5572.31,53.7226177834018,0.9640995885620469
OECD ENV-Growth 2023,SSP3,Haiti,GDP|PPP [per capita],USD_2017/yr,2070,HTI,6007.995894387369,5949.46,58.5358943873689,0.9838858381663025
OECD ENV-Growth 2023,SSP3,Haiti,GDP|PPP [per capita],USD_2017/yr,2075,HTI,6369.377228207546,6305.91,63.46722820754621,1.0064721540197406
OECD ENV-Growth 2023,SSP3,Haiti,GDP|PPP [per capita],USD_2017/yr,2080,HTI,6715.978042254918,6647.02,68.95804225491793,1.0374279339451051
OECD ENV-Growth 2023,SSP3,Haiti,GDP|PPP [per capita],USD_2017/yr,2085,HTI,7055.9543211523105,6981.33,74.62432115231059,1.068912673549461
OECD ENV-Growth 2023,SSP3,Haiti,GDP|PPP [per capita],USD_2017/yr,2090,HTI,7392.599168859327,7312.85,79.74916885932635,1.0905347280379927
OECD ENV-Growth 2023,SSP3,Haiti,GDP|PPP [per capita],USD_2017/yr,2095,HTI,7721.736513950227,7637.8,83.93651395022698,1.0989619255574508
OECD ENV-Growth 2023,SSP3,Haiti,GDP|PPP [per capita],USD_2017/yr,2100,HTI,8037.799497987955,7950.84,86.95949798795482,1.093714601073029
OECD ENV-Growth 2023,SSP3,Honduras,GDP|PPP [per capita],USD_2017/yr,2025,HND,6045.558333546523,6011.04,34.518333546522626,0.5742489410571653
OECD ENV-Growth 2023,SSP3,Honduras,GDP|PPP [per capita],USD_2017/yr,2030,HND,6742.715041154599,6703.37,39.34504115459913,0.5869441960476466
OECD ENV-Growth 2023,SSP3,Honduras,GDP|PPP [per capita],USD_2017/yr,2035,HND,7538.284166305442,7495.82,42.46416630544263,0.5665046159785404
OECD ENV-Growth 2023,SSP3,Honduras,GDP|PPP [per capita],USD_2017/yr,2040,HND,8373.452397941786,8325.07,48.38239794178662,0.581165058573521
OECD ENV-Growth 2023,SSP3,Honduras,GDP|PPP [per capita],USD_2017/yr,2045,HND,9199.031818675692,9139.77,59.26181867569176,0.6483950764153994
OECD ENV-Growth 2023,SSP3,Honduras,GDP|PPP [per capita],USD_2017/yr,2050,HND,10053.698821287198,9980.78,72.91882128719772,0.7305924114868548
OECD ENV-Growth 2023,SSP3,Honduras,GDP|PPP [per capita],USD_2017/yr,2055,HND,10936.162434901424,10849.5,86.6624349014237,0.798768928535174
OECD ENV-Growth 2023,SSP3,Honduras,GDP|PPP [per capita],USD_2017/yr,2060,HND,11810.582224294232,11710.8,99.78222429423295,0.8520530134084174
OECD ENV-Growth 2023,SSP3,Honduras,GDP|PPP [per capita],USD_2017/yr,2065,HND,12696.541754021093,12584.6,111.94175402109249,0.8895138027517162
OECD ENV-Growth 2023,SSP3,Honduras,GDP|PPP [per capita],USD_2017/yr,2070,HND,13592.897129079543,13468.6,124.29712907954308,0.9228659926016295
OECD ENV-Growth 2023,SSP3,Honduras,GDP|PPP [per capita],USD_2017/yr,2075,HND,14481.947949114883,14343.9,138.04794911488352,0.9624157245580597
OECD ENV-Growth 2023,SSP3,Honduras,GDP|PPP [per capita],USD_2017/yr,2080,HND,15328.024856427735,15174.7,153.32485642773463,1.010397941492976
OECD ENV-Growth 2023,SSP3,Honduras,GDP|PPP [per capita],USD_2017/yr,2085,HND,16121.544379260626,15953,168.54437926062565,1.0565058563318852
OECD ENV-Growth 2023,SSP3,Honduras,GDP|PPP [per capita],USD_2017/yr,2090,HND,16872.518423301568,16690,182.51842330156796,1.0935795284695504
OECD ENV-Growth 2023,SSP3,Honduras,GDP|PPP [per capita],USD_2017/yr,2095,HND,17593.55097198407,17399,194.5509719840702,1.1181732972243819
OECD ENV-Growth 2023,SSP3,Honduras,GDP|PPP [per capita],USD_2017/yr,2100,HND,18302.593060559662,18097.6,204.99306055966372,1.132708539030942
OECD ENV-Growth 2023,SSP3,Hungary,GDP|PPP [per capita],USD_2017/yr,2090,HUN,50074.45346557727,50001.9,72.55346557727171,0.145101417300686
OECD ENV-Growth 2023,SSP3,Hungary,GDP|PPP [per capita],USD_2017/yr,2095,HUN,48891.13874224925,48799.8,91.33874224924512,0.18717032088091573
OECD ENV-Growth 2023,SSP3,Hungary,GDP|PPP [per capita],USD_2017/yr,2100,HUN,47578.38776980019,47478.8,99.58776980018592,0.2097520784016991
OECD ENV-Growth 2023,SSP3,India,GDP|PPP [per capita],USD_2017/yr,2025,IND,8199.95823513582,8172.97,26.988235135820105,0.33021331457010245
OECD ENV-Growth 2023,SSP3,India,GDP|PPP [per capita],USD_2017/yr,2030,IND,10365.362958245278,10329.4,35.96295824527806,0.34816115403874437
OECD ENV-Growth 2023,SSP3,India,GDP|PPP [per capita],USD_2017/yr,2035,IND,12266.828712039023,12224.9,41.928712039023594,0.34297795514911034
OECD ENV-Growth 2023,SSP3,India,GDP|PPP [per capita],USD_2017/yr,2040,IND,13926.10139962804,13878.9,47.201399628040235,0.3400946734110069
OECD ENV-Growth 2023,SSP3,India,GDP|PPP [per capita],USD_2017/yr,2045,IND,15398.661279305274,15340.2,58.46127930527291,0.38109854698943235
OECD ENV-Growth 2023,SSP3,India,GDP|PPP [per capita],USD_2017/yr,2050,IND,16830.855994485857,16749.5,81.35599448585708,0.4857219289283685
OECD ENV-Growth 2023,SSP3,India,GDP|PPP [per capita],USD_2017/yr,2055,IND,18232.50006450444,18124.4,108.10006450443689,0.5964338930085238
OECD ENV-Growth 2023,SSP3,India,GDP|PPP [per capita],USD_2017/yr,2060,IND,19531.226132027183,19404.9,126.3261320271813,0.6510012008677257
OECD ENV-Growth 2023,SSP3,India,GDP|PPP [per capita],USD_2017/yr,2065,IND,20724.16189933273,20587.5,136.66189933272835,0.663810075690241
OECD ENV-Growth 2023,SSP3,India,GDP|PPP [per capita],USD_2017/yr,2070,IND,21808.1800047731,21660.5,147.68000477310125,0.6817940711114759
OECD ENV-Growth 2023,SSP3,India,GDP|PPP [per capita],USD_2017/yr,2075,IND,22847.980634030573,22682.9,165.08063403057167,0.727775699009261
OECD ENV-Growth 2023,SSP3,India,GDP|PPP [per capita],USD_2017/yr,2080,IND,23808.16905756888,23620.1,188.06905756888227,0.7962246458265727
OECD ENV-Growth 2023,SSP3,India,GDP|PPP [per capita],USD_2017/yr,2085,IND,24664.667668637496,24454.1,210.56766863749726,0.861073066019593
OECD ENV-Growth 2023,SSP3,India,GDP|PPP [per capita],USD_2017/yr,2090,IND,25403.700673212308,25177.4,226.30067321230672,0.8988246332516729
OECD ENV-Growth 2023,SSP3,India,GDP|PPP [per capita],USD_2017/yr,2095,IND,26052.819553377372,25819,233.81955337737236,0.9056104162724053
OECD ENV-Growth 2023,SSP3,India,GDP|PPP [per capita],USD_2017/yr,2100,IND,26661.70359527881,26424.7,237.00359527880937,0.8969017444996891
OECD ENV-Growth 2023,SSP3,Indonesia,GDP|PPP [per capita],USD_2017/yr,2025,IDN,14268.93961118748,14224.1,44.83961118747902,0.31523689504066355
OECD ENV-Growth 2023,SSP3,Indonesia,GDP|PPP [per capita],USD_2017/yr,2030,IDN,17001.713322085892,16946.5,55.21332208589229,0.3258095895075224
OECD ENV-Growth 2023,SSP3,Indonesia,GDP|PPP [per capita],USD_2017/yr,2035,IDN,19200.07500055651,19135.9,64.17500055650817,0.3353644226637271
OECD ENV-Growth 2023,SSP3,Indonesia,GDP|PPP [per capita],USD_2017/yr,2040,IDN,21036.288583875674,20964.3,71.98858387567452,0.3433865374740608
OECD ENV-Growth 2023,SSP3,Indonesia,GDP|PPP [per capita],USD_2017/yr,2045,IDN,22498.418047512685,22408.4,90.01804751268355,0.40171564017370065
OECD ENV-Growth 2023,SSP3,Indonesia,GDP|PPP [per capita],USD_2017/yr,2050,IDN,23730.187653495235,23619.8,110.38765349523601,0.467352193901879
OECD ENV-Growth 2023,SSP3,Indonesia,GDP|PPP [per capita],USD_2017/yr,2055,IDN,24887.95338577128,24756.1,131.85338577128277,0.5326096831539814
OECD ENV-Growth 2023,SSP3,Indonesia,GDP|PPP [per capita],USD_2017/yr,2060,IDN,25907.57434948123,25760.6,146.9743494812319,0.5705393099587429
OECD ENV-Growth 2023,SSP3,Indonesia,GDP|PPP [per capita],USD_2017/yr,2065,IDN,26777.24341002639,26622.2,155.0434100263883,0.582383912773506
OECD ENV-Growth 2023,SSP3,Indonesia,GDP|PPP [per capita],USD_2017/yr,2070,IDN,27543.331631809564,27383.9,159.43163180956253,0.5822093705044297
OECD ENV-Growth 2023,SSP3,Indonesia,GDP|PPP [per capita],USD_2017/yr,2075,IDN,28240.339369341065,28076.8,163.53936934106605,0.5824715399941092
OECD ENV-Growth 2023,SSP3,Indonesia,GDP|PPP [per capita],USD_2017/yr,2080,IDN,28860.034248362244,28693.3,166.73424836224513,0.5810912246491172
OECD ENV-Growth 2023,SSP3,Indonesia,GDP|PPP [per capita],USD_2017/yr,2085,IDN,29398.78317553254,29239.9,158.88317553253728,0.5433779716501673
OECD ENV-Growth 2023,SSP3,Indonesia,GDP|PPP [per capita],USD_2017/yr,2090,IDN,29860.27762752936,29716,144.27762752936178,0.4855216971643619
OECD ENV-Growth 2023,SSP3,Indonesia,GDP|PPP [per capita],USD_2017/yr,2095,IDN,30254.637310648606,30128.8,125.83731064860694,0.4176645291170141
OECD ENV-Growth 2023,SSP3,Indonesia,GDP|PPP [per capita],USD_2017/yr,2100,IDN,30591.65360594883,30489,102.65360594883168,0.3366906292395017
OECD ENV-Growth 2023,SSP3,Iran,GDP|PPP [per capita],USD_2017/yr,2025,IRN,16250.342646802634,16233.2,17.142646802632953,0.1056023877155025
OECD ENV-Growth 2023,SSP3,Iran,GDP|PPP [per capita],USD_2017/yr,2030,IRN,17394.5860001336,17371.8,22.786000133601192,0.1311666041147215
OECD ENV-Growth 2023,SSP3,Iran,GDP|PPP [per capita],USD_2017/yr,2035,IRN,18832.16739642444,18808.7,23.467396424439357,0.12476883795498549
OECD ENV-Growth 2023,SSP3,Iran,GDP|PPP [per capita],USD_2017/yr,2040,IRN,19699.44864053144,19673.5,25.948640531438286,0.13189641157617243
OECD ENV-Growth 2023,SSP3,Iran,GDP|PPP [per capita],USD_2017/yr,2045,IRN,20194.619290154475,20161.9,32.71929015447313,0.16228277173516945
OECD ENV-Growth 2023,SSP3,Iran,GDP|PPP [per capita],USD_2017/yr,2050,IRN,20474.239136063,20432.2,42.039136062998296,0.20574943502412024
OECD ENV-Growth 2023,SSP3,Iran,GDP|PPP [per capita],USD_2017/yr,2055,IRN,20659.886857362755,20603.8,56.086857362755836,0.2722160832601551
OECD ENV-Growth 2023,SSP3,Iran,GDP|PPP [per capita],USD_2017/yr,2060,IRN,20886.60094842268,20813.5,73.10094842268154,0.3512189128338893
OECD ENV-Growth 2023,SSP3,Iran,GDP|PPP [per capita],USD_2017/yr,2065,IRN,21146.27032237027,21062.4,83.8703223702687,0.39819926679898154
OECD ENV-Growth 2023,SSP3,Iran,GDP|PPP [per capita],USD_2017/yr,2070,IRN,21273.922419766957,21185,88.92241976695732,0.4197423637807757
OECD ENV-Growth 2023,SSP3,Iran,GDP|PPP [per capita],USD_2017/yr,2075,IRN,21295.844279607107,21200.8,95.04427960710746,0.44830515644271657
OECD ENV-Growth 2023,SSP3,Iran,GDP|PPP [per capita],USD_2017/yr,2080,IRN,21248.57720291455,21144.6,103.97720291454971,0.4917435322235924
OECD ENV-Growth 2023,SSP3,Iran,GDP|PPP [per capita],USD_2017/yr,2085,IRN,21165.29579631773,21050.2,115.09579631772795,0.5467681842344868
OECD ENV-Growth 2023,SSP3,Iran,GDP|PPP [per capita],USD_2017/yr,2090,IRN,21069.331947970833,20942.2,127.1319479708327,0.6070610918185897
OECD ENV-Growth 2023,SSP3,Iran,GDP|PPP [per capita],USD_2017/yr,2095,IRN,20973.104051659597,20836,137.10405165959673,0.6580152220176461
OECD ENV-Growth 2023,SSP3,Iran,GDP|PPP [per capita],USD_2017/yr,2100,IRN,20872.375268828517,20729.9,142.47526882851525,0.6872935654707222
OECD ENV-Growth 2023,SSP3,Iraq,GDP|PPP [per capita],USD_2017/yr,2025,IRQ,9469.50151464943,9421.72,47.78151464943039,0.5071421635267276
OECD ENV-Growth 2023,SSP3,Iraq,GDP|PPP [per capita],USD_2017/yr,2030,IRQ,9877.498830738818,9787.91,89.5888307388177,0.9153009247001425
OECD ENV-Growth 2023,SSP3,Iraq,GDP|PPP [per capita],USD_2017/yr,2035,IRQ,11587.341460139018,11489.3,98.04146013901845,0.8533284024180625
OECD ENV-Growth 2023,SSP3,Iraq,GDP|PPP [per capita],USD_2017/yr,2040,IRQ,14878.444252290165,14754.6,123.84425229016415,0.8393602828281631
OECD ENV-Growth 2023,SSP3,Iraq,GDP|PPP [per capita],USD_2017/yr,2045,IRQ,18093.91193229251,17932.5,161.41193229251076,0.900108363543905
OECD ENV-Growth 2023,SSP3,Iraq,GDP|PPP [per capita],USD_2017/yr,2050,IRQ,20904.22466510003,20699.7,204.5246651000307,0.9880561800414048
OECD ENV-Growth 2023,SSP3,Iraq,GDP|PPP [per capita],USD_2017/yr,2055,IRQ,23379.459152472013,23138,241.45915247201265,1.0435610358372058
OECD ENV-Growth 2023,SSP3,Iraq,GDP|PPP [per capita],USD_2017/yr,2060,IRQ,25608.20915135929,25339.7,268.5091513592888,1.0596382410182
OECD ENV-Growth 2023,SSP3,Iraq,GDP|PPP [per capita],USD_2017/yr,2065,IRQ,27733.809111877636,27441.2,292.60911187763486,1.0663131053949348
OECD ENV-Growth 2023,SSP3,Iraq,GDP|PPP [per capita],USD_2017/yr,2070,IRQ,29753.131506930833,29435.7,317.43150693083226,1.0783895301651814
OECD ENV-Growth 2023,SSP3,Iraq,GDP|PPP [per capita],USD_2017/yr,2075,IRQ,31642.787552629135,31298.6,344.1875526291369,1.0996899306331176
OECD ENV-Growth 2023,SSP3,Iraq,GDP|PPP [per capita],USD_2017/yr,2080,IRQ,33345.00180545671,32974.7,370.30180545671465,1.1229876403931338
OECD ENV-Growth 2023,SSP3,Iraq,GDP|PPP [per capita],USD_2017/yr,2085,IRQ,34886.515834020436,34493.3,393.21583402043325,1.1399774275596515
OECD ENV-Growth 2023,SSP3,Iraq,GDP|PPP [per capita],USD_2017/yr,2090,IRQ,36337.71505327447,35925.5,412.21505327447085,1.1474163289988193
OECD ENV-Growth 2023,SSP3,Iraq,GDP|PPP [per capita],USD_2017/yr,2095,IRQ,37750.389316912675,37321.9,428.48931691267353,1.1480908445515194
OECD ENV-Growth 2023,SSP3,Iraq,GDP|PPP [per capita],USD_2017/yr,2100,IRQ,39140.80457909146,38698.1,442.70457909146353,1.1439956460174106
OECD ENV-Growth 2023,SSP3,Israel,GDP|PPP [per capita],USD_2017/yr,2050,ISR,62247.258924182504,62175,72.25892418250442,0.11621861549256843
OECD ENV-Growth 2023,SSP3,Israel,GDP|PPP [per capita],USD_2017/yr,2055,ISR,63689.35125198373,63550.9,138.4512519837299,0.21785883753610077
OECD ENV-Growth 2023,SSP3,Israel,GDP|PPP [per capita],USD_2017/yr,2060,ISR,65037.97163803292,64842.3,195.67163803291623,0.3017654186124123
OECD ENV-Growth 2023,SSP3,Israel,GDP|PPP [per capita],USD_2017/yr,2065,ISR,66166.97615915917,65954.9,212.07615915917268,0.32154723782338035
OECD ENV-Growth 2023,SSP3,Israel,GDP|PPP [per capita],USD_2017/yr,2070,ISR,66899.69597417442,66699.1,200.59597417441546,0.3007476475310993
OECD ENV-Growth 2023,SSP3,Israel,GDP|PPP [per capita],USD_2017/yr,2075,ISR,67284.04885889613,67096.4,187.64885889613652,0.2796705320943248
OECD ENV-Growth 2023,SSP3,Israel,GDP|PPP [per capita],USD_2017/yr,2080,ISR,67398.64263723574,67210.7,187.94263723574113,0.2796320187644841
OECD ENV-Growth 2023,SSP3,Israel,GDP|PPP [per capita],USD_2017/yr,2085,ISR,67363.25256910377,67164.4,198.8525691037794,0.2960684069295332
OECD ENV-Growth 2023,SSP3,Israel,GDP|PPP [per capita],USD_2017/yr,2090,ISR,67246.04147928319,67038.3,207.74147928318416,0.3098847662950644
OECD ENV-Growth 2023,SSP3,Israel,GDP|PPP [per capita],USD_2017/yr,2095,ISR,67053.60251251755,66850.4,203.2025125175569,0.30396603837457503
OECD ENV-Growth 2023,SSP3,Israel,GDP|PPP [per capita],USD_2017/yr,2100,ISR,66766.895875782,66582.6,184.29587578198698,0.27679284945614463
OECD ENV-Growth 2023,SSP3,Jamaica,GDP|PPP [per capita],USD_2017/yr,2025,JAM,10645.31476433542,10552.1,93.21476433542011,0.8833764306196881
OECD ENV-Growth 2023,SSP3,Jamaica,GDP|PPP [per capita],USD_2017/yr,2030,JAM,11274.145893572737,11170.5,103.6458935727369,0.9278536643188479
OECD ENV-Growth 2023,SSP3,Jamaica,GDP|PPP [per capita],USD_2017/yr,2035,JAM,11940.431810855704,11830.9,109.53181085570395,0.9258113149101417
OECD ENV-Growth 2023,SSP3,Jamaica,GDP|PPP [per capita],USD_2017/yr,2040,JAM,12627.259299192472,12512,115.2592991924721,0.9211900510907298
OECD ENV-Growth 2023,SSP3,Jamaica,GDP|PPP [per capita],USD_2017/yr,2045,JAM,13273.47844711946,13150.5,122.97844711945982,0.9351617590164618
OECD ENV-Growth 2023,SSP3,Jamaica,GDP|PPP [per capita],USD_2017/yr,2050,JAM,13990.231125825783,13854.8,135.43112582578397,0.9775032900206714
OECD ENV-Growth 2023,SSP3,Jamaica,GDP|PPP [per capita],USD_2017/yr,2055,JAM,14824.203791029706,14672.8,151.40379102970655,1.0318670671562793
OECD ENV-Growth 2023,SSP3,Jamaica,GDP|PPP [per capita],USD_2017/yr,2060,JAM,15759.196827882222,15591.4,167.79682788222271,1.0762139890081885
OECD ENV-Growth 2023,SSP3,Jamaica,GDP|PPP [per capita],USD_2017/yr,2065,JAM,16783.097625649894,16600.8,182.29762564989505,1.098125546057389
OECD ENV-Growth 2023,SSP3,Jamaica,GDP|PPP [per capita],USD_2017/yr,2070,JAM,17880.431946489134,17686.7,193.7319464891334,1.0953538336101896
OECD ENV-Growth 2023,SSP3,Jamaica,GDP|PPP [per capita],USD_2017/yr,2075,JAM,19067.133926552735,18861.1,206.03392655273638,1.0923749227390576
OECD ENV-Growth 2023,SSP3,Jamaica,GDP|PPP [per capita],USD_2017/yr,2080,JAM,20324.689700927735,20103.6,221.08970092773598,1.0997517903645913
OECD ENV-Growth 2023,SSP3,Jamaica,GDP|PPP [per capita],USD_2017/yr,2085,JAM,21649.285695775627,21410.3,238.9856957756274,1.1162183424595984
OECD ENV-Growth 2023,SSP3,Jamaica,GDP|PPP [per capita],USD_2017/yr,2090,JAM,23027.78144362118,22769.4,258.38144362117964,1.1347749331171644
OECD ENV-Growth 2023,SSP3,Jamaica,GDP|PPP [per capita],USD_2017/yr,2095,JAM,24455.793282259805,24178.3,277.4932822598057,1.1476955876128832
OECD ENV-Growth 2023,SSP3,Jamaica,GDP|PPP [per capita],USD_2017/yr,2100,JAM,25945.08694773578,25649.6,295.48694773578245,1.1520138627338534
OECD ENV-Growth 2023,SSP3,Japan,GDP|PPP [per capita],USD_2017/yr,2060,JPN,53658.06637196183,53579.5,78.56637196183146,0.1466351346351337
OECD ENV-Growth 2023,SSP3,Japan,GDP|PPP [per capita],USD_2017/yr,2065,JPN,53649.30602878298,53548.3,101.0060287829765,0.1886260232033071
OECD ENV-Growth 2023,SSP3,Japan,GDP|PPP [per capita],USD_2017/yr,2070,JPN,53478.08570201971,53369.1,108.9857020197087,0.20421124212270528
OECD ENV-Growth 2023,SSP3,Japan,GDP|PPP [per capita],USD_2017/yr,2075,JPN,53214.28780265743,53101.9,112.38780265743117,0.21164553934497854
OECD ENV-Growth 2023,SSP3,Japan,GDP|PPP [per capita],USD_2017/yr,2080,JPN,52941.10067636688,52818.3,122.80067636687454,0.2324964574150901
OECD ENV-Growth 2023,SSP3,Japan,GDP|PPP [per capita],USD_2017/yr,2085,JPN,52721.64528062484,52579,142.6452806248417,0.27129705894908934
OECD ENV-Growth 2023,SSP3,Japan,GDP|PPP [per capita],USD_2017/yr,2090,JPN,52546.67227245131,52377.4,169.2722724513078,0.32317807384732306
OECD ENV-Growth 2023,SSP3,Japan,GDP|PPP [per capita],USD_2017/yr,2095,JPN,52360.67448055296,52159.9,200.77448055295827,0.3849211377954295
OECD ENV-Growth 2023,SSP3,Japan,GDP|PPP [per capita],USD_2017/yr,2100,JPN,52085.89907145829,51866.6,219.29907145829202,0.4228136632404901
OECD ENV-Growth 2023,SSP3,Jordan,GDP|PPP [per capita],USD_2017/yr,2040,JOR,11445.353430827005,11431.6,13.753430827004195,0.1203106374173711
OECD ENV-Growth 2023,SSP3,Jordan,GDP|PPP [per capita],USD_2017/yr,2045,JOR,12165.61064962348,12138.8,26.810649623481368,0.22086738082414548
OECD ENV-Growth 2023,SSP3,Jordan,GDP|PPP [per capita],USD_2017/yr,2050,JOR,13021.11460906692,12974.3,46.81460906692155,0.3608257020950768
OECD ENV-Growth 2023,SSP3,Jordan,GDP|PPP [per capita],USD_2017/yr,2055,JOR,13983.073981576006,13911.2,71.87398157600546,0.5166627003853402
OECD ENV-Growth 2023,SSP3,Jordan,GDP|PPP [per capita],USD_2017/yr,2060,JOR,14988.043744554709,14891.4,96.64374455470897,0.6489903202835796
OECD ENV-Growth 2023,SSP3,Jordan,GDP|PPP [per capita],USD_2017/yr,2065,JOR,15953.17751240293,15834.9,118.27751240293037,0.7469419598666893
OECD ENV-Growth 2023,SSP3,Jordan,GDP|PPP [per capita],USD_2017/yr,2070,JOR,16854.36712288808,16713.3,141.06712288808194,0.844041110301867
OECD ENV-Growth 2023,SSP3,Jordan,GDP|PPP [per capita],USD_2017/yr,2075,JOR,17707.028608005738,17537.7,169.3286080057369,0.9655120569158835
OECD ENV-Growth 2023,SSP3,Jordan,GDP|PPP [per capita],USD_2017/yr,2080,JOR,18563.036089003508,18359.1,203.93608900350955,1.1108174638381487
OECD ENV-Growth 2023,SSP3,Jordan,GDP|PPP [per capita],USD_2017/yr,2085,JOR,19438.17168419935,19195,243.17168419935115,1.2668490971573387
OECD ENV-Growth 2023,SSP3,Jordan,GDP|PPP [per capita],USD_2017/yr,2090,JOR,20322.71327221099,20038.2,284.51327221098836,1.419854439076306
OECD ENV-Growth 2023,SSP3,Jordan,GDP|PPP [per capita],USD_2017/yr,2095,JOR,21187.83852377463,20861.8,326.03852377463045,1.5628494366479906
OECD ENV-Growth 2023,SSP3,Jordan,GDP|PPP [per capita],USD_2017/yr,2100,JOR,22028.841717158808,21660.4,368.44171715880657,1.7009922123266723
OECD ENV-Growth 2023,SSP3,Kazakhstan,GDP|PPP [per capita],USD_2017/yr,2025,KAZ,29409.528247992264,29138.4,271.1282479922629,0.9304843367935881
OECD ENV-Growth 2023,SSP3,Kazakhstan,GDP|PPP [per capita],USD_2017/yr,2030,KAZ,32039.666006345135,31745,294.6660063451345,0.9282280874000142
OECD ENV-Growth 2023,SSP3,Kazakhstan,GDP|PPP [per capita],USD_2017/yr,2035,KAZ,34861.20274328524,34550.1,311.10274328524247,0.9004394872525476
OECD ENV-Growth 2023,SSP3,Kazakhstan,GDP|PPP [per capita],USD_2017/yr,2040,KAZ,36593.6107332623,36275.4,318.21073326229816,0.8772080618333585
OECD ENV-Growth 2023,SSP3,Kazakhstan,GDP|PPP [per capita],USD_2017/yr,2045,KAZ,37143.68520303025,36807.8,335.88520303024416,0.9125381115694069
OECD ENV-Growth 2023,SSP3,Kazakhstan,GDP|PPP [per capita],USD_2017/yr,2050,KAZ,36894.78142041718,36535.5,359.2814204171809,0.9833762242673042
OECD ENV-Growth 2023,SSP3,Kazakhstan,GDP|PPP [per capita],USD_2017/yr,2055,KAZ,36548.00989720962,36171.4,376.60989720961516,1.0411814229187013
OECD ENV-Growth 2023,SSP3,Kazakhstan,GDP|PPP [per capita],USD_2017/yr,2060,KAZ,36464.523120409074,36078.2,386.3231204090771,1.0707937768765547
OECD ENV-Growth 2023,SSP3,Kazakhstan,GDP|PPP [per capita],USD_2017/yr,2065,KAZ,36718.67773746751,36331,387.67773746750754,1.0670714746841747
OECD ENV-Growth 2023,SSP3,Kazakhstan,GDP|PPP [per capita],USD_2017/yr,2070,KAZ,37094.73800760281,36708.1,386.63800760281447,1.0532770903501256
OECD ENV-Growth 2023,SSP3,Kazakhstan,GDP|PPP [per capita],USD_2017/yr,2075,KAZ,37449.41454570288,37059.6,389.8145457028804,1.0518584812110234
OECD ENV-Growth 2023,SSP3,Kazakhstan,GDP|PPP [per capita],USD_2017/yr,2080,KAZ,37766.37747239061,37368.1,398.27747239061136,1.065822111347945
OECD ENV-Growth 2023,SSP3,Kazakhstan,GDP|PPP [per capita],USD_2017/yr,2085,KAZ,38127.41479051172,37718.7,408.71479051172355,1.0835866308004347
OECD ENV-Growth 2023,SSP3,Kazakhstan,GDP|PPP [per capita],USD_2017/yr,2090,KAZ,38569.8611249334,38152.7,417.1611249334019,1.0933986976895527
OECD ENV-Growth 2023,SSP3,Kazakhstan,GDP|PPP [per capita],USD_2017/yr,2095,KAZ,39081.93617289231,38660.6,421.3361728923119,1.089833507220043
OECD ENV-Growth 2023,SSP3,Kazakhstan,GDP|PPP [per capita],USD_2017/yr,2100,KAZ,39613.198835359115,39192.2,420.99883535911795,1.0741903627740164
OECD ENV-Growth 2023,SSP3,Kenya,GDP|PPP [per capita],USD_2017/yr,2025,KEN,5402.3840484060365,5392.88,9.504048406036418,0.1762332632292285
OECD ENV-Growth 2023,SSP3,Kenya,GDP|PPP [per capita],USD_2017/yr,2030,KEN,6367.0575149568285,6358.46,8.59751495682849,0.13521379322710986
OECD ENV-Growth 2023,SSP3,Kenya,GDP|PPP [per capita],USD_2017/yr,2045,KEN,8842.466980367113,8832.76,9.70698036711292,0.10989747674693888
OECD ENV-Growth 2023,SSP3,Kenya,GDP|PPP [per capita],USD_2017/yr,2050,KEN,9580.94294042678,9563.01,17.93294042677917,0.18752401625407866
OECD ENV-Growth 2023,SSP3,Kenya,GDP|PPP [per capita],USD_2017/yr,2055,KEN,10334.229418272786,10309.9,24.329418272785915,0.23598112758403006
OECD ENV-Growth 2023,SSP3,Kenya,GDP|PPP [per capita],USD_2017/yr,2060,KEN,11050.66448317683,11024,26.66448317682989,0.2418766616185585
OECD ENV-Growth 2023,SSP3,Kenya,GDP|PPP [per capita],USD_2017/yr,2065,KEN,11777.403403007624,11750.1,27.303403007623274,0.2323674097039453
OECD ENV-Growth 2023,SSP3,Kenya,GDP|PPP [per capita],USD_2017/yr,2070,KEN,12488.118515504531,12459.4,28.71851550453175,0.23049677756980075
OECD ENV-Growth 2023,SSP3,Kenya,GDP|PPP [per capita],USD_2017/yr,2075,KEN,13180.45903086325,13148.8,31.659030863251246,0.2407750582809933
OECD ENV-Growth 2023,SSP3,Kenya,GDP|PPP [per capita],USD_2017/yr,2080,KEN,13811.918281352286,13777.5,34.4182813522857,0.24981514318479914
OECD ENV-Growth 2023,SSP3,Kenya,GDP|PPP [per capita],USD_2017/yr,2085,KEN,14372.417710842084,14336.7,35.71771084208376,0.2491348137443328
OECD ENV-Growth 2023,SSP3,Kenya,GDP|PPP [per capita],USD_2017/yr,2090,KEN,14876.591433524996,14841.6,34.991433524995955,0.23576591152568424
OECD ENV-Growth 2023,SSP3,Kenya,GDP|PPP [per capita],USD_2017/yr,2095,KEN,15358.413989451485,15325,33.41398945148467,0.21803582023807289
OECD ENV-Growth 2023,SSP3,Kenya,GDP|PPP [per capita],USD_2017/yr,2100,KEN,15831.523574839508,15800.4,31.123574839508365,0.1969796640560262
OECD ENV-Growth 2023,SSP3,Kiribati,GDP|PPP [per capita],USD_2017/yr,2025,KIR,1858.8877701754184,1837.17,21.71777017541831,1.1821317665441036
OECD ENV-Growth 2023,SSP3,Kiribati,GDP|PPP [per capita],USD_2017/yr,2030,KIR,1960.9546668469625,1937.86,23.094666846962582,1.191761368053553
OECD ENV-Growth 2023,SSP3,Kiribati,GDP|PPP [per capita],USD_2017/yr,2035,KIR,2286.9218731341875,2260.94,25.98187313418748,1.1491624339516961
OECD ENV-Growth 2023,SSP3,Kiribati,GDP|PPP [per capita],USD_2017/yr,2040,KIR,2626.8543552368583,2597.13,29.724355236858173,1.1445077927118847
OECD ENV-Growth 2023,SSP3,Kiribati,GDP|PPP [per capita],USD_2017/yr,2045,KIR,2910.051507974627,2876.03,34.02150797462673,1.1829330005120506
OECD ENV-Growth 2023,SSP3,Kiribati,GDP|PPP [per capita],USD_2017/yr,2050,KIR,3203.229346292517,3162.13,41.09934629251711,1.299736136481331
OECD ENV-Growth 2023,SSP3,Kiribati,GDP|PPP [per capita],USD_2017/yr,2055,KIR,3564.2308325969416,3510.84,53.390832596941436,1.520742403440243
OECD ENV-Growth 2023,SSP3,Kiribati,GDP|PPP [per capita],USD_2017/yr,2060,KIR,4022.190439041304,3954.95,67.2404390413044,1.700159016961135
OECD ENV-Growth 2023,SSP3,Kiribati,GDP|PPP [per capita],USD_2017/yr,2065,KIR,4584.306296192342,4504.46,79.84629619234238,1.7726052888102541
OECD ENV-Growth 2023,SSP3,Kiribati,GDP|PPP [per capita],USD_2017/yr,2070,KIR,5240.414210087138,5146.57,93.84421008713798,1.8234321127884785
OECD ENV-Growth 2023,SSP3,Kiribati,GDP|PPP [per capita],USD_2017/yr,2075,KIR,5988.4714679960825,5876.36,112.11146799608287,1.9078386619622159
OECD ENV-Growth 2023,SSP3,Kiribati,GDP|PPP [per capita],USD_2017/yr,2080,KIR,6834.962612185207,6697.94,137.02261218520744,2.045742604221708
OECD ENV-Growth 2023,SSP3,Kiribati,GDP|PPP [per capita],USD_2017/yr,2085,KIR,7815.850666666666,7645.6,170.2506666666659,2.226779672840142
OECD ENV-Growth 2023,SSP3,Kiribati,GDP|PPP [per capita],USD_2017/yr,2090,KIR,8978.166269027855,8766.42,211.7462690278553,2.4154246434445907
OECD ENV-Growth 2023,SSP3,Kiribati,GDP|PPP [per capita],USD_2017/yr,2095,KIR,10345.275386370708,10086.6,258.6753863707072,2.564544904831233
OECD ENV-Growth 2023,SSP3,Kiribati,GDP|PPP [per capita],USD_2017/yr,2100,KIR,11928.55735767286,11617.1,311.45735767285987,2.6810250206407784
OECD ENV-Growth 2023,SSP3,Kuwait,GDP|PPP [per capita],USD_2017/yr,2075,KWT,71012.80919751049,70834.8,178.00919751048787,0.251301898940193
OECD ENV-Growth 2023,SSP3,Kuwait,GDP|PPP [per capita],USD_2017/yr,2080,KWT,69754.04988732844,69403.2,350.8498873284407,0.505524078613725
OECD ENV-Growth 2023,SSP3,Kuwait,GDP|PPP [per capita],USD_2017/yr,2085,KWT,68716.92086617534,68183.3,533.6208661753335,0.7826269279652546
OECD ENV-Growth 2023,SSP3,Kuwait,GDP|PPP [per capita],USD_2017/yr,2090,KWT,68047.91203642987,67338.7,709.2120364298753,1.053201259349936
OECD ENV-Growth 2023,SSP3,Kuwait,GDP|PPP [per capita],USD_2017/yr,2095,KWT,67725.93681116826,66857.1,868.8368111682503,1.2995430719673007
OECD ENV-Growth 2023,SSP3,Kuwait,GDP|PPP [per capita],USD_2017/yr,2100,KWT,67615.85757122494,66600.7,1015.1575712249469,1.5242445968660192
OECD ENV-Growth 2023,SSP3,Kyrgyzstan,GDP|PPP [per capita],USD_2017/yr,2025,KGZ,5725.75684495941,5668.91,56.84684495941019,1.0027826329825344
OECD ENV-Growth 2023,SSP3,Kyrgyzstan,GDP|PPP [per capita],USD_2017/yr,2030,KGZ,6426.370449882184,6362.23,64.14044988218484,1.0081441551497643
OECD ENV-Growth 2023,SSP3,Kyrgyzstan,GDP|PPP [per capita],USD_2017/yr,2035,KGZ,7123.266897988921,7053.77,69.49689798892086,0.9852447413074266
OECD ENV-Growth 2023,SSP3,Kyrgyzstan,GDP|PPP [per capita],USD_2017/yr,2040,KGZ,7640.657952177768,7567.58,73.07795217776766,0.9656713530318498
OECD ENV-Growth 2023,SSP3,Kyrgyzstan,GDP|PPP [per capita],USD_2017/yr,2045,KGZ,7983.341921583507,7902.32,81.02192158350772,1.0252928454366277
OECD ENV-Growth 2023,SSP3,Kyrgyzstan,GDP|PPP [per capita],USD_2017/yr,2050,KGZ,8297.938416299516,8205.73,92.2084162995161,1.123707656716905
OECD ENV-Growth 2023,SSP3,Kyrgyzstan,GDP|PPP [per capita],USD_2017/yr,2055,KGZ,8647.480570797929,8546.16,101.32057079792867,1.1855683815646871
OECD ENV-Growth 2023,SSP3,Kyrgyzstan,GDP|PPP [per capita],USD_2017/yr,2060,KGZ,9024.817621602806,8916.22,108.59762160280661,1.2179782643632235
OECD ENV-Growth 2023,SSP3,Kyrgyzstan,GDP|PPP [per capita],USD_2017/yr,2065,KGZ,9427.142436106313,9312.73,114.41243610631318,1.2285595749722495
OECD ENV-Growth 2023,SSP3,Kyrgyzstan,GDP|PPP [per capita],USD_2017/yr,2070,KGZ,9815.816292436606,9695.85,119.96629243660573,1.2372952596895137
OECD ENV-Growth 2023,SSP3,Kyrgyzstan,GDP|PPP [per capita],USD_2017/yr,2075,KGZ,10180.032798106642,10053.6,126.43279810664171,1.2575873130683706
OECD ENV-Growth 2023,SSP3,Kyrgyzstan,GDP|PPP [per capita],USD_2017/yr,2080,KGZ,10522.956683712267,10389.6,133.3566837122671,1.2835593642899352
OECD ENV-Growth 2023,SSP3,Kyrgyzstan,GDP|PPP [per capita],USD_2017/yr,2085,KGZ,10861.04276255689,10720.9,140.14276255689037,1.3071921439141339
OECD ENV-Growth 2023,SSP3,Kyrgyzstan,GDP|PPP [per capita],USD_2017/yr,2090,KGZ,11218.914307043804,11072.6,146.31430704380364,1.3214087661778051
OECD ENV-Growth 2023,SSP3,Kyrgyzstan,GDP|PPP [per capita],USD_2017/yr,2095,KGZ,11585.315962392666,11433.6,151.71596239266546,1.326930821374418
OECD ENV-Growth 2023,SSP3,Kyrgyzstan,GDP|PPP [per capita],USD_2017/yr,2100,KGZ,11952.232814967549,11795.6,156.63281496754826,1.327891883139037
OECD ENV-Growth 2023,SSP3,Laos,GDP|PPP [per capita],USD_2017/yr,2025,LAO,8450.914738510137,8379.65,71.26473851013725,0.8504500606843632
OECD ENV-Growth 2023,SSP3,Laos,GDP|PPP [per capita],USD_2017/yr,2030,LAO,9843.42555698973,9755.74,87.68555698973069,0.8988099005275939
OECD ENV-Growth 2023,SSP3,Laos,GDP|PPP [per capita],USD_2017/yr,2035,LAO,11351.126611106629,11251.6,99.52661110662848,0.8845551842104986
OECD ENV-Growth 2023,SSP3,Laos,GDP|PPP [per capita],USD_2017/yr,2040,LAO,12672.043001579874,12559.9,112.14300157987418,0.8928654016343617
OECD ENV-Growth 2023,SSP3,Laos,GDP|PPP [per capita],USD_2017/yr,2045,LAO,13886.245959882106,13752.6,133.64595988210567,0.971786861263366
OECD ENV-Growth 2023,SSP3,Laos,GDP|PPP [per capita],USD_2017/yr,2050,LAO,15093.55255577018,14931.5,162.05255577018033,1.085306605298733
OECD ENV-Growth 2023,SSP3,Laos,GDP|PPP [per capita],USD_2017/yr,2055,LAO,16282.04885617514,16093.9,188.1488561751412,1.1690693751989338
OECD ENV-Growth 2023,SSP3,Laos,GDP|PPP [per capita],USD_2017/yr,2060,LAO,17402.94609455969,17195.2,207.7460945596904,1.2081632930102026
OECD ENV-Growth 2023,SSP3,Laos,GDP|PPP [per capita],USD_2017/yr,2065,LAO,18482.863713535407,18257.9,224.963713535406,1.2321445157187079
OECD ENV-Growth 2023,SSP3,Laos,GDP|PPP [per capita],USD_2017/yr,2070,LAO,19474.912245533294,19231.6,243.31224553329594,1.2651690214714115
OECD ENV-Growth 2023,SSP3,Laos,GDP|PPP [per capita],USD_2017/yr,2075,LAO,20422.4552050639,20157.9,264.55520506389803,1.3124145127413966
OECD ENV-Growth 2023,SSP3,Laos,GDP|PPP [per capita],USD_2017/yr,2080,LAO,21292.66182945469,21007.1,285.5618294546912,1.3593586428145303
OECD ENV-Growth 2023,SSP3,Laos,GDP|PPP [per capita],USD_2017/yr,2085,LAO,22096.510119984618,21793,303.51011998461763,1.392695452597704
OECD ENV-Growth 2023,SSP3,Laos,GDP|PPP [per capita],USD_2017/yr,2090,LAO,22846.73581051887,22529.5,317.2358105188687,1.4080907721825549
OECD ENV-Growth 2023,SSP3,Laos,GDP|PPP [per capita],USD_2017/yr,2095,LAO,23572.435903186382,23244.6,327.8359031863838,1.4103744662690854
OECD ENV-Growth 2023,SSP3,Laos,GDP|PPP [per capita],USD_2017/yr,2100,LAO,24296.708580763545,23960.1,336.60858076354634,1.404871351803817
OECD ENV-Growth 2023,SSP3,Lebanon,GDP|PPP [per capita],USD_2017/yr,2025,LBN,11756.8296291158,11730.9,25.929629115800708,0.22103699729603618
OECD ENV-Growth 2023,SSP3,Lebanon,GDP|PPP [per capita],USD_2017/yr,2030,LBN,12451.625541331328,12421.7,29.925541331327622,0.24091341226504925
OECD ENV-Growth 2023,SSP3,Lebanon,GDP|PPP [per capita],USD_2017/yr,2035,LBN,13072.393825174147,13042.1,30.29382517414706,0.2322772036263106
OECD ENV-Growth 2023,SSP3,Lebanon,GDP|PPP [per capita],USD_2017/yr,2040,LBN,13715.68239259121,13684.4,31.282392591210737,0.22859893448898555
OECD ENV-Growth 2023,SSP3,Lebanon,GDP|PPP [per capita],USD_2017/yr,2045,LBN,14413.130002084825,14377.2,35.93000208482408,0.24990959355663192
OECD ENV-Growth 2023,SSP3,Lebanon,GDP|PPP [per capita],USD_2017/yr,2050,LBN,15213.85588192178,15165.7,48.15588192177893,0.31753154764883207
OECD ENV-Growth 2023,SSP3,Lebanon,GDP|PPP [per capita],USD_2017/yr,2055,LBN,16091.832581864264,16025.5,66.33258186426428,0.4139189533197984
OECD ENV-Growth 2023,SSP3,Lebanon,GDP|PPP [per capita],USD_2017/yr,2060,LBN,16924.25660163786,16843.6,80.65660163786015,0.4788560737482495
OECD ENV-Growth 2023,SSP3,Lebanon,GDP|PPP [per capita],USD_2017/yr,2065,LBN,17662.22737463947,17575.3,86.92737463947196,0.4945996633882322
OECD ENV-Growth 2023,SSP3,Lebanon,GDP|PPP [per capita],USD_2017/yr,2070,LBN,18278.752346469577,18188.7,90.05234646957615,0.49510051003961886
OECD ENV-Growth 2023,SSP3,Lebanon,GDP|PPP [per capita],USD_2017/yr,2075,LBN,18824.23533939824,18728.8,95.43533939824192,0.5095646245260878
OECD ENV-Growth 2023,SSP3,Lebanon,GDP|PPP [per capita],USD_2017/yr,2080,LBN,19326.054701558245,19220.7,105.35470155824441,0.5481314497299495
OECD ENV-Growth 2023,SSP3,Lebanon,GDP|PPP [per capita],USD_2017/yr,2085,LBN,19815.460695472844,19697.8,117.66069547284496,0.5973291203730617
OECD ENV-Growth 2023,SSP3,Lebanon,GDP|PPP [per capita],USD_2017/yr,2090,LBN,20264.96060656655,20136.9,128.0606065665488,0.6359499553881124
OECD ENV-Growth 2023,SSP3,Lebanon,GDP|PPP [per capita],USD_2017/yr,2095,LBN,20636.3145937684,20503,133.31459376839848,0.6502199374159805
OECD ENV-Growth 2023,SSP3,Lebanon,GDP|PPP [per capita],USD_2017/yr,2100,LBN,20937.59563678923,20803.9,133.69563678922714,0.6426469882532945
OECD ENV-Growth 2023,SSP3,Lesotho,GDP|PPP [per capita],USD_2017/yr,2025,LSO,2522.2613201181025,2509.8,12.461320118102321,0.49650649924704443
OECD ENV-Growth 2023,SSP3,Lesotho,GDP|PPP [per capita],USD_2017/yr,2030,LSO,2697.8494031333717,2681.67,16.17940313337158,0.6033331145656095
OECD ENV-Growth 2023,SSP3,Lesotho,GDP|PPP [per capita],USD_2017/yr,2035,LSO,3016.936730326392,2997.06,19.876730326392135,0.6632076210149992
OECD ENV-Growth 2023,SSP3,Lesotho,GDP|PPP [per capita],USD_2017/yr,2040,LSO,3304.0107496111227,3279.13,24.88074961112261,0.7587606960115216
OECD ENV-Growth 2023,SSP3,Lesotho,GDP|PPP [per capita],USD_2017/yr,2045,LSO,3549.519648437429,3517.61,31.90964843742904,0.9071400308001467
OECD ENV-Growth 2023,SSP3,Lesotho,GDP|PPP [per capita],USD_2017/yr,2050,LSO,3781.932769859024,3743.35,38.58276985902421,1.0307016404831024
OECD ENV-Growth 2023,SSP3,Lesotho,GDP|PPP [per capita],USD_2017/yr,2055,LSO,4025.3405764988,3981.16,44.18057649880029,1.1097412939645805
OECD ENV-Growth 2023,SSP3,Lesotho,GDP|PPP [per capita],USD_2017/yr,2060,LSO,4281.454651272722,4232.46,48.99465127272197,1.157592777550691
OECD ENV-Growth 2023,SSP3,Lesotho,GDP|PPP [per capita],USD_2017/yr,2065,LSO,4561.473972229911,4507.97,53.50397222991069,1.1868750730353281
OECD ENV-Growth 2023,SSP3,Lesotho,GDP|PPP [per capita],USD_2017/yr,2070,LSO,4845.784925044335,4787.99,57.79492504433529,1.2070811560662258
OECD ENV-Growth 2023,SSP3,Lesotho,GDP|PPP [per capita],USD_2017/yr,2075,LSO,5125.33917044169,5063.59,61.749170441689785,1.2194741367624506
OECD ENV-Growth 2023,SSP3,Lesotho,GDP|PPP [per capita],USD_2017/yr,2080,LSO,5392.425509821455,5327.13,65.2955098214552,1.2257164706221773
OECD ENV-Growth 2023,SSP3,Lesotho,GDP|PPP [per capita],USD_2017/yr,2085,LSO,5656.743315545494,5588.55,68.19331554549353,1.2202327177084134
OECD ENV-Growth 2023,SSP3,Lesotho,GDP|PPP [per capita],USD_2017/yr,2090,LSO,5926.475102297606,5856.06,70.4151022976057,1.2024313667825415
OECD ENV-Growth 2023,SSP3,Lesotho,GDP|PPP [per capita],USD_2017/yr,2095,LSO,6206.065817886354,6133.74,72.32581788635434,1.1791471090452863
OECD ENV-Growth 2023,SSP3,Lesotho,GDP|PPP [per capita],USD_2017/yr,2100,LSO,6494.225637148769,6420.13,74.09563714876913,1.1541142803770192
OECD ENV-Growth 2023,SSP3,Liberia,GDP|PPP [per capita],USD_2017/yr,2075,LBR,4543.212154517145,4538.34,4.872154517144736,0.10735543209950635
OECD ENV-Growth 2023,SSP3,Liberia,GDP|PPP [per capita],USD_2017/yr,2080,LBR,4865.168867130543,4859.15,6.018867130543185,0.12386666660924618
OECD ENV-Growth 2023,SSP3,Liberia,GDP|PPP [per capita],USD_2017/yr,2085,LBR,5179.033692261966,5171.9,7.133692261966644,0.1379317516186826
OECD ENV-Growth 2023,SSP3,Liberia,GDP|PPP [per capita],USD_2017/yr,2090,LBR,5482.525473793064,5474.47,8.055473793063356,0.14714618571411217
OECD ENV-Growth 2023,SSP3,Liberia,GDP|PPP [per capita],USD_2017/yr,2095,LBR,5774.634332968629,5765.9,8.734332968629133,0.15148256072129473
OECD ENV-Growth 2023,SSP3,Liberia,GDP|PPP [per capita],USD_2017/yr,2100,LBR,6062.1765709658475,6052.98,9.196570965847968,0.15193460024397848
OECD ENV-Growth 2023,SSP3,Libya,GDP|PPP [per capita],USD_2017/yr,2025,LBY,22226.242344353468,22151,75.24234435346807,0.3396792214954994
OECD ENV-Growth 2023,SSP3,Libya,GDP|PPP [per capita],USD_2017/yr,2030,LBY,23802.55422426119,23718.8,83.75422426118894,0.35311324460423354
OECD ENV-Growth 2023,SSP3,Libya,GDP|PPP [per capita],USD_2017/yr,2035,LBY,23663.838515704418,23582.7,81.13851570441693,0.34405948302958067
OECD ENV-Growth 2023,SSP3,Libya,GDP|PPP [per capita],USD_2017/yr,2040,LBY,24699.970480795804,24618.3,81.6704807958049,0.33174703694326946
OECD ENV-Growth 2023,SSP3,Libya,GDP|PPP [per capita],USD_2017/yr,2045,LBY,26619.73387626792,26530.6,89.13387626792246,0.3359663040712327
OECD ENV-Growth 2023,SSP3,Libya,GDP|PPP [per capita],USD_2017/yr,2050,LBY,29233.660784013307,29122.6,111.06078401330888,0.381356005347424
OECD ENV-Growth 2023,SSP3,Libya,GDP|PPP [per capita],USD_2017/yr,2055,LBY,32331.426348068024,32184,147.4263480680238,0.45807341557302944
OECD ENV-Growth 2023,SSP3,Libya,GDP|PPP [per capita],USD_2017/yr,2060,LBY,35474.01870694272,35287.8,186.21870694271638,0.5277141305003893
OECD ENV-Growth 2023,SSP3,Libya,GDP|PPP [per capita],USD_2017/yr,2065,LBY,38320.41543946675,38108.5,211.91543946674938,0.556084441703949
OECD ENV-Growth 2023,SSP3,Libya,GDP|PPP [per capita],USD_2017/yr,2070,LBY,40684.794613322905,40461.3,223.4946133229023,0.552366368166377
OECD ENV-Growth 2023,SSP3,Libya,GDP|PPP [per capita],USD_2017/yr,2075,LBY,42698.82935123288,42465.1,233.72935123288335,0.5504033929812561
OECD ENV-Growth 2023,SSP3,Libya,GDP|PPP [per capita],USD_2017/yr,2080,LBY,44546.21640651368,44294.2,252.01640651368507,0.5689602848988922
OECD ENV-Growth 2023,SSP3,Libya,GDP|PPP [per capita],USD_2017/yr,2085,LBY,46328.653647107385,46049.4,279.2536471073836,0.6064219014957493
OECD ENV-Growth 2023,SSP3,Libya,GDP|PPP [per capita],USD_2017/yr,2090,LBY,48037.22524724459,47728.6,308.6252472445922,0.6466253928348876
OECD ENV-Growth 2023,SSP3,Libya,GDP|PPP [per capita],USD_2017/yr,2095,LBY,49572.42315701343,49241.2,331.2231570134318,0.6726545190073187
OECD ENV-Growth 2023,SSP3,Libya,GDP|PPP [per capita],USD_2017/yr,2100,LBY,50893.41813557397,50550.1,343.31813557397254,0.6791641076357368
OECD ENV-Growth 2023,SSP3,Madagascar,GDP|PPP [per capita],USD_2017/yr,2025,MDG,1622.329735328031,1612.29,10.039735328030929,0.6227003410075687
OECD ENV-Growth 2023,SSP3,Madagascar,GDP|PPP [per capita],USD_2017/yr,2030,MDG,1816.157332461739,1805.99,10.167332461739079,0.5629783366319348
OECD ENV-Growth 2023,SSP3,Madagascar,GDP|PPP [per capita],USD_2017/yr,2035,MDG,2074.6551161223265,2064.98,9.675116122326472,0.4685331636299853
OECD ENV-Growth 2023,SSP3,Madagascar,GDP|PPP [per capita],USD_2017/yr,2040,MDG,2330.3802492452915,2320.19,10.190249245291398,0.43919891238611486
OECD ENV-Growth 2023,SSP3,Madagascar,GDP|PPP [per capita],USD_2017/yr,2045,MDG,2586.560440763428,2573.76,12.80044076342756,0.49734399335709456
OECD ENV-Growth 2023,SSP3,Madagascar,GDP|PPP [per capita],USD_2017/yr,2050,MDG,2859.5727687866297,2842.71,16.86276878662966,0.5931934241139496
OECD ENV-Growth 2023,SSP3,Madagascar,GDP|PPP [per capita],USD_2017/yr,2055,MDG,3155.987997921611,3135.55,20.437997921610986,0.6518154046853338
OECD ENV-Growth 2023,SSP3,Madagascar,GDP|PPP [per capita],USD_2017/yr,2060,MDG,3469.8673155618144,3447.19,22.67731556181434,0.6578493080397175
OECD ENV-Growth 2023,SSP3,Madagascar,GDP|PPP [per capita],USD_2017/yr,2065,MDG,3815.012060989724,3790.36,24.65206098972385,0.650388379724455
OECD ENV-Growth 2023,SSP3,Madagascar,GDP|PPP [per capita],USD_2017/yr,2070,MDG,4190.482246807148,4163.1,27.382246807147567,0.6577369461974866
OECD ENV-Growth 2023,SSP3,Madagascar,GDP|PPP [per capita],USD_2017/yr,2075,MDG,4599.171898339767,4568.04,31.13189833976685,0.6815154495093486
OECD ENV-Growth 2023,SSP3,Madagascar,GDP|PPP [per capita],USD_2017/yr,2080,MDG,5024.728763326628,4989.52,35.20876332662738,0.7056543179830399
OECD ENV-Growth 2023,SSP3,Madagascar,GDP|PPP [per capita],USD_2017/yr,2085,MDG,5458.5246951345025,5419.69,38.83469513450291,0.7165482736928295
OECD ENV-Growth 2023,SSP3,Madagascar,GDP|PPP [per capita],USD_2017/yr,2090,MDG,5905.86404284657,5864.09,41.7740428465695,0.7123704248497124
OECD ENV-Growth 2023,SSP3,Madagascar,GDP|PPP [per capita],USD_2017/yr,2095,MDG,6380.613361740642,6336.28,44.33336174064243,0.6996749155757389
OECD ENV-Growth 2023,SSP3,Madagascar,GDP|PPP [per capita],USD_2017/yr,2100,MDG,6895.759171623962,6848.84,46.91917162396203,0.6850674219862346
OECD ENV-Growth 2023,SSP3,Malawi,GDP|PPP [per capita],USD_2017/yr,2025,MWI,1528.3136691289983,1521.97,6.343669128998272,0.41680645012702433
OECD ENV-Growth 2023,SSP3,Malawi,GDP|PPP [per capita],USD_2017/yr,2030,MWI,1681.618513921066,1674.86,6.758513921066196,0.40352709605974213
OECD ENV-Growth 2023,SSP3,Malawi,GDP|PPP [per capita],USD_2017/yr,2035,MWI,1896.344957785789,1889.41,6.934957785788811,0.36704356311170205
OECD ENV-Growth 2023,SSP3,Malawi,GDP|PPP [per capita],USD_2017/yr,2040,MWI,2195.7096911122253,2186.9,8.80969111222521,0.4028392296047011
OECD ENV-Growth 2023,SSP3,Malawi,GDP|PPP [per capita],USD_2017/yr,2045,MWI,2529.3512572327963,2516.36,12.991257232796215,0.5162718066093968
OECD ENV-Growth 2023,SSP3,Malawi,GDP|PPP [per capita],USD_2017/yr,2050,MWI,2878.547823647172,2860.98,17.56782364717219,0.614049159629644
OECD ENV-Growth 2023,SSP3,Malawi,GDP|PPP [per capita],USD_2017/yr,2055,MWI,3228.8218568741195,3207.24,21.581856874119694,0.6729105671580454
OECD ENV-Growth 2023,SSP3,Malawi,GDP|PPP [per capita],USD_2017/yr,2060,MWI,3564.3317658728083,3539.4,24.931765872808228,0.7044065624910502
OECD ENV-Growth 2023,SSP3,Malawi,GDP|PPP [per capita],USD_2017/yr,2065,MWI,3894.747559270319,3866.8,27.947559270318834,0.7227567826191899
OECD ENV-Growth 2023,SSP3,Malawi,GDP|PPP [per capita],USD_2017/yr,2070,MWI,4220.6566818230385,4189.41,31.24668182303867,0.7458492203684689
OECD ENV-Growth 2023,SSP3,Malawi,GDP|PPP [per capita],USD_2017/yr,2075,MWI,4556.270111646692,4521.31,34.960111646691985,0.7732296977356559
OECD ENV-Growth 2023,SSP3,Malawi,GDP|PPP [per capita],USD_2017/yr,2080,MWI,4889.435850033073,4850.77,38.665850033072275,0.7971074702175587
OECD ENV-Growth 2023,SSP3,Malawi,GDP|PPP [per capita],USD_2017/yr,2085,MWI,5218.29088449978,5176.3,41.990884499779895,0.8112142746707086
OECD ENV-Growth 2023,SSP3,Malawi,GDP|PPP [per capita],USD_2017/yr,2090,MWI,5525.564426580855,5480.82,44.74442658085536,0.8163819753404666
OECD ENV-Growth 2023,SSP3,Malawi,GDP|PPP [per capita],USD_2017/yr,2095,MWI,5806.245387944546,5759.16,47.0853879445458,0.8175738813393932
OECD ENV-Growth 2023,SSP3,Malawi,GDP|PPP [per capita],USD_2017/yr,2100,MWI,6064.314636822259,6015.1,49.2146368222584,0.8181848485022427
OECD ENV-Growth 2023,SSP3,Malaysia,GDP|PPP [per capita],USD_2017/yr,2090,MYS,51468.95655139869,51416.5,52.456551398689044,0.10202279695951504
OECD ENV-Growth 2023,SSP3,Malaysia,GDP|PPP [per capita],USD_2017/yr,2095,MYS,51504.67556717917,51431.4,73.27556717916741,0.1424724335312035
OECD ENV-Growth 2023,SSP3,Malaysia,GDP|PPP [per capita],USD_2017/yr,2100,MYS,51431.44288033755,51353.4,78.0428803375471,0.15197217776728922
OECD ENV-Growth 2023,SSP3,Mali,GDP|PPP [per capita],USD_2017/yr,2025,MLI,2280.361004822781,2257.77,22.591004822781088,1.0005892904406157
OECD ENV-Growth 2023,SSP3,Mali,GDP|PPP [per capita],USD_2017/yr,2030,MLI,2522.6903254557733,2500.29,22.400325455773327,0.895909092776171
OECD ENV-Growth 2023,SSP3,Mali,GDP|PPP [per capita],USD_2017/yr,2035,MLI,2913.245536822015,2891,22.245536822014856,0.7694755040475564
OECD ENV-Growth 2023,SSP3,Mali,GDP|PPP [per capita],USD_2017/yr,2040,MLI,3332.9612781118076,3308.32,24.641278111807424,0.7448275291328355
OECD ENV-Growth 2023,SSP3,Mali,GDP|PPP [per capita],USD_2017/yr,2045,MLI,3792.549708657056,3762.41,30.139708657055962,0.8010745415054702
OECD ENV-Growth 2023,SSP3,Mali,GDP|PPP [per capita],USD_2017/yr,2050,MLI,4293.429236212013,4256.63,36.79923621201306,0.8645157369095519
OECD ENV-Growth 2023,SSP3,Mali,GDP|PPP [per capita],USD_2017/yr,2055,MLI,4819.741387808339,4776.48,43.26138780833935,0.9057169256092217
OECD ENV-Growth 2023,SSP3,Mali,GDP|PPP [per capita],USD_2017/yr,2060,MLI,5353.274962567338,5305.11,48.16496256733808,0.9078975283705348
OECD ENV-Growth 2023,SSP3,Mali,GDP|PPP [per capita],USD_2017/yr,2065,MLI,5889.902118001111,5837.66,52.24211800111152,0.8949153942009559
OECD ENV-Growth 2023,SSP3,Mali,GDP|PPP [per capita],USD_2017/yr,2070,MLI,6434.937994319669,6378.13,56.80799431966898,0.8906684924839879
OECD ENV-Growth 2023,SSP3,Mali,GDP|PPP [per capita],USD_2017/yr,2075,MLI,6996.986992440931,6935.12,61.866992440931426,0.892082508174789
OECD ENV-Growth 2023,SSP3,Mali,GDP|PPP [per capita],USD_2017/yr,2080,MLI,7558.762415815891,7492.09,66.67241581589042,0.8899040963988741
OECD ENV-Growth 2023,SSP3,Mali,GDP|PPP [per capita],USD_2017/yr,2085,MLI,8139.124319883126,8067.98,71.14431988312663,0.881810811171156
OECD ENV-Growth 2023,SSP3,Mali,GDP|PPP [per capita],USD_2017/yr,2090,MLI,8728.899858104673,8654.04,74.85985810467173,0.865027872585194
OECD ENV-Growth 2023,SSP3,Mali,GDP|PPP [per capita],USD_2017/yr,2095,MLI,9340.039655226465,9262.18,77.85965522646438,0.8406191115532669
OECD ENV-Growth 2023,SSP3,Mali,GDP|PPP [per capita],USD_2017/yr,2100,MLI,9940.228191274538,9860.34,79.88819127453826,0.8101971258043664
OECD ENV-Growth 2023,SSP3,Mauritania,GDP|PPP [per capita],USD_2017/yr,2025,MRT,6139.892773468382,6089.67,50.222773468382,0.8247207725276082
OECD ENV-Growth 2023,SSP3,Mauritania,GDP|PPP [per capita],USD_2017/yr,2030,MRT,6746.935874216996,6694.75,52.185874216996126,0.7795044507561317
OECD ENV-Growth 2023,SSP3,Mauritania,GDP|PPP [per capita],USD_2017/yr,2035,MRT,7590.42348470047,7536.51,53.91348470046978,0.7153640703783287
OECD ENV-Growth 2023,SSP3,Mauritania,GDP|PPP [per capita],USD_2017/yr,2040,MRT,8302.786823713619,8246.04,56.74682371361814,0.6881706093302741
OECD ENV-Growth 2023,SSP3,Mauritania,GDP|PPP [per capita],USD_2017/yr,2045,MRT,8981.057341308513,8916.09,64.96734130851291,0.7286528210068866
OECD ENV-Growth 2023,SSP3,Mauritania,GDP|PPP [per capita],USD_2017/yr,2050,MRT,9695.748369422305,9618.5,77.24836942230468,0.8031228301949855
OECD ENV-Growth 2023,SSP3,Mauritania,GDP|PPP [per capita],USD_2017/yr,2055,MRT,10451.169940711809,10360.6,90.56994071180816,0.8741765989595983
OECD ENV-Growth 2023,SSP3,Mauritania,GDP|PPP [per capita],USD_2017/yr,2060,MRT,11220.091718541413,11116.6,103.49171854141241,0.9309655698811904
OECD ENV-Growth 2023,SSP3,Mauritania,GDP|PPP [per capita],USD_2017/yr,2065,MRT,12003.622872607137,11890.4,113.2228726071371,0.9522208891806593
OECD ENV-Growth 2023,SSP3,Mauritania,GDP|PPP [per capita],USD_2017/yr,2070,MRT,12770.683857528496,12650.6,120.08385752849608,0.9492344831746802
OECD ENV-Growth 2023,SSP3,Mauritania,GDP|PPP [per capita],USD_2017/yr,2075,MRT,13580.74563467553,13452.3,128.44563467553053,0.9548228531591664
OECD ENV-Growth 2023,SSP3,Mauritania,GDP|PPP [per capita],USD_2017/yr,2080,MRT,14430.101669188243,14290.6,139.5016691882429,0.9761778314993274
OECD ENV-Growth 2023,SSP3,Mauritania,GDP|PPP [per capita],USD_2017/yr,2085,MRT,15265.55666734744,15114.1,151.4566673474401,1.002088561988078
OECD ENV-Growth 2023,SSP3,Mauritania,GDP|PPP [per capita],USD_2017/yr,2090,MRT,16053.9390354526,15891.7,162.23903545259964,1.02090421699755
OECD ENV-Growth 2023,SSP3,Mauritania,GDP|PPP [per capita],USD_2017/yr,2095,MRT,16785.945331662708,16615.4,170.5453316627063,1.026429286461393
OECD ENV-Growth 2023,SSP3,Mauritania,GDP|PPP [per capita],USD_2017/yr,2100,MRT,17492.165251498824,17315.8,176.36525149882436,1.0185221098581894
OECD ENV-Growth 2023,SSP3,Mauritius,GDP|PPP [per capita],USD_2017/yr,2025,MUS,24995.033227324177,24900.5,94.53322732417655,0.3796438919868137
OECD ENV-Growth 2023,SSP3,Mauritius,GDP|PPP [per capita],USD_2017/yr,2030,MUS,29304.21409174616,29176.7,127.51409174615765,0.43704082965571034
OECD ENV-Growth 2023,SSP3,Mauritius,GDP|PPP [per capita],USD_2017/yr,2035,MUS,33169.91348045207,33012.4,157.51348045207124,0.4771342903032534
OECD ENV-Growth 2023,SSP3,Mauritius,GDP|PPP [per capita],USD_2017/yr,2040,MUS,36535.413544373405,36348.4,187.01354437340342,0.5145028237099939
OECD ENV-Growth 2023,SSP3,Mauritius,GDP|PPP [per capita],USD_2017/yr,2045,MUS,39658.677108794334,39439.4,219.2771087943329,0.5559849003644398
OECD ENV-Growth 2023,SSP3,Mauritius,GDP|PPP [per capita],USD_2017/yr,2050,MUS,42726.614764215374,42462.5,264.1147642153737,0.621995323439208
OECD ENV-Growth 2023,SSP3,Mauritius,GDP|PPP [per capita],USD_2017/yr,2055,MUS,45773.201036225095,45445.9,327.3010362250934,0.7201992615947608
OECD ENV-Growth 2023,SSP3,Mauritius,GDP|PPP [per capita],USD_2017/yr,2060,MUS,48461.80926254322,48073,388.8092625432182,0.8087892632937786
OECD ENV-Growth 2023,SSP3,Mauritius,GDP|PPP [per capita],USD_2017/yr,2065,MUS,50670.50462236148,50239,431.50462236147723,0.8589036851081375
OECD ENV-Growth 2023,SSP3,Mauritius,GDP|PPP [per capita],USD_2017/yr,2070,MUS,52552.56040807888,52091.7,460.8604080788864,0.8847098637189542
OECD ENV-Growth 2023,SSP3,Mauritius,GDP|PPP [per capita],USD_2017/yr,2075,MUS,54198.26944308932,53708.6,489.6694430893185,0.9117151500678076
OECD ENV-Growth 2023,SSP3,Mauritius,GDP|PPP [per capita],USD_2017/yr,2080,MUS,55652.70701756976,55127.5,525.207017569759,0.9527132875057985
OECD ENV-Growth 2023,SSP3,Mauritius,GDP|PPP [per capita],USD_2017/yr,2085,MUS,56846.390845070426,56279.9,566.4908450704243,1.0065597932306636
OECD ENV-Growth 2023,SSP3,Mauritius,GDP|PPP [per capita],USD_2017/yr,2090,MUS,57726.729726024714,57120.9,605.8297260247127,1.0606095597665877
OECD ENV-Growth 2023,SSP3,Mauritius,GDP|PPP [per capita],USD_2017/yr,2095,MUS,58288.73600654253,57655.4,633.3360065425295,1.0984851489063114
OECD ENV-Growth 2023,SSP3,Mauritius,GDP|PPP [per capita],USD_2017/yr,2100,MUS,58626.44546445177,57978.2,648.2454644517711,1.1180848395634413
OECD ENV-Growth 2023,SSP3,Mayotte,GDP|PPP [per capita],USD_2017/yr,2025,MYT,26968.179090077912,26777.3,190.87909007791313,0.7128391961770347
OECD ENV-Growth 2023,SSP3,Mayotte,GDP|PPP [per capita],USD_2017/yr,2030,MYT,30647.077988285233,30461,186.077988285233,0.6108728810125504
OECD ENV-Growth 2023,SSP3,Mayotte,GDP|PPP [per capita],USD_2017/yr,2035,MYT,32620.21185900891,32455,165.2118590089085,0.5090490186686443
OECD ENV-Growth 2023,SSP3,Mayotte,GDP|PPP [per capita],USD_2017/yr,2040,MYT,34044.22655953021,33879.9,164.3265595302073,0.48502669585862795
OECD ENV-Growth 2023,SSP3,Mayotte,GDP|PPP [per capita],USD_2017/yr,2045,MYT,35264.589055712786,35060.7,203.88905571278883,0.5815316172032756
OECD ENV-Growth 2023,SSP3,Mayotte,GDP|PPP [per capita],USD_2017/yr,2050,MYT,36480.72505504889,36224.3,256.42505504888686,0.7078813256540136
OECD ENV-Growth 2023,SSP3,Mayotte,GDP|PPP [per capita],USD_2017/yr,2055,MYT,37716.91896888562,37421.7,295.2189688856233,0.7888978023062109
OECD ENV-Growth 2023,SSP3,Mayotte,GDP|PPP [per capita],USD_2017/yr,2060,MYT,38845.54671218631,38529.9,315.64671218630974,0.8192253605286017
OECD ENV-Growth 2023,SSP3,Mayotte,GDP|PPP [per capita],USD_2017/yr,2065,MYT,39911.13456405132,39590.1,321.03456405131874,0.8108960675808314
OECD ENV-Growth 2023,SSP3,Mayotte,GDP|PPP [per capita],USD_2017/yr,2070,MYT,40916.42317359354,40590.2,326.223173593542,0.8036993500735202
OECD ENV-Growth 2023,SSP3,Mayotte,GDP|PPP [per capita],USD_2017/yr,2075,MYT,41884.37394754768,41542.5,341.8739475476832,0.8229498647112792
OECD ENV-Growth 2023,SSP3,Mayotte,GDP|PPP [per capita],USD_2017/yr,2080,MYT,42814.92871977936,42451.2,363.728719779363,0.8568161083299484
OECD ENV-Growth 2023,SSP3,Mayotte,GDP|PPP [per capita],USD_2017/yr,2085,MYT,43719.093511707266,43335.9,383.1935117072644,0.8842403450886318
OECD ENV-Growth 2023,SSP3,Mayotte,GDP|PPP [per capita],USD_2017/yr,2090,MYT,44607.203867492295,44211.7,395.503867492298,0.8945683325732737
OECD ENV-Growth 2023,SSP3,Mayotte,GDP|PPP [per capita],USD_2017/yr,2095,MYT,45487.26696946881,45084.8,402.4669694688055,0.8926888207750848
OECD ENV-Growth 2023,SSP3,Mayotte,GDP|PPP [per capita],USD_2017/yr,2100,MYT,46375.864840493734,45966.4,409.4648404937325,0.8907916227804059
OECD ENV-Growth 2023,SSP3,Mexico,GDP|PPP [per capita],USD_2017/yr,2025,MEX,20284.39731522751,20177.4,106.9973152275088,0.5302829662271095
OECD ENV-Growth 2023,SSP3,Mexico,GDP|PPP [per capita],USD_2017/yr,2030,MEX,22086.62948984522,21963.1,123.529489845223,0.562441048145403
OECD ENV-Growth 2023,SSP3,Mexico,GDP|PPP [per capita],USD_2017/yr,2035,MEX,23806.757614513568,23673.6,133.15761451356957,0.5624730269733779
OECD ENV-Growth 2023,SSP3,Mexico,GDP|PPP [per capita],USD_2017/yr,2040,MEX,25270.71134634169,25123.8,146.91134634169066,0.5847497048284521
OECD ENV-Growth 2023,SSP3,Mexico,GDP|PPP [per capita],USD_2017/yr,2045,MEX,26508.62970111997,26337.3,171.32970111997201,0.650521128285633
OECD ENV-Growth 2023,SSP3,Mexico,GDP|PPP [per capita],USD_2017/yr,2050,MEX,27621.82232730869,27418.3,203.52232730869218,0.7422864557930003
OECD ENV-Growth 2023,SSP3,Mexico,GDP|PPP [per capita],USD_2017/yr,2055,MEX,28570.219546185675,28336.2,234.0195461856747,0.8258677810915885
OECD ENV-Growth 2023,SSP3,Mexico,GDP|PPP [per capita],USD_2017/yr,2060,MEX,29233.863975452125,28978.5,255.36397545212458,0.8812187499426284
OECD ENV-Growth 2023,SSP3,Mexico,GDP|PPP [per capita],USD_2017/yr,2065,MEX,29710.97605427747,29441.9,269.07605427746967,0.913922179877894
OECD ENV-Growth 2023,SSP3,Mexico,GDP|PPP [per capita],USD_2017/yr,2070,MEX,30073.994002698295,29792.6,281.3940026982964,0.9445097195219498
OECD ENV-Growth 2023,SSP3,Mexico,GDP|PPP [per capita],USD_2017/yr,2075,MEX,30340.449796921333,30043.7,296.74979692133275,0.9877272004491215
OECD ENV-Growth 2023,SSP3,Mexico,GDP|PPP [per capita],USD_2017/yr,2080,MEX,30482.65059030224,30168.8,313.85059030224147,1.0403151278878893
OECD ENV-Growth 2023,SSP3,Mexico,GDP|PPP [per capita],USD_2017/yr,2085,MEX,30498.127158870167,30169.2,328.92715887016675,1.0902747135163238
OECD ENV-Growth 2023,SSP3,Mexico,GDP|PPP [per capita],USD_2017/yr,2090,MEX,30392.53585681523,30053.1,339.4358568152311,1.1294537229611292
OECD ENV-Growth 2023,SSP3,Mexico,GDP|PPP [per capita],USD_2017/yr,2095,MEX,30176.332890448622,29831.4,344.93289044862104,1.1562745645481642
OECD ENV-Growth 2023,SSP3,Mexico,GDP|PPP [per capita],USD_2017/yr,2100,MEX,29897.487676556004,29550.3,347.1876765560046,1.17490406715331
OECD ENV-Growth 2023,SSP3,Mongolia,GDP|PPP [per capita],USD_2017/yr,2025,MNG,13348.334430568935,13255.3,93.03443056893593,0.7018658994435126
OECD ENV-Growth 2023,SSP3,Mongolia,GDP|PPP [per capita],USD_2017/yr,2030,MNG,14941.001456796796,14836.1,104.90145679679517,0.707068952061493
OECD ENV-Growth 2023,SSP3,Mongolia,GDP|PPP [per capita],USD_2017/yr,2035,MNG,16465.362510920797,16361,104.36251092079692,0.6378736686070345
OECD ENV-Growth 2023,SSP3,Mongolia,GDP|PPP [per capita],USD_2017/yr,2040,MNG,17495.143530777088,17386.8,108.34353077708874,0.6231366943721027
OECD ENV-Growth 2023,SSP3,Mongolia,GDP|PPP [per capita],USD_2017/yr,2045,MNG,18144.27881684844,18028.9,115.37881684843887,0.639965926087775
OECD ENV-Growth 2023,SSP3,Mongolia,GDP|PPP [per capita],USD_2017/yr,2050,MNG,18724.90899677904,18589,135.90899677903872,0.7311259173653167
OECD ENV-Growth 2023,SSP3,Mongolia,GDP|PPP [per capita],USD_2017/yr,2055,MNG,19434.781915390417,19269.8,164.98191539041727,0.856168280887281
OECD ENV-Growth 2023,SSP3,Mongolia,GDP|PPP [per capita],USD_2017/yr,2060,MNG,20294.61700240035,20094.1,200.5170024003528,0.9978899398348411
OECD ENV-Growth 2023,SSP3,Mongolia,GDP|PPP [per capita],USD_2017/yr,2065,MNG,21247.63338893206,21014.3,233.3333889320602,1.110355276797515
OECD ENV-Growth 2023,SSP3,Mongolia,GDP|PPP [per capita],USD_2017/yr,2070,MNG,22185.440150573115,21920.9,264.54015057311335,1.2067942035824868
OECD ENV-Growth 2023,SSP3,Mongolia,GDP|PPP [per capita],USD_2017/yr,2075,MNG,23070.83211089344,22770.1,300.73211089344113,1.320732499608878
OECD ENV-Growth 2023,SSP3,Mongolia,GDP|PPP [per capita],USD_2017/yr,2080,MNG,23897.83016794918,23551.1,346.73016794918294,1.4722461708760226
OECD ENV-Growth 2023,SSP3,Mongolia,GDP|PPP [per capita],USD_2017/yr,2085,MNG,24659.40931440484,24260,399.40931440483837,1.6463698038121946
OECD ENV-Growth 2023,SSP3,Mongolia,GDP|PPP [per capita],USD_2017/yr,2090,MNG,25388.285840548862,24933.7,454.5858405488616,1.823178431395507
OECD ENV-Growth 2023,SSP3,Mongolia,GDP|PPP [per capita],USD_2017/yr,2095,MNG,26102.071106632717,25592.2,509.87110663271596,1.9922910364592177
OECD ENV-Growth 2023,SSP3,Mongolia,GDP|PPP [per capita],USD_2017/yr,2100,MNG,26836.1301898997,26266,570.1301898997008,2.1706014996562124
OECD ENV-Growth 2023,SSP3,Morocco,GDP|PPP [per capita],USD_2017/yr,2025,MAR,8761.717615636433,8707.96,53.75761563643391,0.6173387984836163
OECD ENV-Growth 2023,SSP3,Morocco,GDP|PPP [per capita],USD_2017/yr,2030,MAR,9866.34116606276,9800.69,65.65116606276024,0.6698626939813445
OECD ENV-Growth 2023,SSP3,Morocco,GDP|PPP [per capita],USD_2017/yr,2035,MAR,11118.22071242205,11042.1,76.12071242204911,0.6893680769242183
OECD ENV-Growth 2023,SSP3,Morocco,GDP|PPP [per capita],USD_2017/yr,2040,MAR,12237.62704575025,12151,86.62704575025055,0.7129211237778829
OECD ENV-Growth 2023,SSP3,Morocco,GDP|PPP [per capita],USD_2017/yr,2045,MAR,13235.557874127231,13135.1,100.45787412723075,0.7648047911872063
OECD ENV-Growth 2023,SSP3,Morocco,GDP|PPP [per capita],USD_2017/yr,2050,MAR,14237.396352987247,14118.2,119.19635298724643,0.8442744329110398
OECD ENV-Growth 2023,SSP3,Morocco,GDP|PPP [per capita],USD_2017/yr,2055,MAR,15283.858049403829,15142.8,141.0580494038295,0.9315189357571222
OECD ENV-Growth 2023,SSP3,Morocco,GDP|PPP [per capita],USD_2017/yr,2060,MAR,16348.360646204424,16185.7,162.66064620442376,1.0049651618677211
OECD ENV-Growth 2023,SSP3,Morocco,GDP|PPP [per capita],USD_2017/yr,2065,MAR,17396.461364488976,17215.1,181.36136448897742,1.053501661268174
OECD ENV-Growth 2023,SSP3,Morocco,GDP|PPP [per capita],USD_2017/yr,2070,MAR,18375.366852973537,18178.4,196.96685297353542,1.0835213933763994
OECD ENV-Growth 2023,SSP3,Morocco,GDP|PPP [per capita],USD_2017/yr,2075,MAR,19332.540640407475,19119.6,212.94064040747617,1.113729578063747
OECD ENV-Growth 2023,SSP3,Morocco,GDP|PPP [per capita],USD_2017/yr,2080,MAR,20306.852589839586,20075.8,231.0525898395863,1.1509010342780177
OECD ENV-Growth 2023,SSP3,Morocco,GDP|PPP [per capita],USD_2017/yr,2085,MAR,21286.047929898457,21035.1,250.94792989845882,1.192996134548725
OECD ENV-Growth 2023,SSP3,Morocco,GDP|PPP [per capita],USD_2017/yr,2090,MAR,22285.426806693828,22014.7,270.7268066938268,1.2297546943352704
OECD ENV-Growth 2023,SSP3,Morocco,GDP|PPP [per capita],USD_2017/yr,2095,MAR,23313.91449158432,23025.2,288.71449158432006,1.253906552752289
OECD ENV-Growth 2023,SSP3,Morocco,GDP|PPP [per capita],USD_2017/yr,2100,MAR,24388.368828488765,24084.1,304.2688284887663,1.2633597622031396
OECD ENV-Growth 2023,SSP3,Mozambique,GDP|PPP [per capita],USD_2017/yr,2025,MOZ,1379.3207164154437,1374.76,4.560716415443721,0.33174637139891483
OECD ENV-Growth 2023,SSP3,Mozambique,GDP|PPP [per capita],USD_2017/yr,2030,MOZ,1960.7557008205329,1955.23,5.5257008205328475,0.28261129486213116
OECD ENV-Growth 2023,SSP3,Mozambique,GDP|PPP [per capita],USD_2017/yr,2035,MOZ,2585.0158527456074,2580.38,4.635852745607281,0.17965775372647752
OECD ENV-Growth 2023,SSP3,Mozambique,GDP|PPP [per capita],USD_2017/yr,2040,MOZ,3038.3423945679497,3033.47,4.872394567949868,0.16062115557265666
OECD ENV-Growth 2023,SSP3,Mozambique,GDP|PPP [per capita],USD_2017/yr,2045,MOZ,3355.2429336274836,3347.72,7.522933627483781,0.2247181253953073
OECD ENV-Growth 2023,SSP3,Mozambique,GDP|PPP [per capita],USD_2017/yr,2050,MOZ,3627.729698348197,3617.47,10.259698348197162,0.2836152987639749
OECD ENV-Growth 2023,SSP3,Mozambique,GDP|PPP [per capita],USD_2017/yr,2055,MOZ,3887.343288366326,3875.48,11.863288366325833,0.30611145887285784
OECD ENV-Growth 2023,SSP3,Mozambique,GDP|PPP [per capita],USD_2017/yr,2060,MOZ,4136.386904493133,4123.96,12.426904493133407,0.3013342635023959
OECD ENV-Growth 2023,SSP3,Mozambique,GDP|PPP [per capita],USD_2017/yr,2065,MOZ,4391.249177536601,4378.82,12.429177536600946,0.28384764700537923
OECD ENV-Growth 2023,SSP3,Mozambique,GDP|PPP [per capita],USD_2017/yr,2070,MOZ,4648.031981825766,4635.88,12.151981825765688,0.26212891243443937
OECD ENV-Growth 2023,SSP3,Mozambique,GDP|PPP [per capita],USD_2017/yr,2075,MOZ,4926.6186871295,4914.51,12.10868712950014,0.24638645825321628
OECD ENV-Growth 2023,SSP3,Mozambique,GDP|PPP [per capita],USD_2017/yr,2080,MOZ,5211.710396059538,5199.42,12.29039605953767,0.23638013585241566
OECD ENV-Growth 2023,SSP3,Mozambique,GDP|PPP [per capita],USD_2017/yr,2085,MOZ,5500.055274090845,5487.98,12.075274090845596,0.22003130643416333
OECD ENV-Growth 2023,SSP3,Mozambique,GDP|PPP [per capita],USD_2017/yr,2090,MOZ,5770.517229655401,5759.45,11.067229655401206,0.1921577521360756
OECD ENV-Growth 2023,SSP3,Mozambique,GDP|PPP [per capita],USD_2017/yr,2095,MOZ,6019.444324282171,6010.14,9.304324282170455,0.1548104417229957
OECD ENV-Growth 2023,SSP3,Mozambique,GDP|PPP [per capita],USD_2017/yr,2100,MOZ,6252.018332709959,6244.94,7.0783327099597955,0.11334508754223094
OECD ENV-Growth 2023,SSP3,Myanmar,GDP|PPP [per capita],USD_2017/yr,2025,MMR,4345.314459289043,4321.19,24.124459289043443,0.5582827713903681
OECD ENV-Growth 2023,SSP3,Myanmar,GDP|PPP [per capita],USD_2017/yr,2030,MMR,4914.550871851805,4886.35,28.20087185180455,0.5771357322296714
OECD ENV-Growth 2023,SSP3,Myanmar,GDP|PPP [per capita],USD_2017/yr,2035,MMR,5567.5083893632445,5535.41,32.09838936324468,0.5798737467187558
OECD ENV-Growth 2023,SSP3,Myanmar,GDP|PPP [per capita],USD_2017/yr,2040,MMR,6119.295883301017,6083.6,35.69588330101669,0.5867559224968224
OECD ENV-Growth 2023,SSP3,Myanmar,GDP|PPP [per capita],USD_2017/yr,2045,MMR,6550.985832293876,6510.39,40.5958322938759,0.623554538113322
OECD ENV-Growth 2023,SSP3,Myanmar,GDP|PPP [per capita],USD_2017/yr,2050,MMR,6934.482595611986,6886.76,47.722595611985525,0.6929615031159141
OECD ENV-Growth 2023,SSP3,Myanmar,GDP|PPP [per capita],USD_2017/yr,2055,MMR,7305.308617279403,7249.53,55.77861727940308,0.7694101173373044
OECD ENV-Growth 2023,SSP3,Myanmar,GDP|PPP [per capita],USD_2017/yr,2060,MMR,7647.833776357726,7585.1,62.73377635772522,0.827065910241463
OECD ENV-Growth 2023,SSP3,Myanmar,GDP|PPP [per capita],USD_2017/yr,2065,MMR,7974.388101026222,7906.94,67.4481010262225,0.8530240652669998
OECD ENV-Growth 2023,SSP3,Myanmar,GDP|PPP [per capita],USD_2017/yr,2070,MMR,8280.929211097631,8210,70.9292110976312,0.863936797778699
OECD ENV-Growth 2023,SSP3,Myanmar,GDP|PPP [per capita],USD_2017/yr,2075,MMR,8552.141220290285,8477.59,74.55122029028462,0.8793916701596164
OECD ENV-Growth 2023,SSP3,Myanmar,GDP|PPP [per capita],USD_2017/yr,2080,MMR,8782.416702958708,8703.68,78.73670295870761,0.904636923217623
OECD ENV-Growth 2023,SSP3,Myanmar,GDP|PPP [per capita],USD_2017/yr,2085,MMR,8979.706419697108,8896.95,82.75641969710705,0.9301661771405598
OECD ENV-Growth 2023,SSP3,Myanmar,GDP|PPP [per capita],USD_2017/yr,2090,MMR,9149.930055310506,9064.6,85.33005531050549,0.941354889465674
OECD ENV-Growth 2023,SSP3,Myanmar,GDP|PPP [per capita],USD_2017/yr,2095,MMR,9306.788099406802,9221.09,85.6980994068017,0.9293705994280687
OECD ENV-Growth 2023,SSP3,Myanmar,GDP|PPP [per capita],USD_2017/yr,2100,MMR,9457.203389486787,9373.24,83.96338948678749,0.8957776551841998
OECD ENV-Growth 2023,SSP3,Namibia,GDP|PPP [per capita],USD_2017/yr,2025,NAM,9861.936766800332,9841.68,20.256766800332116,0.20582631014554542
OECD ENV-Growth 2023,SSP3,Namibia,GDP|PPP [per capita],USD_2017/yr,2030,NAM,10430.011702967922,10413.3,16.711702967922974,0.16048421699099205
OECD ENV-Growth 2023,SSP3,Namibia,GDP|PPP [per capita],USD_2017/yr,2050,NAM,14413.87237676114,14396.2,17.672376761138366,0.12275723288880654
OECD ENV-Growth 2023,SSP3,Namibia,GDP|PPP [per capita],USD_2017/yr,2055,NAM,15569.926393532176,15547.2,22.72639353217528,0.14617676193896828
OECD ENV-Growth 2023,SSP3,Namibia,GDP|PPP [per capita],USD_2017/yr,2060,NAM,16769.667994725838,16746.9,22.767994725836616,0.13595348826252387
OECD ENV-Growth 2023,SSP3,Nepal,GDP|PPP [per capita],USD_2017/yr,2025,NPL,4446.650406897791,4399.17,47.480406897791,1.0793037527031462
OECD ENV-Growth 2023,SSP3,Nepal,GDP|PPP [per capita],USD_2017/yr,2030,NPL,5386.989461957529,5329.4,57.58946195752924,1.0805993537270469
OECD ENV-Growth 2023,SSP3,Nepal,GDP|PPP [per capita],USD_2017/yr,2035,NPL,6382.748278429629,6316.25,66.49827842962895,1.0528126408807275
OECD ENV-Growth 2023,SSP3,Nepal,GDP|PPP [per capita],USD_2017/yr,2040,NPL,7278.664407737472,7202.51,76.15440773747196,1.057331509952391
OECD ENV-Growth 2023,SSP3,Nepal,GDP|PPP [per capita],USD_2017/yr,2045,NPL,8046.385962953555,7955.63,90.75596295355444,1.1407765689650529
OECD ENV-Growth 2023,SSP3,Nepal,GDP|PPP [per capita],USD_2017/yr,2050,NPL,8774.870137652839,8667.04,107.83013765283795,1.2441403022581865
OECD ENV-Growth 2023,SSP3,Nepal,GDP|PPP [per capita],USD_2017/yr,2055,NPL,9509.640265508924,9388.82,120.82026550892442,1.2868525065868175
OECD ENV-Growth 2023,SSP3,Nepal,GDP|PPP [per capita],USD_2017/yr,2060,NPL,10278.512907303277,10147.8,130.71290730327746,1.2880910867703095
OECD ENV-Growth 2023,SSP3,Nepal,GDP|PPP [per capita],USD_2017/yr,2065,NPL,11123.704804159184,10980.8,142.904804159185,1.3014061285078047
OECD ENV-Growth 2023,SSP3,Nepal,GDP|PPP [per capita],USD_2017/yr,2070,NPL,12045.44252103739,11886.2,159.24252103738945,1.3397260776142874
OECD ENV-Growth 2023,SSP3,Nepal,GDP|PPP [per capita],USD_2017/yr,2075,NPL,13044.194448841168,12866,178.1944488411682,1.385002711341273
OECD ENV-Growth 2023,SSP3,Nepal,GDP|PPP [per capita],USD_2017/yr,2080,NPL,14079.76188728048,13882.8,196.96188728048037,1.4187475673529863
OECD ENV-Growth 2023,SSP3,Nepal,GDP|PPP [per capita],USD_2017/yr,2085,NPL,15154.271841769929,14939.2,215.07184176992814,1.4396476502753033
OECD ENV-Growth 2023,SSP3,Nepal,GDP|PPP [per capita],USD_2017/yr,2090,NPL,16283.463142195244,16050,233.46314219524356,1.4545990167927947
OECD ENV-Growth 2023,SSP3,Nepal,GDP|PPP [per capita],USD_2017/yr,2095,NPL,17483.158980298376,17229.9,253.2589802983748,1.4698807323221539
OECD ENV-Growth 2023,SSP3,Nepal,GDP|PPP [per capita],USD_2017/yr,2100,NPL,18756.755013356793,18481.8,274.95501335679364,1.4877068973627767
OECD ENV-Growth 2023,SSP3,New Caledonia,GDP|PPP [per capita],USD_2017/yr,2055,NCL,72422.39184343735,72299.4,122.99184343735396,0.1701146115145547
OECD ENV-Growth 2023,SSP3,New Caledonia,GDP|PPP [per capita],USD_2017/yr,2060,NCL,75572.02235218519,75383.8,188.22235218518472,0.24968541276134226
OECD ENV-Growth 2023,SSP3,New Caledonia,GDP|PPP [per capita],USD_2017/yr,2065,NCL,78315.93127206317,78085.3,230.63127206316858,0.29535811742180484
OECD ENV-Growth 2023,SSP3,New Caledonia,GDP|PPP [per capita],USD_2017/yr,2070,NCL,80478.83243740718,80223.3,255.5324374071788,0.3185264597781178
OECD ENV-Growth 2023,SSP3,New Caledonia,GDP|PPP [per capita],USD_2017/yr,2075,NCL,82120.93123573349,81841.5,279.43123573348566,0.3414297584153341
OECD ENV-Growth 2023,SSP3,New Caledonia,GDP|PPP [per capita],USD_2017/yr,2080,NCL,83400.714755901,83082.1,318.6147559009987,0.38349386438354194
OECD ENV-Growth 2023,SSP3,New Caledonia,GDP|PPP [per capita],USD_2017/yr,2085,NCL,84402.18064676,84035.9,366.2806467600021,0.43586210983639395
OECD ENV-Growth 2023,SSP3,New Caledonia,GDP|PPP [per capita],USD_2017/yr,2090,NCL,85200.97590431852,84788.6,412.37590431851277,0.486357722994026
OECD ENV-Growth 2023,SSP3,New Caledonia,GDP|PPP [per capita],USD_2017/yr,2095,NCL,85801.0957199933,85351.7,449.39571999330656,0.5265222836725063
OECD ENV-Growth 2023,SSP3,New Caledonia,GDP|PPP [per capita],USD_2017/yr,2100,NCL,86204.05228205236,85739.5,464.552282052362,0.5418182775177858
OECD ENV-Growth 2023,SSP3,Nicaragua,GDP|PPP [per capita],USD_2017/yr,2025,NIC,6220.451900365072,6160.42,60.03190036507203,0.9744773954547261
OECD ENV-Growth 2023,SSP3,Nicaragua,GDP|PPP [per capita],USD_2017/yr,2030,NIC,6913.976683100045,6844.58,69.39668310004527,1.0138924974219787
OECD ENV-Growth 2023,SSP3,Nicaragua,GDP|PPP [per capita],USD_2017/yr,2035,NIC,7741.384084910538,7661.44,79.94408491053855,1.0434603013341952
OECD ENV-Growth 2023,SSP3,Nicaragua,GDP|PPP [per capita],USD_2017/yr,2040,NIC,8607.628861912655,8515.56,92.06886191265585,1.081183878836575
OECD ENV-Growth 2023,SSP3,Nicaragua,GDP|PPP [per capita],USD_2017/yr,2045,NIC,9468.087503397828,9358.56,109.5275033978287,1.1703456877749217
OECD ENV-Growth 2023,SSP3,Nicaragua,GDP|PPP [per capita],USD_2017/yr,2050,NIC,10374.441435052671,10242.2,132.24143505267057,1.2911428702102141
OECD ENV-Growth 2023,SSP3,Nicaragua,GDP|PPP [per capita],USD_2017/yr,2055,NIC,11323.063726513596,11167.2,155.86372651359488,1.3957279041621433
OECD ENV-Growth 2023,SSP3,Nicaragua,GDP|PPP [per capita],USD_2017/yr,2060,NIC,12284.461880026724,12103.6,180.86188002672316,1.4942817015327932
OECD ENV-Growth 2023,SSP3,Nicaragua,GDP|PPP [per capita],USD_2017/yr,2065,NIC,13282.811669253855,13076.9,205.9116692538555,1.5746214259790587
OECD ENV-Growth 2023,SSP3,Nicaragua,GDP|PPP [per capita],USD_2017/yr,2070,NIC,14293.946422718163,14061.1,232.846422718163,1.6559616439550462
OECD ENV-Growth 2023,SSP3,Nicaragua,GDP|PPP [per capita],USD_2017/yr,2075,NIC,15321.865582293603,15058.9,262.9655822936038,1.7462469522581583
OECD ENV-Growth 2023,SSP3,Nicaragua,GDP|PPP [per capita],USD_2017/yr,2080,NIC,16327.185428480898,16031.4,295.7854284808982,1.8450380408504448
OECD ENV-Growth 2023,SSP3,Nicaragua,GDP|PPP [per capita],USD_2017/yr,2085,NIC,17298.12257397764,16969.1,329.0225739776397,1.9389512347598854
OECD ENV-Growth 2023,SSP3,Nicaragua,GDP|PPP [per capita],USD_2017/yr,2090,NIC,18250.700043645455,17888.2,362.50004364545384,2.0264757977071692
OECD ENV-Growth 2023,SSP3,Nicaragua,GDP|PPP [per capita],USD_2017/yr,2095,NIC,19199.485118178018,18803.2,396.285118178017,2.107540834421891
OECD ENV-Growth 2023,SSP3,Nicaragua,GDP|PPP [per capita],USD_2017/yr,2100,NIC,20161.125558377746,19730.2,430.9255583777449,2.1840911819330002
OECD ENV-Growth 2023,SSP3,Niger,GDP|PPP [per capita],USD_2017/yr,2025,NER,1439.0389650667391,1425.73,13.30896506673912,0.9334842548546443
OECD ENV-Growth 2023,SSP3,Niger,GDP|PPP [per capita],USD_2017/yr,2030,NER,1623.1612229361554,1610.94,12.2212229361553,0.7586392377217835
OECD ENV-Growth 2023,SSP3,Niger,GDP|PPP [per capita],USD_2017/yr,2035,NER,1902.1098137811764,1891.72,10.389813781176372,0.5492257723752126
OECD ENV-Growth 2023,SSP3,Niger,GDP|PPP [per capita],USD_2017/yr,2040,NER,2147.8787892895875,2137.84,10.038789289587385,0.4695762680830831
OECD ENV-Growth 2023,SSP3,Niger,GDP|PPP [per capita],USD_2017/yr,2045,NER,2380.951569094594,2368.59,12.36156909459396,0.5218956887681684
OECD ENV-Growth 2023,SSP3,Niger,GDP|PPP [per capita],USD_2017/yr,2050,NER,2619.833427670014,2605.08,14.753427670013934,0.5663329982193996
OECD ENV-Growth 2023,SSP3,Niger,GDP|PPP [per capita],USD_2017/yr,2055,NER,2879.192091418994,2863.5,15.692091418994096,0.5480038910073021
OECD ENV-Growth 2023,SSP3,Niger,GDP|PPP [per capita],USD_2017/yr,2060,NER,3158.3592268348852,3142.73,15.62922683488523,0.4973136997096546
OECD ENV-Growth 2023,SSP3,Niger,GDP|PPP [per capita],USD_2017/yr,2065,NER,3473.2758561037385,3458.37,14.905856103738643,0.43100813688930456
OECD ENV-Growth 2023,SSP3,Niger,GDP|PPP [per capita],USD_2017/yr,2070,NER,3827.440310025878,3813.25,14.190310025877807,0.37213164691215644
OECD ENV-Growth 2023,SSP3,Niger,GDP|PPP [per capita],USD_2017/yr,2075,NER,4224.8064522424065,4211.01,13.796452242406303,0.3276281044786477
OECD ENV-Growth 2023,SSP3,Niger,GDP|PPP [per capita],USD_2017/yr,2080,NER,4665.623519871799,4652.37,13.253519871798744,0.2848767374864584
OECD ENV-Growth 2023,SSP3,Niger,GDP|PPP [per capita],USD_2017/yr,2085,NER,5136.233137418048,5124.23,12.003137418048027,0.23424275292186392
OECD ENV-Growth 2023,SSP3,Niger,GDP|PPP [per capita],USD_2017/yr,2090,NER,5649.756676441887,5639.92,9.836676441886993,0.17441163069488563
OECD ENV-Growth 2023,SSP3,Niger,GDP|PPP [per capita],USD_2017/yr,2095,NER,6211.91246793167,6205.23,6.682467931670544,0.10769089834978791
OECD ENV-Growth 2023,SSP3,Nigeria,GDP|PPP [per capita],USD_2017/yr,2025,NGA,5105.142114796926,5071.77,33.372114796925416,0.6579974012410936
OECD ENV-Growth 2023,SSP3,Nigeria,GDP|PPP [per capita],USD_2017/yr,2030,NGA,5356.769583503881,5328.65,28.119583503881586,0.5277055821621158
OECD ENV-Growth 2023,SSP3,Nigeria,GDP|PPP [per capita],USD_2017/yr,2035,NGA,5904.720831288259,5881.59,23.130831288259287,0.3932751396860251
OECD ENV-Growth 2023,SSP3,Nigeria,GDP|PPP [per capita],USD_2017/yr,2040,NGA,6347.766767410289,6326.93,20.836767410288303,0.32933456526764643
OECD ENV-Growth 2023,SSP3,Nigeria,GDP|PPP [per capita],USD_2017/yr,2045,NGA,6744.507425020894,6719.9,24.60742502089397,0.3661873691705825
OECD ENV-Growth 2023,SSP3,Nigeria,GDP|PPP [per capita],USD_2017/yr,2050,NGA,7142.901384003639,7112.75,30.151384003638668,0.4239061404328659
OECD ENV-Growth 2023,SSP3,Nigeria,GDP|PPP [per capita],USD_2017/yr,2055,NGA,7573.786755097867,7540.91,32.87675509786732,0.4359786166108244
OECD ENV-Growth 2023,SSP3,Nigeria,GDP|PPP [per capita],USD_2017/yr,2060,NGA,8014.592508828742,7980.41,34.18250882874236,0.42833023401983555
OECD ENV-Growth 2023,SSP3,Nigeria,GDP|PPP [per capita],USD_2017/yr,2065,NGA,8470.69109308353,8436.5,34.19109308352927,0.40527580256657697
OECD ENV-Growth 2023,SSP3,Nigeria,GDP|PPP [per capita],USD_2017/yr,2070,NGA,8932.384162301874,8899.2,33.184162301873585,0.37288927433784586
OECD ENV-Growth 2023,SSP3,Nigeria,GDP|PPP [per capita],USD_2017/yr,2075,NGA,9397.652358369134,9364.76,32.892358369133945,0.35123546539509765
OECD ENV-Growth 2023,SSP3,Nigeria,GDP|PPP [per capita],USD_2017/yr,2080,NGA,9862.712543967224,9829.6,33.112543967223246,0.3368656300075613
OECD ENV-Growth 2023,SSP3,Nigeria,GDP|PPP [per capita],USD_2017/yr,2085,NGA,10337.33698666802,10304.2,33.136986668019745,0.32158718452688945
OECD ENV-Growth 2023,SSP3,Nigeria,GDP|PPP [per capita],USD_2017/yr,2090,NGA,10814.414628797616,10782.6,31.814628797616024,0.29505526308697366
OECD ENV-Growth 2023,SSP3,Nigeria,GDP|PPP [per capita],USD_2017/yr,2095,NGA,11310.208442403908,11280.8,29.40844240390834,0.26069465289614513
OECD ENV-Growth 2023,SSP3,Nigeria,GDP|PPP [per capita],USD_2017/yr,2100,NGA,11819.12409970502,11792.9,26.224099705021217,0.22237193315487472
OECD ENV-Growth 2023,SSP3,North Korea,GDP|PPP [per capita],USD_2017/yr,2025,PRK,2221.0773855702096,2216.59,4.487385570209426,0.2024454486490251
OECD ENV-Growth 2023,SSP3,North Korea,GDP|PPP [per capita],USD_2017/yr,2030,PRK,2851.2457466088663,2844,7.245746608866284,0.2547730875128792
OECD ENV-Growth 2023,SSP3,North Korea,GDP|PPP [per capita],USD_2017/yr,2035,PRK,3580.2245584366588,3569.96,10.264558436658717,0.2875258668628981
OECD ENV-Growth 2023,SSP3,North Korea,GDP|PPP [per capita],USD_2017/yr,2040,PRK,4326.15921932815,4312.82,13.339219328150648,0.3092922804139901
OECD ENV-Growth 2023,SSP3,North Korea,GDP|PPP [per capita],USD_2017/yr,2045,PRK,5012.1563810020325,4995.44,16.716381002032904,0.3346328051589631
OECD ENV-Growth 2023,SSP3,North Korea,GDP|PPP [per capita],USD_2017/yr,2050,PRK,5701.646908788826,5677.92,23.726908788826222,0.41788029399544585
OECD ENV-Growth 2023,SSP3,North Korea,GDP|PPP [per capita],USD_2017/yr,2055,PRK,6438.786123248793,6403.01,35.77612324879283,0.5587391437588389
OECD ENV-Growth 2023,SSP3,North Korea,GDP|PPP [per capita],USD_2017/yr,2060,PRK,7268.019503038448,7221.3,46.71950303844824,0.6469680395281768
OECD ENV-Growth 2023,SSP3,North Korea,GDP|PPP [per capita],USD_2017/yr,2065,PRK,8235.76405210945,8181.41,54.354052109451004,0.6643604477645174
OECD ENV-Growth 2023,SSP3,North Korea,GDP|PPP [per capita],USD_2017/yr,2070,PRK,9340.873255092394,9277.97,62.90325509239483,0.6779851098073698
OECD ENV-Growth 2023,SSP3,North Korea,GDP|PPP [per capita],USD_2017/yr,2075,PRK,10527.699104979694,10453.6,74.09910497969395,0.7088381512559687
OECD ENV-Growth 2023,SSP3,North Korea,GDP|PPP [per capita],USD_2017/yr,2080,PRK,11780.265738595172,11688.9,91.36573859517193,0.7816453096114429
OECD ENV-Growth 2023,SSP3,North Korea,GDP|PPP [per capita],USD_2017/yr,2085,PRK,13100.18380072422,12985.3,114.88380072422115,0.88472196040308
OECD ENV-Growth 2023,SSP3,North Korea,GDP|PPP [per capita],USD_2017/yr,2090,PRK,14533.642736761756,14395.3,138.3427367617569,0.9610271183077594
OECD ENV-Growth 2023,SSP3,North Korea,GDP|PPP [per capita],USD_2017/yr,2095,PRK,16133.288444487063,15976.5,156.78844448706332,0.9813691640037764
OECD ENV-Growth 2023,SSP3,North Korea,GDP|PPP [per capita],USD_2017/yr,2100,PRK,17907.13881697111,17735.1,172.03881697111137,0.9700470646971903
OECD ENV-Growth 2023,SSP3,North Macedonia,GDP|PPP [per capita],USD_2017/yr,2030,MKD,21548.37357569631,21525.8,22.57357569631131,0.10486753429053187
OECD ENV-Growth 2023,SSP3,North Macedonia,GDP|PPP [per capita],USD_2017/yr,2035,MKD,23920.579504791636,23887.8,32.77950479163701,0.13722278649200434
OECD ENV-Growth 2023,SSP3,North Macedonia,GDP|PPP [per capita],USD_2017/yr,2040,MKD,25829.81228408679,25790.4,39.41228408678944,0.15281765341673428
OECD ENV-Growth 2023,SSP3,North Macedonia,GDP|PPP [per capita],USD_2017/yr,2045,MKD,27567.341699082863,27522.4,44.941699082861305,0.16329135207271642
OECD ENV-Growth 2023,SSP3,North Macedonia,GDP|PPP [per capita],USD_2017/yr,2050,MKD,29334.91703671,29278.7,56.217036710000684,0.19200660107860215
OECD ENV-Growth 2023,SSP3,North Macedonia,GDP|PPP [per capita],USD_2017/yr,2055,MKD,31154.844358128394,31070.8,84.04435812839438,0.27049306142228197
OECD ENV-Growth 2023,SSP3,North Macedonia,GDP|PPP [per capita],USD_2017/yr,2060,MKD,32903.83025301984,32784.3,119.53025301983871,0.36459602010669345
OECD ENV-Growth 2023,SSP3,North Macedonia,GDP|PPP [per capita],USD_2017/yr,2065,MKD,34850.878407786964,34707.2,143.678407786967,0.4139729156686999
OECD ENV-Growth 2023,SSP3,North Macedonia,GDP|PPP [per capita],USD_2017/yr,2070,MKD,37089.56754045101,36934.3,155.26754045100824,0.42038847480799213
OECD ENV-Growth 2023,SSP3,North Macedonia,GDP|PPP [per capita],USD_2017/yr,2075,MKD,39457.05974024934,39291.1,165.9597402493382,0.42238507002689724
OECD ENV-Growth 2023,SSP3,North Macedonia,GDP|PPP [per capita],USD_2017/yr,2080,MKD,41809.8412367909,41627.3,182.5412367908939,0.4385132756409709
OECD ENV-Growth 2023,SSP3,North Macedonia,GDP|PPP [per capita],USD_2017/yr,2085,MKD,44040.27708765674,43830.2,210.07708765674033,0.4792975794240965
OECD ENV-Growth 2023,SSP3,North Macedonia,GDP|PPP [per capita],USD_2017/yr,2090,MKD,46089.71436679759,45843.2,246.51436679759354,0.537733768143571
OECD ENV-Growth 2023,SSP3,North Macedonia,GDP|PPP [per capita],USD_2017/yr,2095,MKD,47934.76404992837,47654,280.7640499283734,0.589172052563003
OECD ENV-Growth 2023,SSP3,North Macedonia,GDP|PPP [per capita],USD_2017/yr,2100,MKD,49620.75116026582,49318.4,302.3511602658182,0.6130595482939798
OECD ENV-Growth 2023,SSP3,Oman,GDP|PPP [per capita],USD_2017/yr,2050,OMN,44731.78949144334,44657.2,74.58949144334474,0.16702679846328194
OECD ENV-Growth 2023,SSP3,Oman,GDP|PPP [per capita],USD_2017/yr,2055,OMN,45882.306028969615,45762.6,119.70602896961645,0.2615804805007068
OECD ENV-Growth 2023,SSP3,Oman,GDP|PPP [per capita],USD_2017/yr,2060,OMN,47328.079906884464,47159.9,168.17990688446298,0.35661633481933375
OECD ENV-Growth 2023,SSP3,Oman,GDP|PPP [per capita],USD_2017/yr,2065,OMN,49070.472681813866,48863.1,207.37268181386753,0.42439526312057063
OECD ENV-Growth 2023,SSP3,Oman,GDP|PPP [per capita],USD_2017/yr,2070,OMN,50780.72519828839,50547.7,233.02519828839286,0.46100059604767946
OECD ENV-Growth 2023,SSP3,Oman,GDP|PPP [per capita],USD_2017/yr,2075,OMN,52403.66691448518,52144.5,259.1669144851767,0.49701677930592236
OECD ENV-Growth 2023,SSP3,Oman,GDP|PPP [per capita],USD_2017/yr,2080,OMN,53748.86031920796,53453,295.86031920796086,0.5534961914353934
OECD ENV-Growth 2023,SSP3,Oman,GDP|PPP [per capita],USD_2017/yr,2085,OMN,54861.43447440363,54519.1,342.33447440362943,0.6279165914397513
OECD ENV-Growth 2023,SSP3,Oman,GDP|PPP [per capita],USD_2017/yr,2090,OMN,55893.64540713663,55503,390.64540713663155,0.7038275537117481
OECD ENV-Growth 2023,SSP3,Oman,GDP|PPP [per capita],USD_2017/yr,2095,OMN,57015.63461231092,56584.8,430.83461231091496,0.7613963684786638
OECD ENV-Growth 2023,SSP3,Oman,GDP|PPP [per capita],USD_2017/yr,2100,OMN,58275.535823923834,57819.7,455.83582392383687,0.788374591919081
OECD ENV-Growth 2023,SSP3,Pakistan,GDP|PPP [per capita],USD_2017/yr,2025,PAK,5470.070110921851,5421.7,48.37011092185094,0.8921576428399015
OECD ENV-Growth 2023,SSP3,Pakistan,GDP|PPP [per capita],USD_2017/yr,2030,PAK,6225.056798507993,6172.34,52.71679850799319,0.8540812480840846
OECD ENV-Growth 2023,SSP3,Pakistan,GDP|PPP [per capita],USD_2017/yr,2035,PAK,7030.107950145968,6973.46,56.647950145968025,0.8123363458880961
OECD ENV-Growth 2023,SSP3,Pakistan,GDP|PPP [per capita],USD_2017/yr,2040,PAK,7893.750136060495,7832.43,61.320136060494406,0.7829005310037166
OECD ENV-Growth 2023,SSP3,Pakistan,GDP|PPP [per capita],USD_2017/yr,2045,PAK,8801.051647329095,8728.57,72.48164732909572,0.8303954408235911
OECD ENV-Growth 2023,SSP3,Pakistan,GDP|PPP [per capita],USD_2017/yr,2050,PAK,9729.182523558691,9638.63,90.55252355869197,0.9394750452988857
OECD ENV-Growth 2023,SSP3,Pakistan,GDP|PPP [per capita],USD_2017/yr,2055,PAK,10657.70152841324,10549.5,108.20152841323943,1.0256555136569452
OECD ENV-Growth 2023,SSP3,Pakistan,GDP|PPP [per capita],USD_2017/yr,2060,PAK,11531.098941998098,11411.7,119.39894199809714,1.0462853211887548
OECD ENV-Growth 2023,SSP3,Pakistan,GDP|PPP [per capita],USD_2017/yr,2065,PAK,12397.454518385724,12271.1,126.35451838572408,1.0296918645086754
OECD ENV-Growth 2023,SSP3,Pakistan,GDP|PPP [per capita],USD_2017/yr,2070,PAK,13241.530767546816,13106.2,135.33076754681497,1.0325705967161722
OECD ENV-Growth 2023,SSP3,Pakistan,GDP|PPP [per capita],USD_2017/yr,2075,PAK,14093.704758938376,13945.3,148.4047589383772,1.0641919423632134
OECD ENV-Growth 2023,SSP3,Pakistan,GDP|PPP [per capita],USD_2017/yr,2080,PAK,14916.594227209416,14753.6,162.99422720941584,1.1047759679631808
OECD ENV-Growth 2023,SSP3,Pakistan,GDP|PPP [per capita],USD_2017/yr,2085,PAK,15666.586254341892,15491.4,175.18625434189198,1.1308613446292264
OECD ENV-Growth 2023,SSP3,Pakistan,GDP|PPP [per capita],USD_2017/yr,2090,PAK,16330.471967854726,16147,183.47196785472624,1.1362604066063433
OECD ENV-Growth 2023,SSP3,Pakistan,GDP|PPP [per capita],USD_2017/yr,2095,PAK,16919.815421390398,16731,188.81542139039811,1.1285363779236037
OECD ENV-Growth 2023,SSP3,Pakistan,GDP|PPP [per capita],USD_2017/yr,2100,PAK,17469.48770202032,17275.4,194.08770202031883,1.1234917977026222
OECD ENV-Growth 2023,SSP3,Panama,GDP|PPP [per capita],USD_2017/yr,2025,PAN,37034.646842375834,36932,102.64684237583424,0.2779346972160572
OECD ENV-Growth 2023,SSP3,Panama,GDP|PPP [per capita],USD_2017/yr,2030,PAN,42266.13582589045,42142.6,123.53582589045254,0.29313764668162984
OECD ENV-Growth 2023,SSP3,Panama,GDP|PPP [per capita],USD_2017/yr,2035,PAN,46437.68306645899,46291.6,146.08306645898847,0.31557143511779345
OECD ENV-Growth 2023,SSP3,Panama,GDP|PPP [per capita],USD_2017/yr,2040,PAN,49192.357741601045,48998,194.35774160104484,0.3966646426406074
OECD ENV-Growth 2023,SSP3,Panama,GDP|PPP [per capita],USD_2017/yr,2045,PAN,51203.85473686316,50927.2,276.65473686316545,0.5432357107069806
OECD ENV-Growth 2023,SSP3,Panama,GDP|PPP [per capita],USD_2017/yr,2050,PAN,52989.88627998236,52633.3,356.586279982359,0.6774917779853419
OECD ENV-Growth 2023,SSP3,Panama,GDP|PPP [per capita],USD_2017/yr,2055,PAN,54553.59196904737,54132.2,421.39196904737037,0.7784497379514788
OECD ENV-Growth 2023,SSP3,Panama,GDP|PPP [per capita],USD_2017/yr,2060,PAN,55886.118080802815,55386.9,499.21808080281335,0.9013287994143261
OECD ENV-Growth 2023,SSP3,Panama,GDP|PPP [per capita],USD_2017/yr,2065,PAN,57039.38075239596,56463.6,575.7807523959636,1.0197379416047927
OECD ENV-Growth 2023,SSP3,Panama,GDP|PPP [per capita],USD_2017/yr,2070,PAN,58004.05335081889,57354,650.0533508188892,1.133405430866006
OECD ENV-Growth 2023,SSP3,Panama,GDP|PPP [per capita],USD_2017/yr,2075,PAN,58978.96501726345,58220.7,758.265017263453,1.3023976305050489
OECD ENV-Growth 2023,SSP3,Panama,GDP|PPP [per capita],USD_2017/yr,2080,PAN,59877.06899672482,59029.4,847.6689967248167,1.436011541240156
OECD ENV-Growth 2023,SSP3,Panama,GDP|PPP [per capita],USD_2017/yr,2085,PAN,60744.58242431714,59799.8,944.7824243171344,1.5799090035704708
OECD ENV-Growth 2023,SSP3,Panama,GDP|PPP [per capita],USD_2017/yr,2090,PAN,61525.54565989957,60484.2,1041.3456598995763,1.7216821250832057
OECD ENV-Growth 2023,SSP3,Panama,GDP|PPP [per capita],USD_2017/yr,2095,PAN,62267.36750769291,61123.6,1143.767507692908,1.8712371452154457
OECD ENV-Growth 2023,SSP3,Panama,GDP|PPP [per capita],USD_2017/yr,2100,PAN,62982.46740735984,61733.3,1249.1674073598406,2.0234904133746947
OECD ENV-Growth 2023,SSP3,Papua New Guinea,GDP|PPP [per capita],USD_2017/yr,2055,PNG,5977.910746783555,5970.31,7.600746783554314,0.12730908082753345
OECD ENV-Growth 2023,SSP3,Papua New Guinea,GDP|PPP [per capita],USD_2017/yr,2060,PNG,6480.710659751389,6469.24,11.470659751389576,0.17731077763987077
OECD ENV-Growth 2023,SSP3,Papua New Guinea,GDP|PPP [per capita],USD_2017/yr,2065,PNG,7014.697847391379,7000.27,14.427847391378236,0.20610415585939162
OECD ENV-Growth 2023,SSP3,Papua New Guinea,GDP|PPP [per capita],USD_2017/yr,2070,PNG,7540.172759675063,7522.97,17.202759675063135,0.2286697896583814
OECD ENV-Growth 2023,SSP3,Papua New Guinea,GDP|PPP [per capita],USD_2017/yr,2075,PNG,8052.89223299191,8032.49,20.40223299190984,0.25399636964266176
OECD ENV-Growth 2023,SSP3,Papua New Guinea,GDP|PPP [per capita],USD_2017/yr,2080,PNG,8551.072034646348,8527.08,23.992034646347747,0.2813628422197018
OECD ENV-Growth 2023,SSP3,Papua New Guinea,GDP|PPP [per capita],USD_2017/yr,2085,PNG,9052.6448340854,9025.29,27.35483408539949,0.3030909154763945
OECD ENV-Growth 2023,SSP3,Papua New Guinea,GDP|PPP [per capita],USD_2017/yr,2090,PNG,9568.708260601748,9539.2,29.50826060174768,0.3093368479720278
OECD ENV-Growth 2023,SSP3,Papua New Guinea,GDP|PPP [per capita],USD_2017/yr,2095,PNG,10105.182471401688,10075.1,30.082471401687144,0.2985823604895946
OECD ENV-Growth 2023,SSP3,Papua New Guinea,GDP|PPP [per capita],USD_2017/yr,2100,PNG,10657.852119714706,10628.5,29.352119714705623,0.2761642726133097
OECD ENV-Growth 2023,SSP3,Paraguay,GDP|PPP [per capita],USD_2017/yr,2025,PRY,14747.840976623062,14633.9,113.94097662306194,0.7786097801888898
OECD ENV-Growth 2023,SSP3,Paraguay,GDP|PPP [per capita],USD_2017/yr,2030,PRY,16359.066993373975,16229.8,129.26699337397622,0.7964792750001617
OECD ENV-Growth 2023,SSP3,Paraguay,GDP|PPP [per capita],USD_2017/yr,2035,PRY,18017.41486131069,17876.5,140.91486131069178,0.7882687400256861
OECD ENV-Growth 2023,SSP3,Paraguay,GDP|PPP [per capita],USD_2017/yr,2040,PRY,19412.7935647832,19256.6,156.1935647831997,0.8111170444585218
OECD ENV-Growth 2023,SSP3,Paraguay,GDP|PPP [per capita],USD_2017/yr,2045,PRY,20661.935756140236,20481.7,180.23575614023503,0.8799843574519449
OECD ENV-Growth 2023,SSP3,Paraguay,GDP|PPP [per capita],USD_2017/yr,2050,PRY,21804.62371553236,21596.9,207.72371553236007,0.961821907460608
OECD ENV-Growth 2023,SSP3,Paraguay,GDP|PPP [per capita],USD_2017/yr,2055,PRY,22932.901657150633,22698.4,234.50165715063122,1.0331197668145384
OECD ENV-Growth 2023,SSP3,Paraguay,GDP|PPP [per capita],USD_2017/yr,2060,PRY,24005.26894821111,23747.9,257.36894821110764,1.083754556028565
OECD ENV-Growth 2023,SSP3,Paraguay,GDP|PPP [per capita],USD_2017/yr,2065,PRY,25030.71610940097,24753.9,276.81610940097016,1.11827271420249
OECD ENV-Growth 2023,SSP3,Paraguay,GDP|PPP [per capita],USD_2017/yr,2070,PRY,25928.549243419227,25633.9,294.64924341922597,1.1494514819018018
OECD ENV-Growth 2023,SSP3,Paraguay,GDP|PPP [per capita],USD_2017/yr,2075,PRY,26743.754504424756,26430.1,313.65450442475776,1.1867321895292027
OECD ENV-Growth 2023,SSP3,Paraguay,GDP|PPP [per capita],USD_2017/yr,2080,PRY,27479.891346013916,27146.7,333.1913460139149,1.2273732940427928
OECD ENV-Growth 2023,SSP3,Paraguay,GDP|PPP [per capita],USD_2017/yr,2085,PRY,28152.437748926113,27801.1,351.3377489261147,1.2637548475639984
OECD ENV-Growth 2023,SSP3,Paraguay,GDP|PPP [per capita],USD_2017/yr,2090,PRY,28777.77389239729,28410.5,367.2738923972902,1.292739981335387
OECD ENV-Growth 2023,SSP3,Paraguay,GDP|PPP [per capita],USD_2017/yr,2095,PRY,29345.767935080206,28965.5,380.26793508020637,1.3128305573189014
OECD ENV-Growth 2023,SSP3,Paraguay,GDP|PPP [per capita],USD_2017/yr,2100,PRY,29875.978191400147,29484.3,391.6781914001476,1.3284296774898765
OECD ENV-Growth 2023,SSP3,Peru,GDP|PPP [per capita],USD_2017/yr,2025,PER,13737.702776961494,13642.9,94.8027769614946,0.6948872817472429
OECD ENV-Growth 2023,SSP3,Peru,GDP|PPP [per capita],USD_2017/yr,2030,PER,15146.751770276656,15037.3,109.45177027665704,0.7278685021689868
OECD ENV-Growth 2023,SSP3,Peru,GDP|PPP [per capita],USD_2017/yr,2035,PER,16526.25572592717,16405.6,120.65572592717217,0.7354545150873615
OECD ENV-Growth 2023,SSP3,Peru,GDP|PPP [per capita],USD_2017/yr,2040,PER,17773.860015593957,17640.4,133.46001559395518,0.7565588965893923
OECD ENV-Growth 2023,SSP3,Peru,GDP|PPP [per capita],USD_2017/yr,2045,PER,18860.335546220456,18709.7,150.63554622045558,0.8051200512058215
OECD ENV-Growth 2023,SSP3,Peru,GDP|PPP [per capita],USD_2017/yr,2050,PER,19908.889900904745,19736.6,172.2899009047469,0.8729462060575119
OECD ENV-Growth 2023,SSP3,Peru,GDP|PPP [per capita],USD_2017/yr,2055,PER,20920.146102074606,20723.6,196.54610207460792,0.9484167908790361
OECD ENV-Growth 2023,SSP3,Peru,GDP|PPP [per capita],USD_2017/yr,2060,PER,21866.59985036403,21648,218.5998503640294,1.0097923612529074
OECD ENV-Growth 2023,SSP3,Peru,GDP|PPP [per capita],USD_2017/yr,2065,PER,22782.62416257741,22546.9,235.7241625774077,1.0454836921146928
OECD ENV-Growth 2023,SSP3,Peru,GDP|PPP [per capita],USD_2017/yr,2070,PER,23668.296243154356,23417.7,250.59624315435576,1.0701146703320812
OECD ENV-Growth 2023,SSP3,Peru,GDP|PPP [per capita],USD_2017/yr,2075,PER,24540.669425712404,24274.1,266.56942571240506,1.0981639925369224
OECD ENV-Growth 2023,SSP3,Peru,GDP|PPP [per capita],USD_2017/yr,2080,PER,25380.68090462091,25095.6,285.0809046209106,1.1359796323694615
OECD ENV-Growth 2023,SSP3,Peru,GDP|PPP [per capita],USD_2017/yr,2085,PER,26180.93625486876,25876.4,304.536254868759,1.1768880326040676
OECD ENV-Growth 2023,SSP3,Peru,GDP|PPP [per capita],USD_2017/yr,2090,PER,26930.610972536753,26607.5,323.11097253675325,1.2143605093930405
OECD ENV-Growth 2023,SSP3,Peru,GDP|PPP [per capita],USD_2017/yr,2095,PER,27640.014847658505,27301.2,338.81484765850473,1.241025477482692
OECD ENV-Growth 2023,SSP3,Peru,GDP|PPP [per capita],USD_2017/yr,2100,PER,28329.048493513215,27977.3,351.7484935132161,1.257263901495913
OECD ENV-Growth 2023,SSP3,Philippines,GDP|PPP [per capita],USD_2017/yr,2025,PHL,9797.802100129777,9742.09,55.712100129776445,0.5718701031275265
OECD ENV-Growth 2023,SSP3,Philippines,GDP|PPP [per capita],USD_2017/yr,2030,PHL,12322.214817533491,12250.7,71.51481753349071,0.5837610710693325
OECD ENV-Growth 2023,SSP3,Philippines,GDP|PPP [per capita],USD_2017/yr,2035,PHL,14576.270162012765,14493.9,82.37016201276492,0.5683091646331555
OECD ENV-Growth 2023,SSP3,Philippines,GDP|PPP [per capita],USD_2017/yr,2040,PHL,16171.397052202705,16077,94.3970522027048,0.5871558885532425
OECD ENV-Growth 2023,SSP3,Philippines,GDP|PPP [per capita],USD_2017/yr,2045,PHL,17375.400033271828,17262.1,113.3000332718293,0.6563513898762567
OECD ENV-Growth 2023,SSP3,Philippines,GDP|PPP [per capita],USD_2017/yr,2050,PHL,18447.027531244858,18314.8,132.22753124485826,0.7219709264903699
OECD ENV-Growth 2023,SSP3,Philippines,GDP|PPP [per capita],USD_2017/yr,2055,PHL,19486.142468917733,19335,151.1424689177329,0.781704002677698
OECD ENV-Growth 2023,SSP3,Philippines,GDP|PPP [per capita],USD_2017/yr,2060,PHL,20498.77971069295,20327.2,171.57971069294945,0.844089253281069
OECD ENV-Growth 2023,SSP3,Philippines,GDP|PPP [per capita],USD_2017/yr,2065,PHL,21458.639102620415,21269.9,188.73910262041318,0.8873530323152116
OECD ENV-Growth 2023,SSP3,Philippines,GDP|PPP [per capita],USD_2017/yr,2070,PHL,22309.25170622587,22106.7,202.55170622586957,0.9162457817126463
OECD ENV-Growth 2023,SSP3,Philippines,GDP|PPP [per capita],USD_2017/yr,2075,PHL,23073.274928007715,22857.5,215.77492800771506,0.944000560025003
OECD ENV-Growth 2023,SSP3,Philippines,GDP|PPP [per capita],USD_2017/yr,2080,PHL,23771.744128981492,23542.4,229.34412898149094,0.9741748036797053
OECD ENV-Growth 2023,SSP3,Philippines,GDP|PPP [per capita],USD_2017/yr,2085,PHL,24457.46831860597,24214.3,243.16831860597085,1.0042343516268109
OECD ENV-Growth 2023,SSP3,Philippines,GDP|PPP [per capita],USD_2017/yr,2090,PHL,25125.266674920105,24869.3,255.96667492010602,1.029247606165457
OECD ENV-Growth 2023,SSP3,Philippines,GDP|PPP [per capita],USD_2017/yr,2095,PHL,25761.588714982827,25494.7,266.88871498282606,1.046839990205125
OECD ENV-Growth 2023,SSP3,Philippines,GDP|PPP [per capita],USD_2017/yr,2100,PHL,26334.931171184773,26060.4,274.53117118477167,1.0534418933890948
OECD ENV-Growth 2023,SSP3,Puerto Rico,GDP|PPP [per capita],USD_2017/yr,2025,PRI,34623.65874971336,34128.1,495.55874971336016,1.452054904062518
OECD ENV-Growth 2023,SSP3,Puerto Rico,GDP|PPP [per capita],USD_2017/yr,2030,PRI,37713.47391560911,37148.7,564.773915609112,1.5203060015804377
OECD ENV-Growth 2023,SSP3,Puerto Rico,GDP|PPP [per capita],USD_2017/yr,2035,PRI,40227.39670401981,39602.4,624.9967040198098,1.578178857897021
OECD ENV-Growth 2023,SSP3,Puerto Rico,GDP|PPP [per capita],USD_2017/yr,2040,PRI,42137.92106151102,41468.1,669.821061511022,1.6152682700944148
OECD ENV-Growth 2023,SSP3,Puerto Rico,GDP|PPP [per capita],USD_2017/yr,2045,PRI,43890.09618285641,43176.9,713.196182856409,1.6518003442961604
OECD ENV-Growth 2023,SSP3,Puerto Rico,GDP|PPP [per capita],USD_2017/yr,2050,PRI,45462.05316703853,44701,761.0531670385317,1.7025417038512152
OECD ENV-Growth 2023,SSP3,Puerto Rico,GDP|PPP [per capita],USD_2017/yr,2055,PRI,46990.439802525696,46192.4,798.0398025256945,1.7276430809520495
OECD ENV-Growth 2023,SSP3,Puerto Rico,GDP|PPP [per capita],USD_2017/yr,2060,PRI,48317.73722392447,47488,829.7372239244723,1.7472566204609001
OECD ENV-Growth 2023,SSP3,Puerto Rico,GDP|PPP [per capita],USD_2017/yr,2065,PRI,49424.65075180293,48570.2,854.450751802935,1.75920781014477
OECD ENV-Growth 2023,SSP3,Puerto Rico,GDP|PPP [per capita],USD_2017/yr,2070,PRI,50196.0480917877,49326.8,869.2480917876965,1.7622227506906922
OECD ENV-Growth 2023,SSP3,Puerto Rico,GDP|PPP [per capita],USD_2017/yr,2075,PRI,50616.59123051099,49733.4,883.1912305109872,1.7758513001543976
OECD ENV-Growth 2023,SSP3,Puerto Rico,GDP|PPP [per capita],USD_2017/yr,2080,PRI,50737.77580793511,49840.8,896.9758079351086,1.7996818027301096
OECD ENV-Growth 2023,SSP3,Puerto Rico,GDP|PPP [per capita],USD_2017/yr,2085,PRI,50693.45841403891,49779.6,913.8584140389139,1.8358090744781275
OECD ENV-Growth 2023,SSP3,Puerto Rico,GDP|PPP [per capita],USD_2017/yr,2090,PRI,50548.02341027212,49615.8,932.2234102721195,1.878884166479467
OECD ENV-Growth 2023,SSP3,Puerto Rico,GDP|PPP [per capita],USD_2017/yr,2095,PRI,50326.84058954662,49374.2,952.6405895466232,1.9294299240223098
OECD ENV-Growth 2023,SSP3,Puerto Rico,GDP|PPP [per capita],USD_2017/yr,2100,PRI,50046.38994211043,49067.3,979.0899421104259,1.9954021152792711
OECD ENV-Growth 2023,SSP3,Romania,GDP|PPP [per capita],USD_2017/yr,2025,ROU,31950.83769131432,31861.3,89.53769131431909,0.28102334592222883
OECD ENV-Growth 2023,SSP3,Romania,GDP|PPP [per capita],USD_2017/yr,2030,ROU,37017.13929707899,36872.9,144.23929707898787,0.3911796931594419
OECD ENV-Growth 2023,SSP3,Romania,GDP|PPP [per capita],USD_2017/yr,2035,ROU,41096.78351605987,40914.6,182.18351605987118,0.4452775196625928
OECD ENV-Growth 2023,SSP3,Romania,GDP|PPP [per capita],USD_2017/yr,2040,ROU,43804.77633522187,43594.3,210.47633522186516,0.48280700738827126
OECD ENV-Growth 2023,SSP3,Romania,GDP|PPP [per capita],USD_2017/yr,2045,ROU,45320.19560436798,45086.5,233.695604367982,0.518327225151613
OECD ENV-Growth 2023,SSP3,Romania,GDP|PPP [per capita],USD_2017/yr,2050,ROU,46231.49429075384,45969.9,261.59429075384105,0.569055601064699
OECD ENV-Growth 2023,SSP3,Romania,GDP|PPP [per capita],USD_2017/yr,2055,ROU,46935.43807217814,46629.9,305.5380721781403,0.6552406764289442
OECD ENV-Growth 2023,SSP3,Romania,GDP|PPP [per capita],USD_2017/yr,2060,ROU,47534.27768706511,47184.4,349.8776870651054,0.7415113619440015
OECD ENV-Growth 2023,SSP3,Romania,GDP|PPP [per capita],USD_2017/yr,2065,ROU,48038.25937904097,47661.1,377.1593790409679,0.7913358672816362
OECD ENV-Growth 2023,SSP3,Romania,GDP|PPP [per capita],USD_2017/yr,2070,ROU,48294.2686224664,47903.9,390.36862246639794,0.8148994600990691
OECD ENV-Growth 2023,SSP3,Romania,GDP|PPP [per capita],USD_2017/yr,2075,ROU,48345.48707124439,47946.4,399.0870712443866,0.8323608680618078
OECD ENV-Growth 2023,SSP3,Romania,GDP|PPP [per capita],USD_2017/yr,2080,ROU,48216.90685037228,47807,409.90685037228104,0.857420148455835
OECD ENV-Growth 2023,SSP3,Romania,GDP|PPP [per capita],USD_2017/yr,2085,ROU,47990.2983965896,47566.3,423.99839658959536,0.8913840189159034
OECD ENV-Growth 2023,SSP3,Romania,GDP|PPP [per capita],USD_2017/yr,2090,ROU,47734.85507831129,47296,438.8550783112878,0.9278904734254224
OECD ENV-Growth 2023,SSP3,Romania,GDP|PPP [per capita],USD_2017/yr,2095,ROU,47497.50013157202,47047.9,449.6001315720205,0.9556221033712885
OECD ENV-Growth 2023,SSP3,Romania,GDP|PPP [per capita],USD_2017/yr,2100,ROU,47266.67443442947,46813.4,453.2744344294697,0.9682578800716669
OECD ENV-Growth 2023,SSP3,Rwanda,GDP|PPP [per capita],USD_2017/yr,2025,RWA,2717.9311765725656,2708.8,9.131176572565437,0.3370930512612757
OECD ENV-Growth 2023,SSP3,Rwanda,GDP|PPP [per capita],USD_2017/yr,2030,RWA,3429.492961166361,3418.89,10.602961166361183,0.31012876010521495
OECD ENV-Growth 2023,SSP3,Rwanda,GDP|PPP [per capita],USD_2017/yr,2035,RWA,4103.598632434111,4091.98,11.618632434111078,0.2839366867411639
OECD ENV-Growth 2023,SSP3,Rwanda,GDP|PPP [per capita],USD_2017/yr,2040,RWA,4675.287670871189,4662.32,12.967670871189512,0.27813772695116407
OECD ENV-Growth 2023,SSP3,Rwanda,GDP|PPP [per capita],USD_2017/yr,2045,RWA,5175.250528228498,5158.42,16.830528228498224,0.32627293296199655
OECD ENV-Growth 2023,SSP3,Rwanda,GDP|PPP [per capita],USD_2017/yr,2050,RWA,5645.375083278374,5622.35,23.02508327837404,0.4095277469096381
OECD ENV-Growth 2023,SSP3,Rwanda,GDP|PPP [per capita],USD_2017/yr,2055,RWA,6112.075521579322,6083.19,28.885521579322813,0.47484167976543257
OECD ENV-Growth 2023,SSP3,Rwanda,GDP|PPP [per capita],USD_2017/yr,2060,RWA,6562.952021551762,6530.24,32.71202155176252,0.5009313831002002
OECD ENV-Growth 2023,SSP3,Rwanda,GDP|PPP [per capita],USD_2017/yr,2065,RWA,7015.241321780023,6980.85,34.391321780022736,0.492652352937289
OECD ENV-Growth 2023,SSP3,Rwanda,GDP|PPP [per capita],USD_2017/yr,2070,RWA,7459.588722723351,7424.2,35.38872272335084,0.47666715233090223
OECD ENV-Growth 2023,SSP3,Rwanda,GDP|PPP [per capita],USD_2017/yr,2075,RWA,7923.122989341558,7885.69,37.43298934155882,0.47469516734184103
OECD ENV-Growth 2023,SSP3,Rwanda,GDP|PPP [per capita],USD_2017/yr,2080,RWA,8384.729657484188,8344.42,40.30965748418748,0.48307320921271324
OECD ENV-Growth 2023,SSP3,Rwanda,GDP|PPP [per capita],USD_2017/yr,2085,RWA,8814.811542830428,8771.99,42.82154283042837,0.4881622394739206
OECD ENV-Growth 2023,SSP3,Rwanda,GDP|PPP [per capita],USD_2017/yr,2090,RWA,9199.909020225345,9156.02,43.88902022534421,0.4793460501980578
OECD ENV-Growth 2023,SSP3,Rwanda,GDP|PPP [per capita],USD_2017/yr,2095,RWA,9547.924227047835,9504.48,43.44422704783574,0.457092098124629
OECD ENV-Growth 2023,SSP3,Rwanda,GDP|PPP [per capita],USD_2017/yr,2100,RWA,9883.114112421565,9840.96,42.154112421565515,0.4283536608376166
OECD ENV-Growth 2023,SSP3,Saint Lucia,GDP|PPP [per capita],USD_2017/yr,2025,LCA,16319.45174261993,16260.9,58.55174261993125,0.3600768876257233
OECD ENV-Growth 2023,SSP3,Saint Lucia,GDP|PPP [per capita],USD_2017/yr,2030,LCA,17285.310872794347,17218.4,66.91087279434578,0.3886009896061525
OECD ENV-Growth 2023,SSP3,Saint Lucia,GDP|PPP [per capita],USD_2017/yr,2035,LCA,18204.461026498433,18132.5,71.96102649843306,0.39686213428061795
OECD ENV-Growth 2023,SSP3,Saint Lucia,GDP|PPP [per capita],USD_2017/yr,2040,LCA,19101.579194802976,19018.8,82.77919480297714,0.43524930491396485
OECD ENV-Growth 2023,SSP3,Saint Lucia,GDP|PPP [per capita],USD_2017/yr,2045,LCA,19850.24309451301,19749.8,100.4430945130116,0.5085777806003686
OECD ENV-Growth 2023,SSP3,Saint Lucia,GDP|PPP [per capita],USD_2017/yr,2050,LCA,20529.359382878967,20406,123.35938287896715,0.6045250557628499
OECD ENV-Growth 2023,SSP3,Saint Lucia,GDP|PPP [per capita],USD_2017/yr,2055,LCA,21150.18698498184,21001.7,148.48698498183876,0.7070236456183964
OECD ENV-Growth 2023,SSP3,Saint Lucia,GDP|PPP [per capita],USD_2017/yr,2060,LCA,21700.8853402857,21527.2,173.68534028569775,0.8068180733476612
OECD ENV-Growth 2023,SSP3,Saint Lucia,GDP|PPP [per capita],USD_2017/yr,2065,LCA,22241.28307833738,22041.1,200.18307833738072,0.9082263513952604
OECD ENV-Growth 2023,SSP3,Saint Lucia,GDP|PPP [per capita],USD_2017/yr,2070,LCA,22745.35450366176,22522.4,222.9545036617601,0.9899233814414099
OECD ENV-Growth 2023,SSP3,Saint Lucia,GDP|PPP [per capita],USD_2017/yr,2075,LCA,23211.54424625943,22965.5,246.0442462594292,1.0713646393913878
OECD ENV-Growth 2023,SSP3,Saint Lucia,GDP|PPP [per capita],USD_2017/yr,2080,LCA,23621.255919106483,23344.2,277.0559191064822,1.1868297868698956
OECD ENV-Growth 2023,SSP3,Saint Lucia,GDP|PPP [per capita],USD_2017/yr,2085,LCA,23954.217249861144,23650.8,303.4172498611442,1.2829048060156283
OECD ENV-Growth 2023,SSP3,Saint Lucia,GDP|PPP [per capita],USD_2017/yr,2090,LCA,24219.1680994728,23894.3,324.868099472802,1.3596050081935942
OECD ENV-Growth 2023,SSP3,Saint Lucia,GDP|PPP [per capita],USD_2017/yr,2095,LCA,24428.420902748116,24088.4,340.02090274811417,1.4115545355777641
OECD ENV-Growth 2023,SSP3,Saint Lucia,GDP|PPP [per capita],USD_2017/yr,2100,LCA,24606.96483518979,24258.5,348.4648351897886,1.436464889378109
OECD ENV-Growth 2023,SSP3,Saint Vincent and the Grenadines,GDP|PPP [per capita],USD_2017/yr,2025,VCT,17304.422852548705,16969.5,334.9228525487051,1.9736754326804273
OECD ENV-Growth 2023,SSP3,Saint Vincent and the Grenadines,GDP|PPP [per capita],USD_2017/yr,2030,VCT,19574.899179800897,19186.3,388.5991798008981,2.0253992682325315
OECD ENV-Growth 2023,SSP3,Saint Vincent and the Grenadines,GDP|PPP [per capita],USD_2017/yr,2035,VCT,21480.669202701654,21053.5,427.1692027016543,2.028970017819623
OECD ENV-Growth 2023,SSP3,Saint Vincent and the Grenadines,GDP|PPP [per capita],USD_2017/yr,2040,VCT,22888.499617718506,22434,454.49961771850576,2.0259410614179627
OECD ENV-Growth 2023,SSP3,Saint Vincent and the Grenadines,GDP|PPP [per capita],USD_2017/yr,2045,VCT,23857.895552456223,23382.4,475.49555245622105,2.033561792015452
OECD ENV-Growth 2023,SSP3,Saint Vincent and the Grenadines,GDP|PPP [per capita],USD_2017/yr,2050,VCT,24765.770237782384,24260,505.77023778238436,2.0847907575531095
OECD ENV-Growth 2023,SSP3,Saint Vincent and the Grenadines,GDP|PPP [per capita],USD_2017/yr,2055,VCT,25743.154511064506,25200.3,542.8545110645064,2.1541589229672122
OECD ENV-Growth 2023,SSP3,Saint Vincent and the Grenadines,GDP|PPP [per capita],USD_2017/yr,2060,VCT,26713.13916112875,26139.8,573.3391611287516,2.193357107279901
OECD ENV-Growth 2023,SSP3,Saint Vincent and the Grenadines,GDP|PPP [per capita],USD_2017/yr,2065,VCT,27585.510888600857,26989,596.5108886008566,2.210200039278434
OECD ENV-Growth 2023,SSP3,Saint Vincent and the Grenadines,GDP|PPP [per capita],USD_2017/yr,2070,VCT,28337.83877452,27724,613.8387745200016,2.2141060976771088
OECD ENV-Growth 2023,SSP3,Saint Vincent and the Grenadines,GDP|PPP [per capita],USD_2017/yr,2075,VCT,28986.166457367177,28356.5,629.6664573671769,2.220536587262804
OECD ENV-Growth 2023,SSP3,Saint Vincent and the Grenadines,GDP|PPP [per capita],USD_2017/yr,2080,VCT,29538.05820841095,28890.9,647.1582084109468,2.240007090159693
OECD ENV-Growth 2023,SSP3,Saint Vincent and the Grenadines,GDP|PPP [per capita],USD_2017/yr,2085,VCT,30025.28643255481,29365.2,660.08643255481,2.2478526710351368
OECD ENV-Growth 2023,SSP3,Saint Vincent and the Grenadines,GDP|PPP [per capita],USD_2017/yr,2090,VCT,30462.24452093421,29784.7,677.5445209342106,2.274807269954744
OECD ENV-Growth 2023,SSP3,Saint Vincent and the Grenadines,GDP|PPP [per capita],USD_2017/yr,2095,VCT,30831.233530169844,30143.6,687.6335301698455,2.281192459327504
OECD ENV-Growth 2023,SSP3,Saint Vincent and the Grenadines,GDP|PPP [per capita],USD_2017/yr,2100,VCT,31145.521113935574,30445.7,699.8211139355735,2.298587695259342
OECD ENV-Growth 2023,SSP3,Samoa,GDP|PPP [per capita],USD_2017/yr,2025,WSM,5114.612927702977,4981.01,133.60292770297656,2.682245723316688
OECD ENV-Growth 2023,SSP3,Samoa,GDP|PPP [per capita],USD_2017/yr,2030,WSM,5368.174784017937,5219.8,148.3747840179367,2.842537722095419
OECD ENV-Growth 2023,SSP3,Samoa,GDP|PPP [per capita],USD_2017/yr,2035,WSM,5789.57437709604,5626.89,162.6843770960395,2.891195262321451
OECD ENV-Growth 2023,SSP3,Samoa,GDP|PPP [per capita],USD_2017/yr,2040,WSM,6233.4930425651755,6059.61,173.88304256517586,2.8695418115221254
OECD ENV-Growth 2023,SSP3,Samoa,GDP|PPP [per capita],USD_2017/yr,2045,WSM,6655.712898711199,6471.49,184.22289871119938,2.84668443760555
OECD ENV-Growth 2023,SSP3,Samoa,GDP|PPP [per capita],USD_2017/yr,2050,WSM,7147.719141597304,6946.73,200.9891415973043,2.8932913989359643
OECD ENV-Growth 2023,SSP3,Samoa,GDP|PPP [per capita],USD_2017/yr,2055,WSM,7760.474902925451,7535.35,225.12490292545044,2.987583893587563
OECD ENV-Growth 2023,SSP3,Samoa,GDP|PPP [per capita],USD_2017/yr,2060,WSM,8471.93898077475,8219.6,252.33898077474987,3.0699666744701672
OECD ENV-Growth 2023,SSP3,Samoa,GDP|PPP [per capita],USD_2017/yr,2065,WSM,9289.096503674888,9009.45,279.64650367488684,3.1039242536990255
OECD ENV-Growth 2023,SSP3,Samoa,GDP|PPP [per capita],USD_2017/yr,2070,WSM,10212.088562995945,9905.73,306.35856299594525,3.092740898408752
OECD ENV-Growth 2023,SSP3,Samoa,GDP|PPP [per capita],USD_2017/yr,2075,WSM,11246.126544767174,10910.3,335.8265447671747,3.0780688410692165
OECD ENV-Growth 2023,SSP3,Samoa,GDP|PPP [per capita],USD_2017/yr,2080,WSM,12381.750452268712,12011.5,370.25045226871225,3.082466405267554
OECD ENV-Growth 2023,SSP3,Samoa,GDP|PPP [per capita],USD_2017/yr,2085,WSM,13614.537313295605,13204.1,410.4373132956043,3.1084080951795605
OECD ENV-Growth 2023,SSP3,Samoa,GDP|PPP [per capita],USD_2017/yr,2090,WSM,14946.634337322595,14491.3,455.3343373225962,3.1421220823707756
OECD ENV-Growth 2023,SSP3,Samoa,GDP|PPP [per capita],USD_2017/yr,2095,WSM,16383.994315979848,15880.8,503.1943159798484,3.16857032378626
OECD ENV-Growth 2023,SSP3,Samoa,GDP|PPP [per capita],USD_2017/yr,2100,WSM,17954.801364550058,17400.8,554.0013645500585,3.183769508011462
OECD ENV-Growth 2023,SSP3,Sao Tome and Principe,GDP|PPP [per capita],USD_2017/yr,2025,STP,3494.4079972376853,3444.09,50.31799723768518,1.4609954222359223
OECD ENV-Growth 2023,SSP3,Sao Tome and Principe,GDP|PPP [per capita],USD_2017/yr,2030,STP,3785.039405846144,3728.62,56.419405846143945,1.5131444300074544
OECD ENV-Growth 2023,SSP3,Sao Tome and Principe,GDP|PPP [per capita],USD_2017/yr,2035,STP,4138.177148965088,4077.2,60.97714896508842,1.4955643325097718
OECD ENV-Growth 2023,SSP3,Sao Tome and Principe,GDP|PPP [per capita],USD_2017/yr,2040,STP,4505.49859742323,4439,66.49859742323042,1.4980535576307823
OECD ENV-Growth 2023,SSP3,Sao Tome and Principe,GDP|PPP [per capita],USD_2017/yr,2045,STP,4904.894439522435,4829.14,75.75443952243495,1.5686942089571838
OECD ENV-Growth 2023,SSP3,Sao Tome and Principe,GDP|PPP [per capita],USD_2017/yr,2050,STP,5357.523731086404,5270.21,87.313731086404,1.656741023344497
OECD ENV-Growth 2023,SSP3,Sao Tome and Principe,GDP|PPP [per capita],USD_2017/yr,2055,STP,5874.72090986468,5776.07,98.65090986468022,1.7079244168557555
OECD ENV-Growth 2023,SSP3,Sao Tome and Principe,GDP|PPP [per capita],USD_2017/yr,2060,STP,6435.98864825605,6325.84,110.14864825604946,1.7412493559124078
OECD ENV-Growth 2023,SSP3,Sao Tome and Principe,GDP|PPP [per capita],USD_2017/yr,2065,STP,7046.987541098978,6923.93,123.05754109897771,1.777278815628952
OECD ENV-Growth 2023,SSP3,Sao Tome and Principe,GDP|PPP [per capita],USD_2017/yr,2070,STP,7702.163327213236,7565.83,136.33332721323586,1.8019612813562538
OECD ENV-Growth 2023,SSP3,Sao Tome and Principe,GDP|PPP [per capita],USD_2017/yr,2075,STP,8411.497241986415,8261.94,149.55724198641474,1.810195208224881
OECD ENV-Growth 2023,SSP3,Sao Tome and Principe,GDP|PPP [per capita],USD_2017/yr,2080,STP,9148.717329348992,8984.97,163.74732934899293,1.8224582758650607
OECD ENV-Growth 2023,SSP3,Sao Tome and Principe,GDP|PPP [per capita],USD_2017/yr,2085,STP,9894.144589895106,9715.67,178.47458989510596,1.8369766562172856
OECD ENV-Growth 2023,SSP3,Sao Tome and Principe,GDP|PPP [per capita],USD_2017/yr,2090,STP,10657.577204624502,10463.9,193.67720462450234,1.8509084053221296
OECD ENV-Growth 2023,SSP3,Sao Tome and Principe,GDP|PPP [per capita],USD_2017/yr,2095,STP,11453.337180638082,11244.3,209.03718063808265,1.8590501911020043
OECD ENV-Growth 2023,SSP3,Sao Tome and Principe,GDP|PPP [per capita],USD_2017/yr,2100,STP,12293.874231172302,12069.2,224.674231172301,1.861550319592856
OECD ENV-Growth 2023,SSP3,Saudi Arabia,GDP|PPP [per capita],USD_2017/yr,2050,SAU,69199.15462139674,69117.3,81.85462139673473,0.11842855753441572
OECD ENV-Growth 2023,SSP3,Saudi Arabia,GDP|PPP [per capita],USD_2017/yr,2055,SAU,70048.20891443489,69892.2,156.00891443488945,0.22321362674932171
OECD ENV-Growth 2023,SSP3,Saudi Arabia,GDP|PPP [per capita],USD_2017/yr,2060,SAU,70275.87802244847,70058.4,217.47802244847117,0.3104239069811346
OECD ENV-Growth 2023,SSP3,Saudi Arabia,GDP|PPP [per capita],USD_2017/yr,2065,SAU,70149.68851719047,69897.2,252.48851719047525,0.3612283713660565
OECD ENV-Growth 2023,SSP3,Saudi Arabia,GDP|PPP [per capita],USD_2017/yr,2070,SAU,69719.1625640664,69452.6,266.56256406639295,0.3838050181942691
OECD ENV-Growth 2023,SSP3,Saudi Arabia,GDP|PPP [per capita],USD_2017/yr,2075,SAU,69064.81157054403,68781.7,283.11157054403157,0.41160885896107774
OECD ENV-Growth 2023,SSP3,Saudi Arabia,GDP|PPP [per capita],USD_2017/yr,2080,SAU,68309.65828219066,67995.1,314.55828219065734,0.46261904488802474
OECD ENV-Growth 2023,SSP3,Saudi Arabia,GDP|PPP [per capita],USD_2017/yr,2085,SAU,67463.83598237549,67105.9,357.93598237549304,0.5333897352922665
OECD ENV-Growth 2023,SSP3,Saudi Arabia,GDP|PPP [per capita],USD_2017/yr,2090,SAU,66518.61529952241,66120.6,398.01529952240526,0.601953550818361
OECD ENV-Growth 2023,SSP3,Saudi Arabia,GDP|PPP [per capita],USD_2017/yr,2095,SAU,65503.83998815598,65083.3,420.5399881559788,0.6461565227269958
OECD ENV-Growth 2023,SSP3,Saudi Arabia,GDP|PPP [per capita],USD_2017/yr,2100,SAU,64408.53642151873,63987.5,421.0364215187292,0.6579979238425149
OECD ENV-Growth 2023,SSP3,Senegal,GDP|PPP [per capita],USD_2017/yr,2025,SEN,4187.199747160661,4149.98,37.21974716066143,0.8968656996096712
OECD ENV-Growth 2023,SSP3,Senegal,GDP|PPP [per capita],USD_2017/yr,2030,SEN,4835.9202480750155,4795.87,40.05024807501559,0.8350987010702039
OECD ENV-Growth 2023,SSP3,Senegal,GDP|PPP [per capita],USD_2017/yr,2035,SEN,5663.585736489103,5621.29,42.29573648910264,0.7524204673500681
OECD ENV-Growth 2023,SSP3,Senegal,GDP|PPP [per capita],USD_2017/yr,2040,SEN,6315.217968528634,6270.51,44.7079685286335,0.7129877558385761
OECD ENV-Growth 2023,SSP3,Senegal,GDP|PPP [per capita],USD_2017/yr,2045,SEN,6885.183199280335,6833.94,51.24319928033583,0.749833906653202
OECD ENV-Growth 2023,SSP3,Senegal,GDP|PPP [per capita],USD_2017/yr,2050,SEN,7463.538621742566,7401.51,62.02862174256552,0.8380536099061612
OECD ENV-Growth 2023,SSP3,Senegal,GDP|PPP [per capita],USD_2017/yr,2055,SEN,8090.811247170385,8017.47,73.34124717038503,0.9147679650860562
OECD ENV-Growth 2023,SSP3,Senegal,GDP|PPP [per capita],USD_2017/yr,2060,SEN,8755.750564621248,8672.9,82.85056462124885,0.9552809858438223
OECD ENV-Growth 2023,SSP3,Senegal,GDP|PPP [per capita],USD_2017/yr,2065,SEN,9464.378496432291,9373.53,90.84849643229063,0.969202599578714
OECD ENV-Growth 2023,SSP3,Senegal,GDP|PPP [per capita],USD_2017/yr,2070,SEN,10188.836429891877,10090.8,98.03642989187756,0.9715426912819357
OECD ENV-Growth 2023,SSP3,Senegal,GDP|PPP [per capita],USD_2017/yr,2075,SEN,10964.719906032366,10858.3,106.41990603236627,0.9800788892585973
OECD ENV-Growth 2023,SSP3,Senegal,GDP|PPP [per capita],USD_2017/yr,2080,SEN,11810.337773244177,11693.4,116.93777324417715,1.0000322681527798
OECD ENV-Growth 2023,SSP3,Senegal,GDP|PPP [per capita],USD_2017/yr,2085,SEN,12727.886741288336,12598.8,129.08674128833627,1.024595527259233
OECD ENV-Growth 2023,SSP3,Senegal,GDP|PPP [per capita],USD_2017/yr,2090,SEN,13691.056493536747,13549.8,141.25649353674817,1.0424987345698695
OECD ENV-Growth 2023,SSP3,Senegal,GDP|PPP [per capita],USD_2017/yr,2095,SEN,14677.439684916731,14525.2,152.23968491673077,1.0481073232501497
OECD ENV-Growth 2023,SSP3,Senegal,GDP|PPP [per capita],USD_2017/yr,2100,SEN,15687.356771928147,15525.6,161.75677192814692,1.041871308858575
OECD ENV-Growth 2023,SSP3,Serbia,GDP|PPP [per capita],USD_2017/yr,2095,SRB,49605.58764773293,49554.7,50.88764773293224,0.10268985128137642
OECD ENV-Growth 2023,SSP3,Serbia,GDP|PPP [per capita],USD_2017/yr,2100,SRB,50426.2211836395,50368.5,57.72118363949994,0.11459778162839858
OECD ENV-Growth 2023,SSP3,Seychelles,GDP|PPP [per capita],USD_2017/yr,2025,SYC,33744.55559936547,33699.7,44.85559936547361,0.13310385364105204
OECD ENV-Growth 2023,SSP3,Seychelles,GDP|PPP [per capita],USD_2017/yr,2030,SYC,38958.8362735995,38889.3,69.53627359950042,0.17880567045305626
OECD ENV-Growth 2023,SSP3,Seychelles,GDP|PPP [per capita],USD_2017/yr,2035,SYC,43330.42130236303,43243.1,87.32130236303055,0.20193118061154394
OECD ENV-Growth 2023,SSP3,Seychelles,GDP|PPP [per capita],USD_2017/yr,2040,SYC,46594.423373483936,46491.3,103.12337348393339,0.22181219601072327
OECD ENV-Growth 2023,SSP3,Seychelles,GDP|PPP [per capita],USD_2017/yr,2045,SYC,49286.076239047994,49147.5,138.57623904799402,0.28195989429369556
OECD ENV-Growth 2023,SSP3,Seychelles,GDP|PPP [per capita],USD_2017/yr,2050,SYC,51773.77912736704,51577.5,196.2791273670373,0.38055184405416564
OECD ENV-Growth 2023,SSP3,Seychelles,GDP|PPP [per capita],USD_2017/yr,2055,SYC,54057.39661923407,53802.2,255.19661923406966,0.4743237622886604
OECD ENV-Growth 2023,SSP3,Seychelles,GDP|PPP [per capita],USD_2017/yr,2060,SYC,55966.8025626092,55668.1,298.70256260919996,0.5365776137665916
OECD ENV-Growth 2023,SSP3,Seychelles,GDP|PPP [per capita],USD_2017/yr,2065,SYC,57677.94986801225,57344.5,333.44986801224877,0.5814853525835063
OECD ENV-Growth 2023,SSP3,Seychelles,GDP|PPP [per capita],USD_2017/yr,2070,SYC,59145.85949477285,58790.3,355.55949477284594,0.6047927885600957
OECD ENV-Growth 2023,SSP3,Seychelles,GDP|PPP [per capita],USD_2017/yr,2075,SYC,60422.74452421236,60035.1,387.6445242123591,0.6456964745829675
OECD ENV-Growth 2023,SSP3,Seychelles,GDP|PPP [per capita],USD_2017/yr,2080,SYC,61542.30505460054,61111.6,430.7050546005412,0.7047844510707316
OECD ENV-Growth 2023,SSP3,Seychelles,GDP|PPP [per capita],USD_2017/yr,2085,SYC,62532.17254014121,62067.8,464.37254014120845,0.7481698080827875
OECD ENV-Growth 2023,SSP3,Seychelles,GDP|PPP [per capita],USD_2017/yr,2090,SYC,63414.46898714146,62922.5,491.96898714145937,0.7818649722141672
OECD ENV-Growth 2023,SSP3,Seychelles,GDP|PPP [per capita],USD_2017/yr,2095,SYC,64222.908278056486,63709.5,513.4082780564859,0.805858275542087
OECD ENV-Growth 2023,SSP3,Seychelles,GDP|PPP [per capita],USD_2017/yr,2100,SYC,64953.89030290358,64432.2,521.690302903582,0.8096732734619989
OECD ENV-Growth 2023,SSP3,Sierra Leone,GDP|PPP [per capita],USD_2017/yr,2025,SLE,1764.540894346285,1751.31,13.23089434628514,0.755485570589167
OECD ENV-Growth 2023,SSP3,Sierra Leone,GDP|PPP [per capita],USD_2017/yr,2030,SLE,1991.325193804116,1978.1,13.225193804116088,0.6685806483047414
OECD ENV-Growth 2023,SSP3,Sierra Leone,GDP|PPP [per capita],USD_2017/yr,2035,SLE,2300.435073371274,2288.6,11.83507337127412,0.5171315813717609
OECD ENV-Growth 2023,SSP3,Sierra Leone,GDP|PPP [per capita],USD_2017/yr,2040,SLE,2664.059059972007,2651.75,12.309059972007162,0.4641862910156373
OECD ENV-Growth 2023,SSP3,Sierra Leone,GDP|PPP [per capita],USD_2017/yr,2045,SLE,3047.839635803361,3033.06,14.779635803361089,0.4872846499364038
OECD ENV-Growth 2023,SSP3,Sierra Leone,GDP|PPP [per capita],USD_2017/yr,2050,SLE,3441.094213201727,3422.87,18.224213201727252,0.5324249300069023
OECD ENV-Growth 2023,SSP3,Sierra Leone,GDP|PPP [per capita],USD_2017/yr,2055,SLE,3837.349409688636,3816.77,20.579409688636133,0.5391839091335379
OECD ENV-Growth 2023,SSP3,Sierra Leone,GDP|PPP [per capita],USD_2017/yr,2060,SLE,4223.122193686541,4202.09,21.032193686541177,0.5005174493297663
OECD ENV-Growth 2023,SSP3,Sierra Leone,GDP|PPP [per capita],USD_2017/yr,2065,SLE,4600.201697291913,4579.82,20.381697291913042,0.44503271508297365
OECD ENV-Growth 2023,SSP3,Sierra Leone,GDP|PPP [per capita],USD_2017/yr,2070,SLE,4967.732701966746,4947.92,19.812701966746317,0.40042486472591143
OECD ENV-Growth 2023,SSP3,Sierra Leone,GDP|PPP [per capita],USD_2017/yr,2075,SLE,5328.334284443146,5308.62,19.714284443146425,0.3713636395738709
OECD ENV-Growth 2023,SSP3,Sierra Leone,GDP|PPP [per capita],USD_2017/yr,2080,SLE,5660.256874970108,5641.07,19.186874970107965,0.34012829073399137
OECD ENV-Growth 2023,SSP3,Sierra Leone,GDP|PPP [per capita],USD_2017/yr,2085,SLE,5953.311342298909,5935.97,17.341342298908785,0.2921399922659445
OECD ENV-Growth 2023,SSP3,Sierra Leone,GDP|PPP [per capita],USD_2017/yr,2090,SLE,6211.247063397343,6197.29,13.957063397342608,0.22521236536199868
OECD ENV-Growth 2023,SSP3,Sierra Leone,GDP|PPP [per capita],USD_2017/yr,2095,SLE,6445.66469011584,6436.47,9.194690115839876,0.14285299420085662
OECD ENV-Growth 2023,SSP3,Solomon Islands,GDP|PPP [per capita],USD_2017/yr,2025,SLB,2001.2236476415517,1982.67,18.553647641551606,0.9357910111895376
OECD ENV-Growth 2023,SSP3,Solomon Islands,GDP|PPP [per capita],USD_2017/yr,2030,SLB,2079.5711093466034,2061.44,18.131109346603353,0.8795361177916093
OECD ENV-Growth 2023,SSP3,Solomon Islands,GDP|PPP [per capita],USD_2017/yr,2035,SLB,2312.1182051679357,2293.88,18.238205167935575,0.7950810490494522
OECD ENV-Growth 2023,SSP3,Solomon Islands,GDP|PPP [per capita],USD_2017/yr,2040,SLB,2605.2495459084907,2585.37,19.879545908490854,0.7689245991285911
OECD ENV-Growth 2023,SSP3,Solomon Islands,GDP|PPP [per capita],USD_2017/yr,2045,SLB,2900.9986417673977,2876.68,24.31864176739782,0.8453718094260684
OECD ENV-Growth 2023,SSP3,Solomon Islands,GDP|PPP [per capita],USD_2017/yr,2050,SLB,3227.097705638013,3197.52,29.577705638012958,0.9250201918365782
OECD ENV-Growth 2023,SSP3,Solomon Islands,GDP|PPP [per capita],USD_2017/yr,2055,SLB,3599.331013791226,3565.33,34.00101379122589,0.9536568505923965
OECD ENV-Growth 2023,SSP3,Solomon Islands,GDP|PPP [per capita],USD_2017/yr,2060,SLB,4013.2192405376313,3974.23,38.989240537631304,0.9810514373257537
OECD ENV-Growth 2023,SSP3,Solomon Islands,GDP|PPP [per capita],USD_2017/yr,2065,SLB,4472.529377226194,4427.94,44.5893772261943,1.0070004838862836
OECD ENV-Growth 2023,SSP3,Solomon Islands,GDP|PPP [per capita],USD_2017/yr,2070,SLB,4985.93029181116,4935.55,50.38029181115962,1.0207634774474905
OECD ENV-Growth 2023,SSP3,Solomon Islands,GDP|PPP [per capita],USD_2017/yr,2075,SLB,5550.264507919231,5493.44,56.82450791923111,1.0344066362649107
OECD ENV-Growth 2023,SSP3,Solomon Islands,GDP|PPP [per capita],USD_2017/yr,2080,SLB,6169.566139892142,6105.42,64.14613989214195,1.0506425420715029
OECD ENV-Growth 2023,SSP3,Solomon Islands,GDP|PPP [per capita],USD_2017/yr,2085,SLB,6824.170649841633,6752.49,71.68064984163357,1.061543961436945
OECD ENV-Growth 2023,SSP3,Solomon Islands,GDP|PPP [per capita],USD_2017/yr,2090,SLB,7511.726969992734,7432.73,78.9969699927342,1.0628257718595213
OECD ENV-Growth 2023,SSP3,Solomon Islands,GDP|PPP [per capita],USD_2017/yr,2095,SLB,8232.067769891859,8146.16,85.90776989185906,1.0545799479983091
OECD ENV-Growth 2023,SSP3,Solomon Islands,GDP|PPP [per capita],USD_2017/yr,2100,SLB,9002.511565498731,8909.81,92.70156549873172,1.0404437973282452
OECD ENV-Growth 2023,SSP3,Somalia,GDP|PPP [per capita],USD_2017/yr,2025,SOM,1484.3975091535033,1468.1,16.29750915350337,1.110108926742277
OECD ENV-Growth 2023,SSP3,Somalia,GDP|PPP [per capita],USD_2017/yr,2030,SOM,1559.3070511663198,1543.92,15.38705116631968,0.9966223098554121
OECD ENV-Growth 2023,SSP3,Somalia,GDP|PPP [per capita],USD_2017/yr,2035,SOM,1734.0107115056107,1718.88,15.130711505610634,0.8802657256824579
OECD ENV-Growth 2023,SSP3,Somalia,GDP|PPP [per capita],USD_2017/yr,2040,SOM,1995.789838643102,1979.6,16.18983864310212,0.8178338372955204
OECD ENV-Growth 2023,SSP3,Somalia,GDP|PPP [per capita],USD_2017/yr,2045,SOM,2337.8825587663,2317.81,20.072558766300062,0.8660139858875432
OECD ENV-Growth 2023,SSP3,Somalia,GDP|PPP [per capita],USD_2017/yr,2050,SOM,2743.299448386596,2716.03,27.26944838659574,1.0040186738215608
OECD ENV-Growth 2023,SSP3,Somalia,GDP|PPP [per capita],USD_2017/yr,2055,SOM,3194.2825837318383,3159.74,34.54258373183848,1.0932096859817098
OECD ENV-Growth 2023,SSP3,Somalia,GDP|PPP [per capita],USD_2017/yr,2060,SOM,3679.8173957195527,3640.49,39.3273957195529,1.0802775373521942
OECD ENV-Growth 2023,SSP3,Somalia,GDP|PPP [per capita],USD_2017/yr,2065,SOM,4208.728659468764,4165.42,43.308659468763835,1.0397189111485476
OECD ENV-Growth 2023,SSP3,Somalia,GDP|PPP [per capita],USD_2017/yr,2070,SOM,4786.221865319961,4737.47,48.751865319960416,1.0290696367462044
OECD ENV-Growth 2023,SSP3,Somalia,GDP|PPP [per capita],USD_2017/yr,2075,SOM,5419.9722531296475,5363.26,56.71225312964725,1.0574212909619756
OECD ENV-Growth 2023,SSP3,Somalia,GDP|PPP [per capita],USD_2017/yr,2080,SOM,6099.105254046286,6033.07,66.03525404628635,1.0945547465268322
OECD ENV-Growth 2023,SSP3,Somalia,GDP|PPP [per capita],USD_2017/yr,2085,SOM,6823.05511914854,6748.14,74.91511914853982,1.110159527640799
OECD ENV-Growth 2023,SSP3,Somalia,GDP|PPP [per capita],USD_2017/yr,2090,SOM,7599.07577715899,7516.28,82.79577715898995,1.1015525919602511
OECD ENV-Growth 2023,SSP3,Somalia,GDP|PPP [per capita],USD_2017/yr,2095,SOM,8459.043596205993,8368.07,90.97359620599309,1.0871514722748865
OECD ENV-Growth 2023,SSP3,Somalia,GDP|PPP [per capita],USD_2017/yr,2100,SOM,9398.550693706346,9297.99,100.56069370634577,1.0815315321520649
OECD ENV-Growth 2023,SSP3,South Africa,GDP|PPP [per capita],USD_2017/yr,2050,ZAF,21156.18925460731,21123.8,32.38925460731116,0.1533306252062184
OECD ENV-Growth 2023,SSP3,South Africa,GDP|PPP [per capita],USD_2017/yr,2055,ZAF,23517.415908532577,23461.6,55.81590853257876,0.2379032484254218
OECD ENV-Growth 2023,SSP3,South Africa,GDP|PPP [per capita],USD_2017/yr,2060,ZAF,25937.094487037477,25859.9,77.19448703747548,0.2985103849491896
OECD ENV-Growth 2023,SSP3,South Africa,GDP|PPP [per capita],USD_2017/yr,2065,ZAF,28367.353497098295,28269.6,97.75349709829607,0.34579016717002037
OECD ENV-Growth 2023,SSP3,South Africa,GDP|PPP [per capita],USD_2017/yr,2070,ZAF,30809.23060644923,30689.1,120.13060644923098,0.39144388870716634
OECD ENV-Growth 2023,SSP3,South Africa,GDP|PPP [per capita],USD_2017/yr,2075,ZAF,33264.29741204935,33118.5,145.79741204935272,0.4402295153746478
OECD ENV-Growth 2023,SSP3,South Africa,GDP|PPP [per capita],USD_2017/yr,2080,ZAF,35756.855295625406,35584,172.85529562540614,0.4857669054221171
OECD ENV-Growth 2023,SSP3,South Africa,GDP|PPP [per capita],USD_2017/yr,2085,ZAF,38261.23026797331,38063.4,197.83026797330967,0.5197388251530596
OECD ENV-Growth 2023,SSP3,South Africa,GDP|PPP [per capita],USD_2017/yr,2090,ZAF,40774.063779754855,40555.8,218.2637797548523,0.538181418576017
OECD ENV-Growth 2023,SSP3,South Africa,GDP|PPP [per capita],USD_2017/yr,2095,ZAF,43280.13935640343,43045.5,234.6393564034297,0.5450961340986391
OECD ENV-Growth 2023,SSP3,South Africa,GDP|PPP [per capita],USD_2017/yr,2100,ZAF,45788.247168314345,45539,249.2471683143449,0.54732683702836
OECD ENV-Growth 2023,SSP3,South Korea,GDP|PPP [per capita],USD_2017/yr,2035,KOR,55447.357139818574,55366.5,80.85713981857407,0.1460398251985841
OECD ENV-Growth 2023,SSP3,South Korea,GDP|PPP [per capita],USD_2017/yr,2040,KOR,57173.387433741234,57059.2,114.18743374123733,0.20012098617091956
OECD ENV-Growth 2023,SSP3,South Korea,GDP|PPP [per capita],USD_2017/yr,2045,KOR,58013.95449644082,57874.2,139.75449644082255,0.24147978968317932
OECD ENV-Growth 2023,SSP3,South Korea,GDP|PPP [per capita],USD_2017/yr,2050,KOR,58408.1845870393,58247.6,160.58458703930228,0.2756930535151702
OECD ENV-Growth 2023,SSP3,South Korea,GDP|PPP [per capita],USD_2017/yr,2055,KOR,58808.91532929743,58614.2,194.71532929743262,0.332198220392725
OECD ENV-Growth 2023,SSP3,South Korea,GDP|PPP [per capita],USD_2017/yr,2060,KOR,59202.197007683746,58950.7,251.49700768374896,0.42662259766847377
OECD ENV-Growth 2023,SSP3,South Korea,GDP|PPP [per capita],USD_2017/yr,2065,KOR,59570.31388504544,59262.8,307.51388504543866,0.5188986768182379
OECD ENV-Growth 2023,SSP3,South Korea,GDP|PPP [per capita],USD_2017/yr,2070,KOR,59589.39406497658,59240.1,349.29406497658056,0.5896243675763216
OECD ENV-Growth 2023,SSP3,South Korea,GDP|PPP [per capita],USD_2017/yr,2075,KOR,59258.041461065266,58874.9,383.1414610652646,0.6507721644797096
OECD ENV-Growth 2023,SSP3,South Korea,GDP|PPP [per capita],USD_2017/yr,2080,KOR,58667.778528755574,58256.2,411.5785287555773,0.7064973835498665
OECD ENV-Growth 2023,SSP3,South Korea,GDP|PPP [per capita],USD_2017/yr,2085,KOR,57944.28416152871,57502.3,441.9841615287078,0.7686373615119878
OECD ENV-Growth 2023,SSP3,South Korea,GDP|PPP [per capita],USD_2017/yr,2090,KOR,57242.13436475263,56755.5,486.63436475263006,0.8574223903456583
OECD ENV-Growth 2023,SSP3,South Korea,GDP|PPP [per capita],USD_2017/yr,2095,KOR,56576.11567763754,56030.5,545.6156776375428,0.973783345923279
OECD ENV-Growth 2023,SSP3,South Korea,GDP|PPP [per capita],USD_2017/yr,2100,KOR,55745.28759528407,55147.3,597.9875952840666,1.0843460972415089
OECD ENV-Growth 2023,SSP3,South Sudan,GDP|PPP [per capita],USD_2017/yr,2025,SSD,578.3871208171431,564.458,13.929120817143144,2.467698361462349
OECD ENV-Growth 2023,SSP3,South Sudan,GDP|PPP [per capita],USD_2017/yr,2030,SSD,683.4443942541187,666.362,17.082394254118753,2.56353067163475
OECD ENV-Growth 2023,SSP3,South Sudan,GDP|PPP [per capita],USD_2017/yr,2035,SSD,750.4791888527268,731.375,19.104188852726793,2.612092135050664
OECD ENV-Growth 2023,SSP3,South Sudan,GDP|PPP [per capita],USD_2017/yr,2040,SSD,781.775439479885,762.145,19.630439479885013,2.5756830366774057
OECD ENV-Growth 2023,SSP3,South Sudan,GDP|PPP [per capita],USD_2017/yr,2045,SSD,813.5251623593115,793.44,20.085162359311425,2.5314027978563503
OECD ENV-Growth 2023,SSP3,South Sudan,GDP|PPP [per capita],USD_2017/yr,2050,SSD,866.0024899764308,844.205,21.79748997643071,2.5820138445556124
OECD ENV-Growth 2023,SSP3,South Sudan,GDP|PPP [per capita],USD_2017/yr,2055,SSD,932.0474673832784,907.793,24.25446738327844,2.6718059495147504
OECD ENV-Growth 2023,SSP3,South Sudan,GDP|PPP [per capita],USD_2017/yr,2060,SSD,991.9659411873556,965.876,26.089941187355635,2.701168802968045
OECD ENV-Growth 2023,SSP3,South Sudan,GDP|PPP [per capita],USD_2017/yr,2065,SSD,1042.4768416966942,1015.31,27.16684169669429,2.6757189131097197
OECD ENV-Growth 2023,SSP3,South Sudan,GDP|PPP [per capita],USD_2017/yr,2070,SSD,1092.0757875436925,1064.04,28.03578754369255,2.6348433840544105
OECD ENV-Growth 2023,SSP3,South Sudan,GDP|PPP [per capita],USD_2017/yr,2075,SSD,1152.2400065133124,1122.9,29.340006513312346,2.612877951136552
OECD ENV-Growth 2023,SSP3,South Sudan,GDP|PPP [per capita],USD_2017/yr,2080,SSD,1221.3731937764046,1190.19,31.18319377640455,2.6200181295763323
OECD ENV-Growth 2023,SSP3,South Sudan,GDP|PPP [per capita],USD_2017/yr,2085,SSD,1289.844071075441,1256.68,33.164071075440916,2.639022748467463
OECD ENV-Growth 2023,SSP3,South Sudan,GDP|PPP [per capita],USD_2017/yr,2090,SSD,1349.0880459396217,1314.27,34.8180459396217,2.649230823165841
OECD ENV-Growth 2023,SSP3,South Sudan,GDP|PPP [per capita],USD_2017/yr,2095,SSD,1398.937524508924,1362.82,36.117524508924134,2.65020505341308
OECD ENV-Growth 2023,SSP3,South Sudan,GDP|PPP [per capita],USD_2017/yr,2100,SSD,1447.9141270323864,1410.42,37.49412703238636,2.658366091829835
OECD ENV-Growth 2023,SSP3,Sri Lanka,GDP|PPP [per capita],USD_2017/yr,2025,LKA,12304.42641678076,12238.1,66.32641678075925,0.5419666188440955
OECD ENV-Growth 2023,SSP3,Sri Lanka,GDP|PPP [per capita],USD_2017/yr,2030,LKA,14033.546291873448,13948.3,85.24629187344908,0.6111590077174214
OECD ENV-Growth 2023,SSP3,Sri Lanka,GDP|PPP [per capita],USD_2017/yr,2035,LKA,15537.771870890832,15437.4,100.37187089083272,0.6501863713503098
OECD ENV-Growth 2023,SSP3,Sri Lanka,GDP|PPP [per capita],USD_2017/yr,2040,LKA,16608.038080817183,16496.1,111.93808081718453,0.678573000995293
OECD ENV-Growth 2023,SSP3,Sri Lanka,GDP|PPP [per capita],USD_2017/yr,2045,LKA,17326.79945405534,17202.1,124.69945405534236,0.7249083196548234
OECD ENV-Growth 2023,SSP3,Sri Lanka,GDP|PPP [per capita],USD_2017/yr,2050,LKA,17960.845116930286,17815.4,145.4451169302847,0.8164010739600834
OECD ENV-Growth 2023,SSP3,Sri Lanka,GDP|PPP [per capita],USD_2017/yr,2055,LKA,18605.829477530224,18435,170.8294775302238,0.926658408083666
OECD ENV-Growth 2023,SSP3,Sri Lanka,GDP|PPP [per capita],USD_2017/yr,2060,LKA,19187.98532125054,18998.9,189.08532125053898,0.9952435206803497
OECD ENV-Growth 2023,SSP3,Sri Lanka,GDP|PPP [per capita],USD_2017/yr,2065,LKA,19688.00679970281,19490,198.00679970280908,1.0159404807737769
OECD ENV-Growth 2023,SSP3,Sri Lanka,GDP|PPP [per capita],USD_2017/yr,2070,LKA,20117.545866818677,19912.6,204.94586681867804,1.0292270563295505
OECD ENV-Growth 2023,SSP3,Sri Lanka,GDP|PPP [per capita],USD_2017/yr,2075,LKA,20540.526968803435,20325.1,215.42696880343647,1.0599060708357473
OECD ENV-Growth 2023,SSP3,Sri Lanka,GDP|PPP [per capita],USD_2017/yr,2080,LKA,20966.52614102858,20736.4,230.12614102857697,1.109769010187771
OECD ENV-Growth 2023,SSP3,Sri Lanka,GDP|PPP [per capita],USD_2017/yr,2085,LKA,21380.30256356788,21135,245.30256356787868,1.160646148889892
OECD ENV-Growth 2023,SSP3,Sri Lanka,GDP|PPP [per capita],USD_2017/yr,2090,LKA,21753.70211518728,21497.4,256.3021151872781,1.192247040047997
OECD ENV-Growth 2023,SSP3,Sri Lanka,GDP|PPP [per capita],USD_2017/yr,2095,LKA,22080.13715198236,21817.8,262.3371519823595,1.202399655246448
OECD ENV-Growth 2023,SSP3,Sri Lanka,GDP|PPP [per capita],USD_2017/yr,2100,LKA,22384.47109003191,22117.7,266.7710900319107,1.206142998738163
OECD ENV-Growth 2023,SSP3,Sudan,GDP|PPP [per capita],USD_2017/yr,2025,SDN,3045.2497141548356,3023.5,21.7497141548356,0.7193555202525418
OECD ENV-Growth 2023,SSP3,Sudan,GDP|PPP [per capita],USD_2017/yr,2030,SDN,3340.9885031085732,3320.91,20.078503108573386,0.6046084690212438
OECD ENV-Growth 2023,SSP3,Sudan,GDP|PPP [per capita],USD_2017/yr,2035,SDN,3492.0247927644655,3474.77,17.254792764465492,0.49657366572364475
OECD ENV-Growth 2023,SSP3,Sudan,GDP|PPP [per capita],USD_2017/yr,2040,SDN,3511.0038528782643,3496.07,14.933852878264133,0.4271611517579491
OECD ENV-Growth 2023,SSP3,Sudan,GDP|PPP [per capita],USD_2017/yr,2045,SDN,3455.3900118600955,3441.12,14.270011860095565,0.41469091052028306
OECD ENV-Growth 2023,SSP3,Sudan,GDP|PPP [per capita],USD_2017/yr,2050,SDN,3402.0987031515397,3386.46,15.63870315153963,0.4618009116168397
OECD ENV-Growth 2023,SSP3,Sudan,GDP|PPP [per capita],USD_2017/yr,2055,SDN,3375.2766206945116,3357.82,17.456620694511457,0.519879585400988
OECD ENV-Growth 2023,SSP3,Sudan,GDP|PPP [per capita],USD_2017/yr,2060,SDN,3369.1427392030546,3350.41,18.732739203054734,0.5591178155227192
OECD ENV-Growth 2023,SSP3,Sudan,GDP|PPP [per capita],USD_2017/yr,2065,SDN,3385.1067034313105,3366.45,18.65670343131069,0.5541951738867558
OECD ENV-Growth 2023,SSP3,Sudan,GDP|PPP [per capita],USD_2017/yr,2070,SDN,3416.5600796981553,3399.17,17.390079698155205,0.5115978223553164
OECD ENV-Growth 2023,SSP3,Sudan,GDP|PPP [per capita],USD_2017/yr,2075,SDN,3473.3277072497726,3456.69,16.637707249772575,0.48131904364500644
OECD ENV-Growth 2023,SSP3,Sudan,GDP|PPP [per capita],USD_2017/yr,2080,SDN,3545.15195659594,3528.49,16.66195659594041,0.47221209627745614
OECD ENV-Growth 2023,SSP3,Sudan,GDP|PPP [per capita],USD_2017/yr,2085,SDN,3632.5798626292967,3615.41,17.16986262929686,0.4749077595430908
OECD ENV-Growth 2023,SSP3,Sudan,GDP|PPP [per capita],USD_2017/yr,2090,SDN,3719.3530958186248,3701.92,17.43309581862468,0.47092038235901046
OECD ENV-Growth 2023,SSP3,Sudan,GDP|PPP [per capita],USD_2017/yr,2095,SDN,3803.02187530391,3786.06,16.961875303909892,0.4480086238440461
OECD ENV-Growth 2023,SSP3,Sudan,GDP|PPP [per capita],USD_2017/yr,2100,SDN,3881.679061131083,3866.02,15.659061131083035,0.4050434589340727
OECD ENV-Growth 2023,SSP3,Suriname,GDP|PPP [per capita],USD_2017/yr,2025,SUR,15639.326868117814,15542,97.32686811781423,0.6262184282448476
OECD ENV-Growth 2023,SSP3,Suriname,GDP|PPP [per capita],USD_2017/yr,2030,SUR,17167.813919267137,17052,115.81391926713695,0.6791808542525039
OECD ENV-Growth 2023,SSP3,Suriname,GDP|PPP [per capita],USD_2017/yr,2035,SUR,18581.16845285292,18454.3,126.86845285291929,0.6874736665867538
OECD ENV-Growth 2023,SSP3,Suriname,GDP|PPP [per capita],USD_2017/yr,2040,SUR,20005.288099741698,19863.9,141.38809974169635,0.7117841901222637
OECD ENV-Growth 2023,SSP3,Suriname,GDP|PPP [per capita],USD_2017/yr,2045,SUR,21427.864725042116,21262.9,164.96472504211488,0.7758336117938516
OECD ENV-Growth 2023,SSP3,Suriname,GDP|PPP [per capita],USD_2017/yr,2050,SUR,22867.06554658975,22671.4,195.66554658974928,0.8630501274281662
OECD ENV-Growth 2023,SSP3,Suriname,GDP|PPP [per capita],USD_2017/yr,2055,SUR,24275.68851754873,24044.9,230.78851754872812,0.9598231539691499
OECD ENV-Growth 2023,SSP3,Suriname,GDP|PPP [per capita],USD_2017/yr,2060,SUR,25604.41690405568,25343,261.4169040556808,1.0315152273041108
OECD ENV-Growth 2023,SSP3,Suriname,GDP|PPP [per capita],USD_2017/yr,2065,SUR,26815.634184684815,26532.7,282.9341846848147,1.0663603202267944
OECD ENV-Growth 2023,SSP3,Suriname,GDP|PPP [per capita],USD_2017/yr,2070,SUR,27875.292387151003,27574.4,300.89238715100146,1.0912019378517808
OECD ENV-Growth 2023,SSP3,Suriname,GDP|PPP [per capita],USD_2017/yr,2075,SUR,28824.346315655996,28504.2,320.14631565599484,1.1231548882480296
OECD ENV-Growth 2023,SSP3,Suriname,GDP|PPP [per capita],USD_2017/yr,2080,SUR,29652.490348116353,29309.7,342.7903481163521,1.1695457412268024
OECD ENV-Growth 2023,SSP3,Suriname,GDP|PPP [per capita],USD_2017/yr,2085,SUR,30350.387900004374,29985.8,364.5879000043751,1.2158685111098424
OECD ENV-Growth 2023,SSP3,Suriname,GDP|PPP [per capita],USD_2017/yr,2090,SUR,30953.561722639904,30570.3,383.2617226399052,1.2537061220855052
OECD ENV-Growth 2023,SSP3,Suriname,GDP|PPP [per capita],USD_2017/yr,2095,SUR,31459.70601673639,31062.6,397.1060167363903,1.2784055962359568
OECD ENV-Growth 2023,SSP3,Suriname,GDP|PPP [per capita],USD_2017/yr,2100,SUR,31902.613865670737,31496,406.61386567073714,1.2910016055078015
OECD ENV-Growth 2023,SSP3,Taiwan,GDP|PPP [per capita],USD_2017/yr,2025,TWN,62054.119401592696,61690.2,363.9194015926987,0.5899144460428054
OECD ENV-Growth 2023,SSP3,Taiwan,GDP|PPP [per capita],USD_2017/yr,2030,TWN,70264.29802374901,69858.5,405.7980237490119,0.5808856814117279
OECD ENV-Growth 2023,SSP3,Taiwan,GDP|PPP [per capita],USD_2017/yr,2035,TWN,75447.23862720125,74925.3,521.9386272012489,0.6966119951488334
OECD ENV-Growth 2023,SSP3,Taiwan,GDP|PPP [per capita],USD_2017/yr,2040,TWN,77621.60001665233,77003.8,617.800016652327,0.8022980900323452
OECD ENV-Growth 2023,SSP3,Taiwan,GDP|PPP [per capita],USD_2017/yr,2045,TWN,78656.20994011873,77976.9,679.3099401187355,0.8711681794463945
OECD ENV-Growth 2023,SSP3,Taiwan,GDP|PPP [per capita],USD_2017/yr,2050,TWN,78802.57990835521,78074,728.579908355212,0.9331914700863437
OECD ENV-Growth 2023,SSP3,Taiwan,GDP|PPP [per capita],USD_2017/yr,2055,TWN,78533.55490221143,77738.2,795.3549022114312,1.0231197817950908
OECD ENV-Growth 2023,SSP3,Taiwan,GDP|PPP [per capita],USD_2017/yr,2060,TWN,77822.42451621273,76949.1,873.3245162127278,1.1349379215776763
OECD ENV-Growth 2023,SSP3,Taiwan,GDP|PPP [per capita],USD_2017/yr,2065,TWN,76696.04767208567,75765.2,930.8476720856706,1.2285952813239729
OECD ENV-Growth 2023,SSP3,Taiwan,GDP|PPP [per capita],USD_2017/yr,2070,TWN,75134.53184750129,74139.9,994.6318475012959,1.3415608161075157
OECD ENV-Growth 2023,SSP3,Taiwan,GDP|PPP [per capita],USD_2017/yr,2075,TWN,73194.86806633149,72156.7,1038.168066331491,1.4387687717585353
OECD ENV-Growth 2023,SSP3,Taiwan,GDP|PPP [per capita],USD_2017/yr,2080,TWN,70915.83059300814,69871,1044.8305930081406,1.4953708877905578
OECD ENV-Growth 2023,SSP3,Taiwan,GDP|PPP [per capita],USD_2017/yr,2085,TWN,68468.76547471789,67415.4,1053.3654747178953,1.5624997770804525
OECD ENV-Growth 2023,SSP3,Taiwan,GDP|PPP [per capita],USD_2017/yr,2090,TWN,65985.18548629821,64919.5,1065.6854862982145,1.641549128225286
OECD ENV-Growth 2023,SSP3,Taiwan,GDP|PPP [per capita],USD_2017/yr,2095,TWN,63534.23643984384,62451.9,1082.3364398438353,1.7330720760198413
OECD ENV-Growth 2023,SSP3,Taiwan,GDP|PPP [per capita],USD_2017/yr,2100,TWN,61153.14649022914,60054.1,1099.0464902291424,1.8300940156111611
OECD ENV-Growth 2023,SSP3,Tajikistan,GDP|PPP [per capita],USD_2017/yr,2025,TJK,4611.021775277462,4565.67,45.351775277462366,0.9933213586935185
OECD ENV-Growth 2023,SSP3,Tajikistan,GDP|PPP [per capita],USD_2017/yr,2030,TJK,5222.476437674858,5171.35,51.1264376748577,0.9886477936101346
OECD ENV-Growth 2023,SSP3,Tajikistan,GDP|PPP [per capita],USD_2017/yr,2035,TJK,5838.144069888279,5783.4,54.74406988827923,0.9465724295099636
OECD ENV-Growth 2023,SSP3,Tajikistan,GDP|PPP [per capita],USD_2017/yr,2040,TJK,6368.2286378577355,6310.1,58.12863785773516,0.9211999470330922
OECD ENV-Growth 2023,SSP3,Tajikistan,GDP|PPP [per capita],USD_2017/yr,2045,TJK,6812.645761593071,6742.71,69.93576159307122,1.037205538916418
OECD ENV-Growth 2023,SSP3,Tajikistan,GDP|PPP [per capita],USD_2017/yr,2050,TJK,7268.684838212742,7183.86,84.82483821274218,1.1807696449087564
OECD ENV-Growth 2023,SSP3,Tajikistan,GDP|PPP [per capita],USD_2017/yr,2055,TJK,7761.564695176775,7668.51,93.05469517677466,1.2134651343843152
OECD ENV-Growth 2023,SSP3,Tajikistan,GDP|PPP [per capita],USD_2017/yr,2060,TJK,8280.283031557845,8182.21,98.07303155784484,1.1986129854629108
OECD ENV-Growth 2023,SSP3,Tajikistan,GDP|PPP [per capita],USD_2017/yr,2065,TJK,8814.698028565814,8709.25,105.44802856581373,1.2107590041141745
OECD ENV-Growth 2023,SSP3,Tajikistan,GDP|PPP [per capita],USD_2017/yr,2070,TJK,9352.64267540828,9235.71,116.93267540828128,1.2660929739920515
OECD ENV-Growth 2023,SSP3,Tajikistan,GDP|PPP [per capita],USD_2017/yr,2075,TJK,9884.599811040627,9756.06,128.53981104062768,1.317538135688256
OECD ENV-Growth 2023,SSP3,Tajikistan,GDP|PPP [per capita],USD_2017/yr,2080,TJK,10410.285338685157,10273.1,137.18533868515624,1.3353840484873722
OECD ENV-Growth 2023,SSP3,Tajikistan,GDP|PPP [per capita],USD_2017/yr,2085,TJK,10929.00908794454,10784.9,144.10908794454008,1.3362116287081018
OECD ENV-Growth 2023,SSP3,Tajikistan,GDP|PPP [per capita],USD_2017/yr,2090,TJK,11461.273904312242,11309.2,152.0739043122412,1.3446919703625473
OECD ENV-Growth 2023,SSP3,Tajikistan,GDP|PPP [per capita],USD_2017/yr,2095,TJK,11997.804615428302,11836.3,161.5046154283027,1.3644856536950123
OECD ENV-Growth 2023,SSP3,Tajikistan,GDP|PPP [per capita],USD_2017/yr,2100,TJK,12535.994229624,12365.6,170.39422962400022,1.3779697679368588
OECD ENV-Growth 2023,SSP3,Tanzania,GDP|PPP [per capita],USD_2017/yr,2025,TZA,2983.2621070911487,2967.5,15.762107091148664,0.5311577789772086
OECD ENV-Growth 2023,SSP3,Tanzania,GDP|PPP [per capita],USD_2017/yr,2030,TZA,3627.673544609145,3609.27,18.40354460914523,0.5098965887601988
OECD ENV-Growth 2023,SSP3,Tanzania,GDP|PPP [per capita],USD_2017/yr,2035,TZA,4237.79277597686,4219.58,18.21277597686003,0.43162532709084867
OECD ENV-Growth 2023,SSP3,Tanzania,GDP|PPP [per capita],USD_2017/yr,2040,TZA,4677.0823678200195,4657.34,19.742367820019354,0.42389792929052533
OECD ENV-Growth 2023,SSP3,Tanzania,GDP|PPP [per capita],USD_2017/yr,2045,TZA,5000.616781216017,4975.28,25.336781216017698,0.5092533729964485
OECD ENV-Growth 2023,SSP3,Tanzania,GDP|PPP [per capita],USD_2017/yr,2050,TZA,5280.0941488443095,5248.18,31.91414884430924,0.6080993571925741
OECD ENV-Growth 2023,SSP3,Tanzania,GDP|PPP [per capita],USD_2017/yr,2055,TZA,5563.471343574028,5527.33,36.141343574027815,0.6538662170347675
OECD ENV-Growth 2023,SSP3,Tanzania,GDP|PPP [per capita],USD_2017/yr,2060,TZA,5844.743064478799,5806.38,38.36306447879906,0.6607053702788839
OECD ENV-Growth 2023,SSP3,Tanzania,GDP|PPP [per capita],USD_2017/yr,2065,TZA,6139.789759238047,6100.11,39.679759238047154,0.6504761264640663
OECD ENV-Growth 2023,SSP3,Tanzania,GDP|PPP [per capita],USD_2017/yr,2070,TZA,6443.200192987492,6402.49,40.71019298749252,0.6358493802800554
OECD ENV-Growth 2023,SSP3,Tanzania,GDP|PPP [per capita],USD_2017/yr,2075,TZA,6752.942296986385,6710.47,42.47229698638512,0.6329258157235651
OECD ENV-Growth 2023,SSP3,Tanzania,GDP|PPP [per capita],USD_2017/yr,2080,TZA,7079.70655576435,7035.31,44.396555764349614,0.6310532977843138
OECD ENV-Growth 2023,SSP3,Tanzania,GDP|PPP [per capita],USD_2017/yr,2085,TZA,7428.735597602943,7383,45.73559760294302,0.6194717269801303
OECD ENV-Growth 2023,SSP3,Tanzania,GDP|PPP [per capita],USD_2017/yr,2090,TZA,7797.438101870152,7751.32,46.118101870152714,0.5949709452087221
OECD ENV-Growth 2023,SSP3,Tanzania,GDP|PPP [per capita],USD_2017/yr,2095,TZA,8164.089605242941,8118.55,45.539605242940524,0.5609327434448333
OECD ENV-Growth 2023,SSP3,Tanzania,GDP|PPP [per capita],USD_2017/yr,2100,TZA,8504.718641019124,8460.5,44.218641019124334,0.5226480824906842
OECD ENV-Growth 2023,SSP3,Thailand,GDP|PPP [per capita],USD_2017/yr,2045,THA,28234.341295150363,28200.5,33.841295150363294,0.12000246502850409
OECD ENV-Growth 2023,SSP3,Thailand,GDP|PPP [per capita],USD_2017/yr,2050,THA,29948.816074170052,29893.2,55.616074170051434,0.18604924922742105
OECD ENV-Growth 2023,SSP3,Thailand,GDP|PPP [per capita],USD_2017/yr,2055,THA,31557.80777685648,31471.4,86.40777685647845,0.274559685481035
OECD ENV-Growth 2023,SSP3,Thailand,GDP|PPP [per capita],USD_2017/yr,2060,THA,33039.9510442256,32922.1,117.85104422560107,0.3579694011791504
OECD ENV-Growth 2023,SSP3,Thailand,GDP|PPP [per capita],USD_2017/yr,2065,THA,34373.57760851647,34232.9,140.67760851646744,0.4109427145128442
OECD ENV-Growth 2023,SSP3,Thailand,GDP|PPP [per capita],USD_2017/yr,2070,THA,35461.44684445119,35307.7,153.74684445119055,0.4354484841867088
OECD ENV-Growth 2023,SSP3,Thailand,GDP|PPP [per capita],USD_2017/yr,2075,THA,36411.37640527605,36239.7,171.67640527605545,0.4737246866725041
OECD ENV-Growth 2023,SSP3,Thailand,GDP|PPP [per capita],USD_2017/yr,2080,THA,37211.19179970371,37023.5,187.69179970370897,0.5069531505765499
OECD ENV-Growth 2023,SSP3,Thailand,GDP|PPP [per capita],USD_2017/yr,2085,THA,37896.38538075721,37690.2,206.18538075721153,0.5470530290558595
OECD ENV-Growth 2023,SSP3,Thailand,GDP|PPP [per capita],USD_2017/yr,2090,THA,38447.98697158237,38244.9,203.08697158237192,0.5310171332187348
OECD ENV-Growth 2023,SSP3,Thailand,GDP|PPP [per capita],USD_2017/yr,2095,THA,38895.500529159995,38686.8,208.70052915999258,0.5394618556199856
OECD ENV-Growth 2023,SSP3,Thailand,GDP|PPP [per capita],USD_2017/yr,2100,THA,39252.92440193939,39050.5,202.4244019393882,0.5183657109112257
OECD ENV-Growth 2023,SSP3,Timor-Leste,GDP|PPP [per capita],USD_2017/yr,2025,TLS,3000.9621020746536,2970.68,30.28210207465372,1.0193660062562688
OECD ENV-Growth 2023,SSP3,Timor-Leste,GDP|PPP [per capita],USD_2017/yr,2030,TLS,3220.1217789980487,3187.63,32.49177899804863,1.0193083575587074
OECD ENV-Growth 2023,SSP3,Timor-Leste,GDP|PPP [per capita],USD_2017/yr,2035,TLS,3558.0682320810383,3524.18,33.888232081038495,0.9615919754677257
OECD ENV-Growth 2023,SSP3,Timor-Leste,GDP|PPP [per capita],USD_2017/yr,2040,TLS,3921.742033675357,3887.12,34.622033675357216,0.8906860008272762
OECD ENV-Growth 2023,SSP3,Timor-Leste,GDP|PPP [per capita],USD_2017/yr,2045,TLS,4301.72113601879,4265.78,35.94113601879053,0.8425454669202476
OECD ENV-Growth 2023,SSP3,Timor-Leste,GDP|PPP [per capita],USD_2017/yr,2050,TLS,4753.404651231754,4713.62,39.78465123175374,0.8440360324284465
OECD ENV-Growth 2023,SSP3,Timor-Leste,GDP|PPP [per capita],USD_2017/yr,2055,TLS,5295.593044869532,5250.95,44.64304486953188,0.8501898679197456
OECD ENV-Growth 2023,SSP3,Timor-Leste,GDP|PPP [per capita],USD_2017/yr,2060,TLS,5922.102438998004,5875.7,46.40243899800407,0.7897346528584521
OECD ENV-Growth 2023,SSP3,Timor-Leste,GDP|PPP [per capita],USD_2017/yr,2065,TLS,6665.1804455013125,6621,44.18044550131253,0.6672775336250194
OECD ENV-Growth 2023,SSP3,Timor-Leste,GDP|PPP [per capita],USD_2017/yr,2070,TLS,7541.375659057999,7502.81,38.565659057998346,0.5140162027026987
OECD ENV-Growth 2023,SSP3,Timor-Leste,GDP|PPP [per capita],USD_2017/yr,2075,TLS,8572.731642777122,8541.6,31.13164277712167,0.3644708576510451
OECD ENV-Growth 2023,SSP3,Timor-Leste,GDP|PPP [per capita],USD_2017/yr,2080,TLS,9763.217202040649,9741.9,21.317202040649136,0.21881975837002166
OECD ENV-Growth 2023,SSP3,Togo,GDP|PPP [per capita],USD_2017/yr,2025,TGO,2430.7919701548585,2415.8,14.991970154858336,0.6205799385238155
OECD ENV-Growth 2023,SSP3,Togo,GDP|PPP [per capita],USD_2017/yr,2030,TGO,2853.742206627556,2838.29,15.452206627555825,0.5444195845933933
OECD ENV-Growth 2023,SSP3,Togo,GDP|PPP [per capita],USD_2017/yr,2035,TGO,3340.7235967568477,3325.39,15.333596756847783,0.46110672001923936
OECD ENV-Growth 2023,SSP3,Togo,GDP|PPP [per capita],USD_2017/yr,2040,TGO,3782.4066866037974,3765.88,16.526686603797316,0.438853245557408
OECD ENV-Growth 2023,SSP3,Togo,GDP|PPP [per capita],USD_2017/yr,2045,TGO,4204.1068795517185,4183.28,20.826879551718775,0.4978600416830519
OECD ENV-Growth 2023,SSP3,Togo,GDP|PPP [per capita],USD_2017/yr,2050,TGO,4633.92419190765,4607.12,26.80419190765042,0.5817992999455283
OECD ENV-Growth 2023,SSP3,Togo,GDP|PPP [per capita],USD_2017/yr,2055,TGO,5080.08438864572,5048.45,31.63438864571981,0.6266158651807944
OECD ENV-Growth 2023,SSP3,Togo,GDP|PPP [per capita],USD_2017/yr,2060,TGO,5542.30112799453,5507.79,34.5111279945304,0.6265875785847027
OECD ENV-Growth 2023,SSP3,Togo,GDP|PPP [per capita],USD_2017/yr,2065,TGO,6020.569916243328,5983.73,36.839916243328844,0.615668090694748
OECD ENV-Growth 2023,SSP3,Togo,GDP|PPP [per capita],USD_2017/yr,2070,TGO,6534.365054842567,6494.63,39.73505484256657,0.6118139885192316
OECD ENV-Growth 2023,SSP3,Togo,GDP|PPP [per capita],USD_2017/yr,2075,TGO,7077.6772520046525,7034.17,43.5072520046524,0.6185129447348073
OECD ENV-Growth 2023,SSP3,Togo,GDP|PPP [per capita],USD_2017/yr,2080,TGO,7650.553564091918,7603.05,47.503564091917724,0.6247961553839279
OECD ENV-Growth 2023,SSP3,Togo,GDP|PPP [per capita],USD_2017/yr,2085,TGO,8229.977994271609,8179.2,50.777994271608804,0.6208185919357493
OECD ENV-Growth 2023,SSP3,Togo,GDP|PPP [per capita],USD_2017/yr,2090,TGO,8812.07320594093,8759.26,52.81320594092904,0.6029414121846941
OECD ENV-Growth 2023,SSP3,Togo,GDP|PPP [per capita],USD_2017/yr,2095,TGO,9404.872432766026,9351.27,53.60243276602523,0.5732101924767997
OECD ENV-Growth 2023,SSP3,Togo,GDP|PPP [per capita],USD_2017/yr,2100,TGO,10025.37308979356,9971.85,53.52308979355985,0.5367418261762847
OECD ENV-Growth 2023,SSP3,Tonga,GDP|PPP [per capita],USD_2017/yr,2025,TON,5635.398049801369,5473.92,161.4780498013688,2.949952681101821
OECD ENV-Growth 2023,SSP3,Tonga,GDP|PPP [per capita],USD_2017/yr,2030,TON,5761.3301246991905,5585.79,175.54012469919053,3.1426194808467653
OECD ENV-Growth 2023,SSP3,Tonga,GDP|PPP [per capita],USD_2017/yr,2035,TON,6183.091376304461,5989.9,193.1913763044613,3.2252855023366216
OECD ENV-Growth 2023,SSP3,Tonga,GDP|PPP [per capita],USD_2017/yr,2040,TON,6609.467547973748,6403.03,206.43754797374822,3.224060296043408
OECD ENV-Growth 2023,SSP3,Tonga,GDP|PPP [per capita],USD_2017/yr,2045,TON,7034.961863839783,6818.02,216.94186383978285,3.181889519828086
OECD ENV-Growth 2023,SSP3,Tonga,GDP|PPP [per capita],USD_2017/yr,2050,TON,7560.968640617187,7327.63,233.33864061718668,3.1843671230286827
OECD ENV-Growth 2023,SSP3,Tonga,GDP|PPP [per capita],USD_2017/yr,2055,TON,8240.636269874782,7980.02,260.6162698747812,3.265859858431197
OECD ENV-Growth 2023,SSP3,Tonga,GDP|PPP [per capita],USD_2017/yr,2060,TON,9047.169238450588,8752.56,294.60923845058824,3.365977936176253
OECD ENV-Growth 2023,SSP3,Tonga,GDP|PPP [per capita],USD_2017/yr,2065,TON,9951.300090160645,9623.48,327.8200901606451,3.406460970050804
OECD ENV-Growth 2023,SSP3,Tonga,GDP|PPP [per capita],USD_2017/yr,2070,TON,10922.033550636848,10564.2,357.8335506368476,3.387228097128486
OECD ENV-Growth 2023,SSP3,Tonga,GDP|PPP [per capita],USD_2017/yr,2075,TON,11970.880814788004,11581.9,388.98081478800486,3.358523340626364
OECD ENV-Growth 2023,SSP3,Tonga,GDP|PPP [per capita],USD_2017/yr,2080,TON,13131.02072589277,12706.4,424.62072589276977,3.34178623286509
OECD ENV-Growth 2023,SSP3,Tonga,GDP|PPP [per capita],USD_2017/yr,2085,TON,14426.064211531504,13957.8,468.26421153150477,3.3548568652044364
OECD ENV-Growth 2023,SSP3,Tonga,GDP|PPP [per capita],USD_2017/yr,2090,TON,15881.229048338631,15360.2,521.0290483386307,3.3920720325167033
OECD ENV-Growth 2023,SSP3,Tonga,GDP|PPP [per capita],USD_2017/yr,2095,TON,17475.876710085766,16897.3,578.5767100857665,3.424077870936579
OECD ENV-Growth 2023,SSP3,Tonga,GDP|PPP [per capita],USD_2017/yr,2100,TON,19197.532220671772,18558.7,638.8322206717712,3.442225051710363
OECD ENV-Growth 2023,SSP3,Trinidad and Tobago,GDP|PPP [per capita],USD_2017/yr,2025,TTO,24454.14704257653,24312.6,141.54704257653066,0.5821962380680415
OECD ENV-Growth 2023,SSP3,Trinidad and Tobago,GDP|PPP [per capita],USD_2017/yr,2030,TTO,26006.93044534529,25843.1,163.83044534529108,0.6339426978392341
OECD ENV-Growth 2023,SSP3,Trinidad and Tobago,GDP|PPP [per capita],USD_2017/yr,2035,TTO,27349.17791980208,27169.5,179.6779198020813,0.6613221435877779
OECD ENV-Growth 2023,SSP3,Trinidad and Tobago,GDP|PPP [per capita],USD_2017/yr,2040,TTO,28414.373931352184,28221.9,192.47393135218226,0.6820020315860458
OECD ENV-Growth 2023,SSP3,Trinidad and Tobago,GDP|PPP [per capita],USD_2017/yr,2045,TTO,29150.515092665235,28942,208.515092665235,0.7204584778703441
OECD ENV-Growth 2023,SSP3,Trinidad and Tobago,GDP|PPP [per capita],USD_2017/yr,2050,TTO,29910.469802389587,29672.9,237.56980238958567,0.8006288646865849
OECD ENV-Growth 2023,SSP3,Trinidad and Tobago,GDP|PPP [per capita],USD_2017/yr,2055,TTO,30817.529755894175,30543.2,274.329755894174,0.8981696609856662
OECD ENV-Growth 2023,SSP3,Trinidad and Tobago,GDP|PPP [per capita],USD_2017/yr,2060,TTO,31851.038713599723,31546.3,304.73871359972327,0.9660046141694058
OECD ENV-Growth 2023,SSP3,Trinidad and Tobago,GDP|PPP [per capita],USD_2017/yr,2065,TTO,32885.34026601888,32559.7,325.64026601887963,1.000132882117709
OECD ENV-Growth 2023,SSP3,Trinidad and Tobago,GDP|PPP [per capita],USD_2017/yr,2070,TTO,33842.55311790425,33501.6,340.9531179042533,1.0177218935938979
OECD ENV-Growth 2023,SSP3,Trinidad and Tobago,GDP|PPP [per capita],USD_2017/yr,2075,TTO,34783.076297210224,34424.2,358.87629721022677,1.0425116552025226
OECD ENV-Growth 2023,SSP3,Trinidad and Tobago,GDP|PPP [per capita],USD_2017/yr,2080,TTO,35776.80503185085,35394.2,382.6050318508496,1.080982284811776
OECD ENV-Growth 2023,SSP3,Trinidad and Tobago,GDP|PPP [per capita],USD_2017/yr,2085,TTO,36819.818988426974,36410.9,408.91898842697265,1.123067511176523
OECD ENV-Growth 2023,SSP3,Trinidad and Tobago,GDP|PPP [per capita],USD_2017/yr,2090,TTO,37904.74809540089,37472.4,432.3480954008919,1.1537774345942398
OECD ENV-Growth 2023,SSP3,Trinidad and Tobago,GDP|PPP [per capita],USD_2017/yr,2095,TTO,39026.723727254604,38576,450.72372725460446,1.1684045190133878
OECD ENV-Growth 2023,SSP3,Trinidad and Tobago,GDP|PPP [per capita],USD_2017/yr,2100,TTO,40177.495665461814,39713.1,464.39566546181595,1.1693765167207193
OECD ENV-Growth 2023,SSP3,Tunisia,GDP|PPP [per capita],USD_2017/yr,2025,TUN,10834.012094598907,10779.3,54.71209459890815,0.5075663039242637
OECD ENV-Growth 2023,SSP3,Tunisia,GDP|PPP [per capita],USD_2017/yr,2030,TUN,11823.416640985406,11754.6,68.81664098540568,0.585444345068362
OECD ENV-Growth 2023,SSP3,Tunisia,GDP|PPP [per capita],USD_2017/yr,2035,TUN,12936.179397684924,12853.8,82.3793976849247,0.6408952814336982
OECD ENV-Growth 2023,SSP3,Tunisia,GDP|PPP [per capita],USD_2017/yr,2040,TUN,14043.1658331947,13944.3,98.86583319470083,0.7090053512524891
OECD ENV-Growth 2023,SSP3,Tunisia,GDP|PPP [per capita],USD_2017/yr,2045,TUN,14997.344596279514,14877,120.34459627951401,0.8089305389494791
OECD ENV-Growth 2023,SSP3,Tunisia,GDP|PPP [per capita],USD_2017/yr,2050,TUN,15834.18462261503,15680.4,153.78462261503046,0.9807442578954011
OECD ENV-Growth 2023,SSP3,Tunisia,GDP|PPP [per capita],USD_2017/yr,2055,TUN,16640.151366618305,16444.8,195.3513666183062,1.1879218149099182
OECD ENV-Growth 2023,SSP3,Tunisia,GDP|PPP [per capita],USD_2017/yr,2060,TUN,17418.99413926037,17180.2,238.79413926036796,1.3899380639362053
OECD ENV-Growth 2023,SSP3,Tunisia,GDP|PPP [per capita],USD_2017/yr,2065,TUN,18157.81779044275,17876.6,281.2177904427517,1.57310557064963
OECD ENV-Growth 2023,SSP3,Tunisia,GDP|PPP [per capita],USD_2017/yr,2070,TUN,18822.462370530153,18500.7,321.7623705301521,1.739190249721103
OECD ENV-Growth 2023,SSP3,Tunisia,GDP|PPP [per capita],USD_2017/yr,2075,TUN,19374.792698449597,19008.6,366.19269844959854,1.9264580161063865
OECD ENV-Growth 2023,SSP3,Tunisia,GDP|PPP [per capita],USD_2017/yr,2080,TUN,19812.01483461209,19395.9,416.1148346120899,2.1453752319412343
OECD ENV-Growth 2023,SSP3,Tunisia,GDP|PPP [per capita],USD_2017/yr,2085,TUN,20172.29507029784,19702.3,469.9950702978422,2.3854832699626045
OECD ENV-Growth 2023,SSP3,Tunisia,GDP|PPP [per capita],USD_2017/yr,2090,TUN,20495.402237370377,19970.2,525.2022373703767,2.629929782227402
OECD ENV-Growth 2023,SSP3,Tunisia,GDP|PPP [per capita],USD_2017/yr,2095,TUN,20808.9338641654,20229.1,579.8338641654009,2.866335448267105
OECD ENV-Growth 2023,SSP3,Tunisia,GDP|PPP [per capita],USD_2017/yr,2100,TUN,21118.518832776932,20484.7,633.8188327769312,3.0941084457030428
OECD ENV-Growth 2023,SSP3,Turkey,GDP|PPP [per capita],USD_2017/yr,2025,TUR,35525.52656198737,35456.2,69.32656198737095,0.19552733227861688
OECD ENV-Growth 2023,SSP3,Turkey,GDP|PPP [per capita],USD_2017/yr,2030,TUR,41300.05222385122,41200,100.05222385122033,0.24284520352237945
OECD ENV-Growth 2023,SSP3,Turkey,GDP|PPP [per capita],USD_2017/yr,2035,TUR,46164.669692364194,46053.3,111.369692364191,0.24182782203271205
OECD ENV-Growth 2023,SSP3,Turkey,GDP|PPP [per capita],USD_2017/yr,2040,TUR,50045.23685084139,49925.1,120.13685084139433,0.24063417167195325
OECD ENV-Growth 2023,SSP3,Turkey,GDP|PPP [per capita],USD_2017/yr,2045,TUR,53833.39938483273,53657.5,175.89938483273,0.32781882277916413
OECD ENV-Growth 2023,SSP3,Turkey,GDP|PPP [per capita],USD_2017/yr,2050,TUR,57766.93596796275,57523.1,243.83596796275378,0.4238922588712253
OECD ENV-Growth 2023,SSP3,Turkey,GDP|PPP [per capita],USD_2017/yr,2055,TUR,61988.87134384338,61650,338.87134384337696,0.5496696574912846
OECD ENV-Growth 2023,SSP3,Turkey,GDP|PPP [per capita],USD_2017/yr,2060,TUR,66318.46089975786,65879.6,438.8608997578558,0.6661559872219257
OECD ENV-Growth 2023,SSP3,Turkey,GDP|PPP [per capita],USD_2017/yr,2065,TUR,70426.19560798131,69914.7,511.4956079813128,0.7315995176712663
OECD ENV-Growth 2023,SSP3,Turkey,GDP|PPP [per capita],USD_2017/yr,2070,TUR,74124.63731990555,73555.9,568.7373199055583,0.7732042159847929
OECD ENV-Growth 2023,SSP3,Turkey,GDP|PPP [per capita],USD_2017/yr,2075,TUR,77549.53066729603,76907.3,642.2306672960258,0.8350711405757655
OECD ENV-Growth 2023,SSP3,Turkey,GDP|PPP [per capita],USD_2017/yr,2080,TUR,80800.1197646562,80062.4,737.7197646562126,0.9214309896483401
OECD ENV-Growth 2023,SSP3,Turkey,GDP|PPP [per capita],USD_2017/yr,2085,TUR,83998.8408856885,83150.6,848.2408856885013,1.020125995108275
OECD ENV-Growth 2023,SSP3,Turkey,GDP|PPP [per capita],USD_2017/yr,2090,TUR,87172.76763793654,86217.5,955.2676379365439,1.1079741791823516
OECD ENV-Growth 2023,SSP3,Turkey,GDP|PPP [per capita],USD_2017/yr,2095,TUR,90302.45290386456,89250.5,1051.952903864556,1.1786521127215601
OECD ENV-Growth 2023,SSP3,Turkey,GDP|PPP [per capita],USD_2017/yr,2100,TUR,93366.9523806502,92235.4,1131.5523806502024,1.2268092084494702
OECD ENV-Growth 2023,SSP3,Turkmenistan,GDP|PPP [per capita],USD_2017/yr,2025,TKM,15976.571150876383,15874.6,101.97115087638304,0.6423541435776841
OECD ENV-Growth 2023,SSP3,Turkmenistan,GDP|PPP [per capita],USD_2017/yr,2030,TKM,16528.181708612523,16424.9,103.28170861252147,0.6288117955818389
OECD ENV-Growth 2023,SSP3,Turkmenistan,GDP|PPP [per capita],USD_2017/yr,2035,TKM,17533.985254438277,17428,105.98525443827748,0.6081320543853425
OECD ENV-Growth 2023,SSP3,Turkmenistan,GDP|PPP [per capita],USD_2017/yr,2040,TKM,18144.32893649111,18036.9,107.4289364911092,0.5956064317654873
OECD ENV-Growth 2023,SSP3,Turkmenistan,GDP|PPP [per capita],USD_2017/yr,2045,TKM,18374.27529554997,18258.1,116.17529554997236,0.636294551733052
OECD ENV-Growth 2023,SSP3,Turkmenistan,GDP|PPP [per capita],USD_2017/yr,2050,TKM,18581.105501396385,18447.8,133.3055013963858,0.722609207582399
OECD ENV-Growth 2023,SSP3,Turkmenistan,GDP|PPP [per capita],USD_2017/yr,2055,TKM,18640.4543418796,18489.6,150.85434187959982,0.8158875361262539
OECD ENV-Growth 2023,SSP3,Turkmenistan,GDP|PPP [per capita],USD_2017/yr,2060,TKM,18790.05187047198,18627.9,162.15187047197833,0.8704785320512689
OECD ENV-Growth 2023,SSP3,Turkmenistan,GDP|PPP [per capita],USD_2017/yr,2065,TKM,18981.81855068526,18816.3,165.5185506852613,0.8796551430688354
OECD ENV-Growth 2023,SSP3,Turkmenistan,GDP|PPP [per capita],USD_2017/yr,2070,TKM,19076.028385626625,18908.6,167.42838562662655,0.8854615657776174
OECD ENV-Growth 2023,SSP3,Turkmenistan,GDP|PPP [per capita],USD_2017/yr,2075,TKM,19041.69051026064,18870.3,171.39051026064044,0.9082553550321958
OECD ENV-Growth 2023,SSP3,Turkmenistan,GDP|PPP [per capita],USD_2017/yr,2080,TKM,18944.42062993313,18766.5,177.92062993313084,0.9480757196767156
OECD ENV-Growth 2023,SSP3,Turkmenistan,GDP|PPP [per capita],USD_2017/yr,2085,TKM,18842.82320012361,18658.3,184.52320012361088,0.9889604097029787
OECD ENV-Growth 2023,SSP3,Turkmenistan,GDP|PPP [per capita],USD_2017/yr,2090,TKM,18779.605868669092,18590.9,188.7058686690907,1.0150442887062525
OECD ENV-Growth 2023,SSP3,Turkmenistan,GDP|PPP [per capita],USD_2017/yr,2095,TKM,18747.711339020418,18558.4,189.3113390204162,1.020084376995949
OECD ENV-Growth 2023,SSP3,Turkmenistan,GDP|PPP [per capita],USD_2017/yr,2100,TKM,18725.550394038222,18538.2,187.35039403822157,1.0106180429503488
OECD ENV-Growth 2023,SSP3,Uganda,GDP|PPP [per capita],USD_2017/yr,2025,UGA,2653.727011458031,2639.35,14.37701145803112,0.5447178834952212
OECD ENV-Growth 2023,SSP3,Uganda,GDP|PPP [per capita],USD_2017/yr,2030,UGA,3172.709678313235,3156.84,15.869678313235,0.50270771763013
OECD ENV-Growth 2023,SSP3,Uganda,GDP|PPP [per capita],USD_2017/yr,2035,UGA,3690.973776043175,3674.26,16.713776043174676,0.4548882235654165
OECD ENV-Growth 2023,SSP3,Uganda,GDP|PPP [per capita],USD_2017/yr,2040,UGA,4072.965290845448,4053.91,19.055290845448326,0.4700472098652492
OECD ENV-Growth 2023,SSP3,Uganda,GDP|PPP [per capita],USD_2017/yr,2045,UGA,4372.1328836728435,4347.45,24.682883672843673,0.5677554353205597
OECD ENV-Growth 2023,SSP3,Uganda,GDP|PPP [per capita],USD_2017/yr,2050,UGA,4631.9402440003305,4600.94,31.000244000330895,0.6737806622196963
OECD ENV-Growth 2023,SSP3,Uganda,GDP|PPP [per capita],USD_2017/yr,2055,UGA,4885.824755665052,4850.27,35.554755665051744,0.7330469368726223
OECD ENV-Growth 2023,SSP3,Uganda,GDP|PPP [per capita],USD_2017/yr,2060,UGA,5127.000465655127,5088.46,38.540465655127264,0.7574092290226762
OECD ENV-Growth 2023,SSP3,Uganda,GDP|PPP [per capita],USD_2017/yr,2065,UGA,5376.44454884777,5335.11,41.33454884777075,0.7747646974058782
OECD ENV-Growth 2023,SSP3,Uganda,GDP|PPP [per capita],USD_2017/yr,2070,UGA,5614.3581859206515,5570.13,44.22818592065141,0.7940243032146721
OECD ENV-Growth 2023,SSP3,Uganda,GDP|PPP [per capita],USD_2017/yr,2075,UGA,5864.668975973922,5817.25,47.41897597392199,0.8151441999900638
OECD ENV-Growth 2023,SSP3,Uganda,GDP|PPP [per capita],USD_2017/yr,2080,UGA,6123.2707879531,6072.52,50.75078795309946,0.8357450935212969
OECD ENV-Growth 2023,SSP3,Uganda,GDP|PPP [per capita],USD_2017/yr,2085,UGA,6398.154181618469,6344.21,53.944181618468974,0.8502899749294076
OECD ENV-Growth 2023,SSP3,Uganda,GDP|PPP [per capita],USD_2017/yr,2090,UGA,6680.837495786055,6624.09,56.74749578605497,0.8566836469017627
OECD ENV-Growth 2023,SSP3,Uganda,GDP|PPP [per capita],USD_2017/yr,2095,UGA,6953.255502249462,6894.32,58.93550224946193,0.8548414092972467
OECD ENV-Growth 2023,SSP3,Uganda,GDP|PPP [per capita],USD_2017/yr,2100,UGA,7204.1645017147775,7143.55,60.61450171477736,0.8485207174972857
OECD ENV-Growth 2023,SSP3,Ukraine,GDP|PPP [per capita],USD_2017/yr,2055,UKR,21746.34555472103,21720.1,26.245554721030203,0.12083533096546611
OECD ENV-Growth 2023,SSP3,Ukraine,GDP|PPP [per capita],USD_2017/yr,2060,UKR,22903.928061754967,22866.1,37.828061754968076,0.16543294114417448
OECD ENV-Growth 2023,SSP3,Ukraine,GDP|PPP [per capita],USD_2017/yr,2065,UKR,24059.79513252264,24015.8,43.995132522639324,0.18319245048109714
OECD ENV-Growth 2023,SSP3,Ukraine,GDP|PPP [per capita],USD_2017/yr,2070,UKR,25124.61131111219,25079.6,45.011311112190015,0.17947379986997408
OECD ENV-Growth 2023,SSP3,Ukraine,GDP|PPP [per capita],USD_2017/yr,2075,UKR,26060.95420379451,26014.1,46.854203794511704,0.18011080066007168
OECD ENV-Growth 2023,SSP3,Ukraine,GDP|PPP [per capita],USD_2017/yr,2080,UKR,26900.48255352999,26846.4,54.08255352998822,0.20145179066835112
OECD ENV-Growth 2023,SSP3,Ukraine,GDP|PPP [per capita],USD_2017/yr,2085,UKR,27730.826133765277,27664,66.82613376527661,0.2415635257564944
OECD ENV-Growth 2023,SSP3,Ukraine,GDP|PPP [per capita],USD_2017/yr,2090,UKR,28605.018421136658,28523.9,81.11842113665625,0.28438755267216703
OECD ENV-Growth 2023,SSP3,Ukraine,GDP|PPP [per capita],USD_2017/yr,2095,UKR,29520.117874945274,29427.4,92.71787494527234,0.3150732818572906
OECD ENV-Growth 2023,SSP3,Ukraine,GDP|PPP [per capita],USD_2017/yr,2100,UKR,30455.551600635496,30356.7,98.85160063549483,0.32563355251227843
OECD ENV-Growth 2023,SSP3,United Arab Emirates,GDP|PPP [per capita],USD_2017/yr,2070,ARE,117054.13356745288,116927,127.13356745288183,0.10872900822982018
OECD ENV-Growth 2023,SSP3,United Arab Emirates,GDP|PPP [per capita],USD_2017/yr,2075,ARE,115475.71575470512,115212,263.71575470511743,0.22889608261736405
OECD ENV-Growth 2023,SSP3,United Arab Emirates,GDP|PPP [per capita],USD_2017/yr,2080,ARE,113502.2444724954,113075,427.2444724953966,0.3778416736638484
OECD ENV-Growth 2023,SSP3,United Arab Emirates,GDP|PPP [per capita],USD_2017/yr,2085,ARE,110857.19468160496,110221,636.1946816049604,0.5771991558822369
OECD ENV-Growth 2023,SSP3,United Arab Emirates,GDP|PPP [per capita],USD_2017/yr,2090,ARE,107662.20925325276,106789,873.2092532527604,0.8176958799621313
OECD ENV-Growth 2023,SSP3,United Arab Emirates,GDP|PPP [per capita],USD_2017/yr,2095,ARE,104306.90770332867,103228,1078.907703328674,1.0451696277450633
OECD ENV-Growth 2023,SSP3,United Arab Emirates,GDP|PPP [per capita],USD_2017/yr,2100,ARE,101221.44386050166,100014,1207.4438605016621,1.2072748420237789
OECD ENV-Growth 2023,SSP3,United States,GDP|PPP [per capita],USD_2017/yr,2095,USA,84929.5708264129,84842.1,87.47082641290035,0.1030983749964939
OECD ENV-Growth 2023,SSP3,United States,GDP|PPP [per capita],USD_2017/yr,2100,USA,85534.09728636914,85419.4,114.69728636914806,0.13427545308108937
OECD ENV-Growth 2023,SSP3,United States Virgin Islands,GDP|PPP [per capita],USD_2017/yr,2025,VIR,32749.882970712148,32507.3,242.58297071214838,0.7462415233259865
OECD ENV-Growth 2023,SSP3,United States Virgin Islands,GDP|PPP [per capita],USD_2017/yr,2030,VIR,35329.82456140351,35042.6,287.2245614035128,0.8196439801941432
OECD ENV-Growth 2023,SSP3,United States Virgin Islands,GDP|PPP [per capita],USD_2017/yr,2035,VIR,37478.858240588,37167.8,311.0582405879977,0.8369024816857541
OECD ENV-Growth 2023,SSP3,United States Virgin Islands,GDP|PPP [per capita],USD_2017/yr,2040,VIR,39867.22821795206,39540.4,326.8282179520611,0.8265678090056273
OECD ENV-Growth 2023,SSP3,United States Virgin Islands,GDP|PPP [per capita],USD_2017/yr,2045,VIR,42287.870129320334,41944.8,343.07012932033103,0.8179086068364397
OECD ENV-Growth 2023,SSP3,United States Virgin Islands,GDP|PPP [per capita],USD_2017/yr,2050,VIR,44586.426355193624,44210.9,375.5263551936223,0.8493976716004927
OECD ENV-Growth 2023,SSP3,United States Virgin Islands,GDP|PPP [per capita],USD_2017/yr,2055,VIR,46729.26464075581,46325,404.26464075581316,0.8726705682802227
OECD ENV-Growth 2023,SSP3,United States Virgin Islands,GDP|PPP [per capita],USD_2017/yr,2060,VIR,48777.88696761239,48345.2,432.6869676123897,0.8949946791251039
OECD ENV-Growth 2023,SSP3,United States Virgin Islands,GDP|PPP [per capita],USD_2017/yr,2065,VIR,50726.42775999174,50266,460.42775999174046,0.915982493120082
OECD ENV-Growth 2023,SSP3,United States Virgin Islands,GDP|PPP [per capita],USD_2017/yr,2070,VIR,52424.71960338096,51949.3,475.4196033809567,0.9151607497713283
OECD ENV-Growth 2023,SSP3,United States Virgin Islands,GDP|PPP [per capita],USD_2017/yr,2075,VIR,53841.60368057837,53356.1,485.50368057837477,0.9099309742997984
OECD ENV-Growth 2023,SSP3,United States Virgin Islands,GDP|PPP [per capita],USD_2017/yr,2080,VIR,55045.97074234957,54541.7,504.270742349574,0.9245600015209904
OECD ENV-Growth 2023,SSP3,United States Virgin Islands,GDP|PPP [per capita],USD_2017/yr,2085,VIR,56151.74553031961,55626.4,525.3455303196097,0.9444176332094288
OECD ENV-Growth 2023,SSP3,United States Virgin Islands,GDP|PPP [per capita],USD_2017/yr,2090,VIR,57226.349309655525,56669.9,556.4493096555234,0.9819133431601669
OECD ENV-Growth 2023,SSP3,United States Virgin Islands,GDP|PPP [per capita],USD_2017/yr,2095,VIR,58285.23907768093,57711.6,573.6390776809349,0.9939753492901512
OECD ENV-Growth 2023,SSP3,United States Virgin Islands,GDP|PPP [per capita],USD_2017/yr,2100,VIR,59337.03180149184,58746.2,590.8318014918405,1.0057362033490513
OECD ENV-Growth 2023,SSP3,Uruguay,GDP|PPP [per capita],USD_2017/yr,2025,URY,26301.618693752196,26192.1,109.51869375219758,0.41813636078129507
OECD ENV-Growth 2023,SSP3,Uruguay,GDP|PPP [per capita],USD_2017/yr,2030,URY,29401.449289352113,29260,141.44928935211283,0.4834220415314861
OECD ENV-Growth 2023,SSP3,Uruguay,GDP|PPP [per capita],USD_2017/yr,2035,URY,31942.91730709217,31778,164.91730709217154,0.5189669176542625
OECD ENV-Growth 2023,SSP3,Uruguay,GDP|PPP [per capita],USD_2017/yr,2040,URY,33993.898799732386,33803.6,190.29879973238712,0.5629542407684007
OECD ENV-Growth 2023,SSP3,Uruguay,GDP|PPP [per capita],USD_2017/yr,2045,URY,35901.22894856622,35679.5,221.7289485662186,0.6214463447251745
OECD ENV-Growth 2023,SSP3,Uruguay,GDP|PPP [per capita],USD_2017/yr,2050,URY,37783.241516694274,37524.8,258.44151669427083,0.6887219030994725
OECD ENV-Growth 2023,SSP3,Uruguay,GDP|PPP [per capita],USD_2017/yr,2055,URY,39669.45182792121,39368.7,300.7518279212163,0.7639363959724764
OECD ENV-Growth 2023,SSP3,Uruguay,GDP|PPP [per capita],USD_2017/yr,2060,URY,41398.41040492695,41055.5,342.91040492695174,0.835236216650514
OECD ENV-Growth 2023,SSP3,Uruguay,GDP|PPP [per capita],USD_2017/yr,2065,URY,42951.49152213064,42574.2,377.29152213063935,0.8861975612710029
OECD ENV-Growth 2023,SSP3,Uruguay,GDP|PPP [per capita],USD_2017/yr,2070,URY,44177.726591909435,43773.5,404.22659190943523,0.9234504709685888
OECD ENV-Growth 2023,SSP3,Uruguay,GDP|PPP [per capita],USD_2017/yr,2075,URY,45143.73397596585,44711.9,431.83397596584837,0.9658144162199511
OECD ENV-Growth 2023,SSP3,Uruguay,GDP|PPP [per capita],USD_2017/yr,2080,URY,45885.91038084925,45423.8,462.11038084924803,1.0173309605300482
OECD ENV-Growth 2023,SSP3,Uruguay,GDP|PPP [per capita],USD_2017/yr,2085,URY,46471.217880102806,45977.6,493.61788010280725,1.073605147077723
OECD ENV-Growth 2023,SSP3,Uruguay,GDP|PPP [per capita],USD_2017/yr,2090,URY,46913.255798863815,46391,522.2557988638146,1.1257696511474522
OECD ENV-Growth 2023,SSP3,Uruguay,GDP|PPP [per capita],USD_2017/yr,2095,URY,47200.8916199132,46655.9,544.9916199131985,1.1681086848891533
OECD ENV-Growth 2023,SSP3,Uruguay,GDP|PPP [per capita],USD_2017/yr,2100,URY,47319.96665448212,46761,558.966654482123,1.1953693344499112
OECD ENV-Growth 2023,SSP3,Uzbekistan,GDP|PPP [per capita],USD_2017/yr,2025,UZB,9370.30979072338,9315.91,54.39979072338065,0.5839450007930589
OECD ENV-Growth 2023,SSP3,Uzbekistan,GDP|PPP [per capita],USD_2017/yr,2030,UZB,11315.469759988246,11252.3,63.16975998824637,0.5613942037472017
OECD ENV-Growth 2023,SSP3,Uzbekistan,GDP|PPP [per capita],USD_2017/yr,2035,UZB,13070.040267166103,13001,69.04026716610315,0.5310381291139386
OECD ENV-Growth 2023,SSP3,Uzbekistan,GDP|PPP [per capita],USD_2017/yr,2040,UZB,14331.424334738287,14257.1,74.32433473828678,0.521314536183984
OECD ENV-Growth 2023,SSP3,Uzbekistan,GDP|PPP [per capita],USD_2017/yr,2045,UZB,15169.555600944015,15076.3,93.2556009440159,0.6185576099176582
OECD ENV-Growth 2023,SSP3,Uzbekistan,GDP|PPP [per capita],USD_2017/yr,2050,UZB,15859.467438390137,15740.5,118.96743839013652,0.755804697373886
OECD ENV-Growth 2023,SSP3,Uzbekistan,GDP|PPP [per capita],USD_2017/yr,2055,UZB,16603.75681671836,16469.5,134.25681671835991,0.8151845333395665
OECD ENV-Growth 2023,SSP3,Uzbekistan,GDP|PPP [per capita],USD_2017/yr,2060,UZB,17463.781719470393,17320.7,143.08171947039227,0.82607353900473
OECD ENV-Growth 2023,SSP3,Uzbekistan,GDP|PPP [per capita],USD_2017/yr,2065,UZB,18445.0198993476,18291.3,153.7198993476013,0.8403989839300723
OECD ENV-Growth 2023,SSP3,Uzbekistan,GDP|PPP [per capita],USD_2017/yr,2070,UZB,19478.133849401187,19307.9,170.23384940118558,0.8816797756420198
OECD ENV-Growth 2023,SSP3,Uzbekistan,GDP|PPP [per capita],USD_2017/yr,2075,UZB,20524.501560840567,20334.4,190.10156084056507,0.9348766663415938
OECD ENV-Growth 2023,SSP3,Uzbekistan,GDP|PPP [per capita],USD_2017/yr,2080,UZB,21588.079226391175,21379.6,208.47922639117678,0.975131557144085
OECD ENV-Growth 2023,SSP3,Uzbekistan,GDP|PPP [per capita],USD_2017/yr,2085,UZB,22714.95033908742,22490.8,224.15033908742043,0.9966312407180733
OECD ENV-Growth 2023,SSP3,Uzbekistan,GDP|PPP [per capita],USD_2017/yr,2090,UZB,23918.41887267439,23679.5,238.9188726743887,1.0089692462864026
OECD ENV-Growth 2023,SSP3,Uzbekistan,GDP|PPP [per capita],USD_2017/yr,2095,UZB,25174.300180593305,24920.5,253.8001805933054,1.018439359536548
OECD ENV-Growth 2023,SSP3,Uzbekistan,GDP|PPP [per capita],USD_2017/yr,2100,UZB,26472.918598301065,26203.8,269.1185983010655,1.027021265240406
OECD ENV-Growth 2023,SSP3,Vanuatu,GDP|PPP [per capita],USD_2017/yr,2025,VUT,2477.061469265367,2455.75,21.311469265367123,0.8678191699223098
OECD ENV-Growth 2023,SSP3,Vanuatu,GDP|PPP [per capita],USD_2017/yr,2030,VUT,2607.7941023236426,2585.97,21.82410232364282,0.8439425949892234
OECD ENV-Growth 2023,SSP3,Vanuatu,GDP|PPP [per capita],USD_2017/yr,2035,VUT,2982.344888909696,2959,23.344888909695783,0.7889452149271978
OECD ENV-Growth 2023,SSP3,Vanuatu,GDP|PPP [per capita],USD_2017/yr,2040,VUT,3353.344605505633,3328.09,25.254605505632753,0.758831807602341
OECD ENV-Growth 2023,SSP3,Vanuatu,GDP|PPP [per capita],USD_2017/yr,2045,VUT,3679.611370858575,3650.02,29.59137085857492,0.8107180469853568
OECD ENV-Growth 2023,SSP3,Vanuatu,GDP|PPP [per capita],USD_2017/yr,2050,VUT,4049.877552458641,4013.36,36.517552458640694,0.9098997463133307
OECD ENV-Growth 2023,SSP3,Vanuatu,GDP|PPP [per capita],USD_2017/yr,2055,VUT,4516.229422988247,4472.28,43.949422988247534,0.982707321282378
OECD ENV-Growth 2023,SSP3,Vanuatu,GDP|PPP [per capita],USD_2017/yr,2060,VUT,5089.050546541191,5037.8,51.25054654119049,1.0173199916866584
OECD ENV-Growth 2023,SSP3,Vanuatu,GDP|PPP [per capita],USD_2017/yr,2065,VUT,5799.952105040165,5740.94,59.01210504016581,1.0279171188022487
OECD ENV-Growth 2023,SSP3,Vanuatu,GDP|PPP [per capita],USD_2017/yr,2070,VUT,6659.947564303154,6591.73,68.21756430315418,1.034896215457159
OECD ENV-Growth 2023,SSP3,Vanuatu,GDP|PPP [per capita],USD_2017/yr,2075,VUT,7708.842672233608,7628.48,80.36267223360846,1.0534558946685115
OECD ENV-Growth 2023,SSP3,Vanuatu,GDP|PPP [per capita],USD_2017/yr,2080,VUT,8954.248050411647,8858.5,95.74805041164655,1.0808607598537738
OECD ENV-Growth 2023,SSP3,Vanuatu,GDP|PPP [per capita],USD_2017/yr,2085,VUT,10415.552535834844,10301.7,113.85253583484337,1.1051820168986026
OECD ENV-Growth 2023,SSP3,Vanuatu,GDP|PPP [per capita],USD_2017/yr,2090,VUT,12116.94499924287,11982.7,134.2449992428701,1.1203234600121017
OECD ENV-Growth 2023,SSP3,Vanuatu,GDP|PPP [per capita],USD_2017/yr,2095,VUT,14102.373461753356,13945.8,156.57346175335624,1.1227284325987483
OECD ENV-Growth 2023,SSP3,Vanuatu,GDP|PPP [per capita],USD_2017/yr,2100,VUT,16429.476262697135,16247.6,181.87626269713473,1.1194038670150346
OECD ENV-Growth 2023,SSP3,Viet Nam,GDP|PPP [per capita],USD_2017/yr,2025,VNM,13281.405221125797,13242.4,39.00522112579711,0.2945479756373249
OECD ENV-Growth 2023,SSP3,Viet Nam,GDP|PPP [per capita],USD_2017/yr,2030,VNM,17789.62337957147,17730.7,58.923379571468104,0.3323240457030354
OECD ENV-Growth 2023,SSP3,Viet Nam,GDP|PPP [per capita],USD_2017/yr,2035,VNM,22034.735257588523,21961.1,73.63525758852484,0.3352985851734423
OECD ENV-Growth 2023,SSP3,Viet Nam,GDP|PPP [per capita],USD_2017/yr,2040,VNM,25226.112147787735,25140.3,85.81214778773574,0.3413330301855417
OECD ENV-Growth 2023,SSP3,Viet Nam,GDP|PPP [per capita],USD_2017/yr,2045,VNM,27740.461530617304,27639.8,100.66153061730438,0.36419051736012703
OECD ENV-Growth 2023,SSP3,Viet Nam,GDP|PPP [per capita],USD_2017/yr,2050,VNM,29960.203348113555,29833.6,126.60334811355642,0.4243649714199976
OECD ENV-Growth 2023,SSP3,Viet Nam,GDP|PPP [per capita],USD_2017/yr,2055,VNM,32077.54640423732,31911,166.54640423732053,0.521909072850492
OECD ENV-Growth 2023,SSP3,Viet Nam,GDP|PPP [per capita],USD_2017/yr,2060,VNM,34036.501184522,33830.7,205.8011845220026,0.608326710715423
OECD ENV-Growth 2023,SSP3,Viet Nam,GDP|PPP [per capita],USD_2017/yr,2065,VNM,35836.84181421245,35606.8,230.0418142124472,0.6460614663840817
OECD ENV-Growth 2023,SSP3,Viet Nam,GDP|PPP [per capita],USD_2017/yr,2070,VNM,37432.86624299798,37188.6,244.26624299798277,0.6568309723893418
OECD ENV-Growth 2023,SSP3,Viet Nam,GDP|PPP [per capita],USD_2017/yr,2075,VNM,38738.36743522192,38478.8,259.5674352219139,0.6745725834015455
OECD ENV-Growth 2023,SSP3,Viet Nam,GDP|PPP [per capita],USD_2017/yr,2080,VNM,39766.460041374565,39484.3,282.16004137456184,0.7146132548242259
OECD ENV-Growth 2023,SSP3,Viet Nam,GDP|PPP [per capita],USD_2017/yr,2085,VNM,40585.00446736991,40274.4,310.60446736990707,0.7712205951420928
OECD ENV-Growth 2023,SSP3,Viet Nam,GDP|PPP [per capita],USD_2017/yr,2090,VNM,41255.96092075533,40918.7,337.26092075533234,0.8242219834826922
OECD ENV-Growth 2023,SSP3,Viet Nam,GDP|PPP [per capita],USD_2017/yr,2095,VNM,41829.564916180214,41475.8,353.764916180211,0.8529429599434152
OECD ENV-Growth 2023,SSP3,Viet Nam,GDP|PPP [per capita],USD_2017/yr,2100,VNM,42340.16421494509,41981.1,359.06421494509414,0.8552996823453748
OECD ENV-Growth 2023,SSP3,Yemen,GDP|PPP [per capita],USD_2017/yr,2025,YEM,1745.6756986625114,1732.89,12.785698662511322,0.7378251742759969
OECD ENV-Growth 2023,SSP3,Yemen,GDP|PPP [per capita],USD_2017/yr,2030,YEM,2051.78646974781,2040.16,11.626469747809779,0.5698802911443112
OECD ENV-Growth 2023,SSP3,Yemen,GDP|PPP [per capita],USD_2017/yr,2035,YEM,2371.2004777985508,2362.33,8.870477798550837,0.3754969796154999
OECD ENV-Growth 2023,SSP3,Yemen,GDP|PPP [per capita],USD_2017/yr,2040,YEM,2739.361207719434,2733.7,5.66120771943406,0.20708957528017194
OECD ENV-Growth 2023,SSP3,Yemen,GDP|PPP [per capita],USD_2017/yr,2045,YEM,3115.856755431456,3112.48,3.3767554314558765,0.10849083147380469
OECD ENV-Growth 2023,SSP3,Zambia,GDP|PPP [per capita],USD_2017/yr,2025,ZMB,3495.5988840478167,3491.61,3.988884047816555,0.11424196997421117
OECD ENV-Growth 2023,SSP3,Zimbabwe,GDP|PPP [per capita],USD_2017/yr,2025,ZWE,2294.040679039812,2277.3,16.740679039811766,0.7351108347521962
OECD ENV-Growth 2023,SSP3,Zimbabwe,GDP|PPP [per capita],USD_2017/yr,2030,ZWE,2487.032557895069,2475.94,11.092557895069149,0.4480140025634365
OECD ENV-Growth 2023,SSP4,Algeria,GDP|PPP [per capita],USD_2017/yr,2025,DZA,11625.13994929889,11572.1,53.03994929888904,0.45834333698195695
OECD ENV-Growth 2023,SSP4,Algeria,GDP|PPP [per capita],USD_2017/yr,2030,DZA,11899.817689417949,11841.2,58.617689417947986,0.4950316641721108
OECD ENV-Growth 2023,SSP4,Algeria,GDP|PPP [per capita],USD_2017/yr,2035,DZA,12492.068221163909,12427.1,64.96822116390831,0.522794708048606
OECD ENV-Growth 2023,SSP4,Algeria,GDP|PPP [per capita],USD_2017/yr,2040,DZA,12870.965637754913,12801.7,69.26563775491195,0.5410659346408051
OECD ENV-Growth 2023,SSP4,Algeria,GDP|PPP [per capita],USD_2017/yr,2045,DZA,13197.697552426423,13121.9,75.79755242642386,0.5776415947875221
OECD ENV-Growth 2023,SSP4,Algeria,GDP|PPP [per capita],USD_2017/yr,2050,DZA,13698.923745842318,13609.3,89.62374584231839,0.6585478007121482
OECD ENV-Growth 2023,SSP4,Algeria,GDP|PPP [per capita],USD_2017/yr,2055,DZA,14508.917994391142,14400.1,108.81799439114184,0.755675268860229
OECD ENV-Growth 2023,SSP4,Algeria,GDP|PPP [per capita],USD_2017/yr,2060,DZA,15627.870181471755,15497.7,130.1701814717544,0.839932257507594
OECD ENV-Growth 2023,SSP4,Algeria,GDP|PPP [per capita],USD_2017/yr,2065,DZA,17058.073845336487,16907.1,150.973845336488,0.8929612135522238
OECD ENV-Growth 2023,SSP4,Algeria,GDP|PPP [per capita],USD_2017/yr,2070,DZA,18657.43442272707,18486.4,171.0344227270689,0.9251905331869312
OECD ENV-Growth 2023,SSP4,Algeria,GDP|PPP [per capita],USD_2017/yr,2075,DZA,20396.52958750515,20203.8,192.72958750514954,0.9539274171450398
OECD ENV-Growth 2023,SSP4,Algeria,GDP|PPP [per capita],USD_2017/yr,2080,DZA,22282.854476073153,22063.7,219.15447607315218,0.9932807102759382
OECD ENV-Growth 2023,SSP4,Algeria,GDP|PPP [per capita],USD_2017/yr,2085,DZA,24404.54595310615,24153.1,251.44595310615114,1.041050437029413
OECD ENV-Growth 2023,SSP4,Algeria,GDP|PPP [per capita],USD_2017/yr,2090,DZA,26873.00130455107,26583.6,289.4013045510728,1.0886460244326308
OECD ENV-Growth 2023,SSP4,Algeria,GDP|PPP [per capita],USD_2017/yr,2095,DZA,29748.6744989405,29417.2,331.4744989405008,1.1268050628220931
OECD ENV-Growth 2023,SSP4,Algeria,GDP|PPP [per capita],USD_2017/yr,2100,DZA,33030.065225139755,32653.9,376.1652251397536,1.1519764105964483
OECD ENV-Growth 2023,SSP4,Angola,GDP|PPP [per capita],USD_2017/yr,2025,AGO,5918.575652382735,5869.55,49.025652382734734,0.8352540208829421
OECD ENV-Growth 2023,SSP4,Angola,GDP|PPP [per capita],USD_2017/yr,2030,AGO,6092.611969957126,6053.13,39.48196995712624,0.652257096033395
OECD ENV-Growth 2023,SSP4,Angola,GDP|PPP [per capita],USD_2017/yr,2035,AGO,6411.413452339405,6370.91,40.50345233940516,0.6357561531932668
OECD ENV-Growth 2023,SSP4,Angola,GDP|PPP [per capita],USD_2017/yr,2040,AGO,6715.533045144727,6670.88,44.653045144727,0.6693726336664279
OECD ENV-Growth 2023,SSP4,Angola,GDP|PPP [per capita],USD_2017/yr,2045,AGO,7145.74666148358,7091.1,54.64666148357992,0.7706372986360356
OECD ENV-Growth 2023,SSP4,Angola,GDP|PPP [per capita],USD_2017/yr,2050,AGO,7753.199272001817,7685.97,67.22927200181675,0.8747012023442292
OECD ENV-Growth 2023,SSP4,Angola,GDP|PPP [per capita],USD_2017/yr,2055,AGO,8549.623874349283,8468.73,80.89387434928358,0.9552066761991891
OECD ENV-Growth 2023,SSP4,Angola,GDP|PPP [per capita],USD_2017/yr,2060,AGO,9488.62335757822,9393.63,94.99335757822155,1.0112529190336597
OECD ENV-Growth 2023,SSP4,Angola,GDP|PPP [per capita],USD_2017/yr,2065,AGO,10591.726962246685,10482.2,109.52696224668398,1.0448852554490848
OECD ENV-Growth 2023,SSP4,Angola,GDP|PPP [per capita],USD_2017/yr,2070,AGO,11862.797470648426,11737.2,125.59747064842486,1.0700803483660912
OECD ENV-Growth 2023,SSP4,Angola,GDP|PPP [per capita],USD_2017/yr,2075,AGO,13315.67925866402,13170.9,144.77925866402074,1.099235881101677
OECD ENV-Growth 2023,SSP4,Angola,GDP|PPP [per capita],USD_2017/yr,2080,AGO,14971.940349388506,14804.4,167.540349388506,1.1316929385081866
OECD ENV-Growth 2023,SSP4,Angola,GDP|PPP [per capita],USD_2017/yr,2085,AGO,16853.139561422635,16659.8,193.3395614226356,1.1605155009221937
OECD ENV-Growth 2023,SSP4,Angola,GDP|PPP [per capita],USD_2017/yr,2090,AGO,18980.717734476413,18759.1,221.61773447641463,1.1813878836213605
OECD ENV-Growth 2023,SSP4,Angola,GDP|PPP [per capita],USD_2017/yr,2095,AGO,21289.695593558245,21039.1,250.59559355824604,1.1910946454850544
OECD ENV-Growth 2023,SSP4,Angola,GDP|PPP [per capita],USD_2017/yr,2100,AGO,23764.89661054491,23484.8,280.0966105449115,1.1926719007396764
OECD ENV-Growth 2023,SSP4,Antigua and Barbuda,GDP|PPP [per capita],USD_2017/yr,2025,ATG,24433.157040372833,24396.2,36.957040372832125,0.15148687243436323
OECD ENV-Growth 2023,SSP4,Antigua and Barbuda,GDP|PPP [per capita],USD_2017/yr,2030,ATG,27354.38175758069,27301.7,52.68175758068901,0.19296145507674983
OECD ENV-Growth 2023,SSP4,Antigua and Barbuda,GDP|PPP [per capita],USD_2017/yr,2035,ATG,30977.323791707495,30908.7,68.62379170749409,0.22202095755400286
OECD ENV-Growth 2023,SSP4,Antigua and Barbuda,GDP|PPP [per capita],USD_2017/yr,2040,ATG,35410.488596193885,35326.8,83.6885961938824,0.2368983213704111
OECD ENV-Growth 2023,SSP4,Antigua and Barbuda,GDP|PPP [per capita],USD_2017/yr,2045,ATG,40828.63708746937,40715.4,113.23708746936609,0.27811856808324636
OECD ENV-Growth 2023,SSP4,Antigua and Barbuda,GDP|PPP [per capita],USD_2017/yr,2050,ATG,46880.28667075298,46717.6,162.68667075298436,0.34823422169157736
OECD ENV-Growth 2023,SSP4,Antigua and Barbuda,GDP|PPP [per capita],USD_2017/yr,2055,ATG,53562.30196192061,53333.4,228.9019619206083,0.4291906421128379
OECD ENV-Growth 2023,SSP4,Antigua and Barbuda,GDP|PPP [per capita],USD_2017/yr,2060,ATG,60861.32819734064,60569.8,291.52819734063814,0.4813094930817637
OECD ENV-Growth 2023,SSP4,Antigua and Barbuda,GDP|PPP [per capita],USD_2017/yr,2065,ATG,68944.15413861822,68591.3,352.8541386182187,0.5144298746608078
OECD ENV-Growth 2023,SSP4,Antigua and Barbuda,GDP|PPP [per capita],USD_2017/yr,2070,ATG,77647.0427263108,77226.9,420.1427263108053,0.5440367622043684
OECD ENV-Growth 2023,SSP4,Antigua and Barbuda,GDP|PPP [per capita],USD_2017/yr,2075,ATG,87080.84063365258,86576.9,503.94063365258626,0.5820728550601677
OECD ENV-Growth 2023,SSP4,Antigua and Barbuda,GDP|PPP [per capita],USD_2017/yr,2080,ATG,97284.69083696372,96677.5,607.190836963724,0.6280580662136732
OECD ENV-Growth 2023,SSP4,Antigua and Barbuda,GDP|PPP [per capita],USD_2017/yr,2085,ATG,108315.89910791106,107593,722.8991079110565,0.6718830294824537
OECD ENV-Growth 2023,SSP4,Antigua and Barbuda,GDP|PPP [per capita],USD_2017/yr,2090,ATG,120277.041501761,119378,899.0415017610067,0.7531048449136413
OECD ENV-Growth 2023,SSP4,Antigua and Barbuda,GDP|PPP [per capita],USD_2017/yr,2095,ATG,133223.27316508113,132085,1138.273165081133,0.8617732256358654
OECD ENV-Growth 2023,SSP4,Antigua and Barbuda,GDP|PPP [per capita],USD_2017/yr,2100,ATG,147180.52365640792,145770,1410.5236564079241,0.9676364522246855
OECD ENV-Growth 2023,SSP4,Argentina,GDP|PPP [per capita],USD_2017/yr,2025,ARG,18715.047370141896,18665.3,49.74737014189668,0.2665232819290163
OECD ENV-Growth 2023,SSP4,Argentina,GDP|PPP [per capita],USD_2017/yr,2030,ARG,20569.331351777473,20497.7,71.63135177747245,0.3494604359390197
OECD ENV-Growth 2023,SSP4,Argentina,GDP|PPP [per capita],USD_2017/yr,2035,ARG,22307.898110354683,22214.1,93.79811035468447,0.42224582744601163
OECD ENV-Growth 2023,SSP4,Argentina,GDP|PPP [per capita],USD_2017/yr,2040,ARG,24410.467716228686,24287.3,123.16771622868691,0.5071280719910691
OECD ENV-Growth 2023,SSP4,Argentina,GDP|PPP [per capita],USD_2017/yr,2045,ARG,27083.785283245103,26915.6,168.18528324510407,0.6248617279388313
OECD ENV-Growth 2023,SSP4,Argentina,GDP|PPP [per capita],USD_2017/yr,2050,ARG,30303.465387643777,30078.4,225.06538764377547,0.7482624994806089
OECD ENV-Growth 2023,SSP4,Argentina,GDP|PPP [per capita],USD_2017/yr,2055,ARG,34052.13433604984,33758.7,293.434336049846,0.8692110064956472
OECD ENV-Growth 2023,SSP4,Argentina,GDP|PPP [per capita],USD_2017/yr,2060,ARG,38245.612163602134,37860.9,384.71216360213293,1.01611996440162
OECD ENV-Growth 2023,SSP4,Argentina,GDP|PPP [per capita],USD_2017/yr,2065,ARG,42891.86630152501,42402.5,489.3663015250131,1.1540977572667015
OECD ENV-Growth 2023,SSP4,Argentina,GDP|PPP [per capita],USD_2017/yr,2070,ARG,47948.784231838894,47345.1,603.6842318388954,1.2750722500087557
OECD ENV-Growth 2023,SSP4,Argentina,GDP|PPP [per capita],USD_2017/yr,2075,ARG,53389.42952336959,52652.3,737.1295233695855,1.3999949164036243
OECD ENV-Growth 2023,SSP4,Argentina,GDP|PPP [per capita],USD_2017/yr,2080,ARG,59247.94122067558,58353.6,894.341220675582,1.532623900968547
OECD ENV-Growth 2023,SSP4,Argentina,GDP|PPP [per capita],USD_2017/yr,2085,ARG,65582.35350891577,64504.1,1078.2535089157682,1.6716046094988817
OECD ENV-Growth 2023,SSP4,Argentina,GDP|PPP [per capita],USD_2017/yr,2090,ARG,72422.32930184252,71129.7,1292.6293018425204,1.8172849060835632
OECD ENV-Growth 2023,SSP4,Argentina,GDP|PPP [per capita],USD_2017/yr,2095,ARG,79754.25163957023,78211.3,1542.951639570223,1.9727988661104252
OECD ENV-Growth 2023,SSP4,Argentina,GDP|PPP [per capita],USD_2017/yr,2100,ARG,87535.58005717263,85707.3,1828.2800571726257,2.1331672531658628
OECD ENV-Growth 2023,SSP4,Aruba,GDP|PPP [per capita],USD_2017/yr,2025,ABW,42301.19485294118,42253.2,47.994852941184945,0.1135886819014535
OECD ENV-Growth 2023,SSP4,Aruba,GDP|PPP [per capita],USD_2017/yr,2030,ABW,43939.09714984006,43855,84.09714984006132,0.19176182838914907
OECD ENV-Growth 2023,SSP4,Aruba,GDP|PPP [per capita],USD_2017/yr,2035,ABW,46474.80814147481,46369,105.80814147480851,0.22818724034335117
OECD ENV-Growth 2023,SSP4,Aruba,GDP|PPP [per capita],USD_2017/yr,2040,ABW,49436.93114619221,49322.3,114.63114619220869,0.23241241019216194
OECD ENV-Growth 2023,SSP4,Aruba,GDP|PPP [per capita],USD_2017/yr,2045,ABW,52936.58438523457,52813.6,122.98438523457298,0.23286499165853677
OECD ENV-Growth 2023,SSP4,Aruba,GDP|PPP [per capita],USD_2017/yr,2050,ABW,56970.12918879926,56811.7,158.42918879926583,0.2788671854552246
OECD ENV-Growth 2023,SSP4,Aruba,GDP|PPP [per capita],USD_2017/yr,2055,ABW,61563.814361135366,61344.1,219.71436113536765,0.3581670627417594
OECD ENV-Growth 2023,SSP4,Aruba,GDP|PPP [per capita],USD_2017/yr,2060,ABW,66599.63522424355,66318.4,281.23522424355906,0.42406816847746487
OECD ENV-Growth 2023,SSP4,Aruba,GDP|PPP [per capita],USD_2017/yr,2065,ABW,72001.51463516225,71686.3,315.2146351622505,0.43971391348451583
OECD ENV-Growth 2023,SSP4,Aruba,GDP|PPP [per capita],USD_2017/yr,2070,ABW,77543.01814891378,77200.8,342.2181489137729,0.4432831640524099
OECD ENV-Growth 2023,SSP4,Aruba,GDP|PPP [per capita],USD_2017/yr,2075,ABW,83420.90193271295,83055.5,365.40193271294993,0.43994910958690264
OECD ENV-Growth 2023,SSP4,Aruba,GDP|PPP [per capita],USD_2017/yr,2080,ABW,89885.96718148068,89470.5,415.46718148067885,0.46436219925079086
OECD ENV-Growth 2023,SSP4,Aruba,GDP|PPP [per capita],USD_2017/yr,2085,ABW,97035.26959574352,96550.8,484.46959574351786,0.5017768840273906
OECD ENV-Growth 2023,SSP4,Aruba,GDP|PPP [per capita],USD_2017/yr,2090,ABW,104904.44268924127,104320,584.4426892412739,0.5602403079383377
OECD ENV-Growth 2023,SSP4,Aruba,GDP|PPP [per capita],USD_2017/yr,2095,ABW,113453.1750266809,112746,707.1750266808958,0.6272284840977913
OECD ENV-Growth 2023,SSP4,Aruba,GDP|PPP [per capita],USD_2017/yr,2100,ABW,122654.19448667942,121816,838.194486679422,0.6880824248698216
OECD ENV-Growth 2023,SSP4,Bahamas,GDP|PPP [per capita],USD_2017/yr,2025,BHS,36916.067792694135,36839.1,76.96779269413673,0.20892962285760708
OECD ENV-Growth 2023,SSP4,Bahamas,GDP|PPP [per capita],USD_2017/yr,2030,BHS,38917.180443378376,38814.6,102.58044337837782,0.26428313927846175
OECD ENV-Growth 2023,SSP4,Bahamas,GDP|PPP [per capita],USD_2017/yr,2035,BHS,41372.18598683655,41266.5,105.68598683655,0.2561060105328778
OECD ENV-Growth 2023,SSP4,Bahamas,GDP|PPP [per capita],USD_2017/yr,2040,BHS,44325.27466635689,44228.4,96.87466635688907,0.21903271734199986
OECD ENV-Growth 2023,SSP4,Bahamas,GDP|PPP [per capita],USD_2017/yr,2045,BHS,47921.90078099219,47818.9,103.00078099218808,0.2153976377377733
OECD ENV-Growth 2023,SSP4,Bahamas,GDP|PPP [per capita],USD_2017/yr,2050,BHS,51889.288807454446,51784.5,104.78880745444621,0.20235554549034213
OECD ENV-Growth 2023,SSP4,Bahamas,GDP|PPP [per capita],USD_2017/yr,2055,BHS,56176.47439744083,56082.5,93.97439744082658,0.16756456548981694
OECD ENV-Growth 2023,SSP4,Bahamas,GDP|PPP [per capita],USD_2017/yr,2060,BHS,60729.02530063396,60654.8,74.2253006339597,0.12237333341130413
OECD ENV-Growth 2023,SSP4,Bahrain,GDP|PPP [per capita],USD_2017/yr,2025,BHR,51588.04725538051,51425.2,162.84725538051134,0.31666820037746346
OECD ENV-Growth 2023,SSP4,Bahrain,GDP|PPP [per capita],USD_2017/yr,2030,BHR,55024.38740415973,54798.5,225.88740415973007,0.41221457550796115
OECD ENV-Growth 2023,SSP4,Bahrain,GDP|PPP [per capita],USD_2017/yr,2035,BHR,59270.671460976046,58990.6,280.0714609760471,0.47477303329012943
OECD ENV-Growth 2023,SSP4,Bahrain,GDP|PPP [per capita],USD_2017/yr,2040,BHR,62948.81994431541,62638.1,310.7199443154095,0.49605582595163256
OECD ENV-Growth 2023,SSP4,Bahrain,GDP|PPP [per capita],USD_2017/yr,2045,BHR,66559.23406877267,66219.9,339.3340687726741,0.5124351875685015
OECD ENV-Growth 2023,SSP4,Bahrain,GDP|PPP [per capita],USD_2017/yr,2050,BHR,70154.54131879719,69756.1,398.44131879718043,0.5711920804018292
OECD ENV-Growth 2023,SSP4,Bahrain,GDP|PPP [per capita],USD_2017/yr,2055,BHR,74302.10623057475,73815.3,486.8062305747444,0.6594923147027031
OECD ENV-Growth 2023,SSP4,Bahrain,GDP|PPP [per capita],USD_2017/yr,2060,BHR,79032.84211220157,78441.9,590.9421122015774,0.7533500746432422
OECD ENV-Growth 2023,SSP4,Bahrain,GDP|PPP [per capita],USD_2017/yr,2065,BHR,84436.12848053715,83735.6,700.5284805371484,0.8365957615842585
OECD ENV-Growth 2023,SSP4,Bahrain,GDP|PPP [per capita],USD_2017/yr,2070,BHR,89832.77723483193,89026.3,806.4772348319239,0.9058865018898055
OECD ENV-Growth 2023,SSP4,Bahrain,GDP|PPP [per capita],USD_2017/yr,2075,BHR,95367.15307787248,94453.3,913.8530778724817,0.9675184221964523
OECD ENV-Growth 2023,SSP4,Bahrain,GDP|PPP [per capita],USD_2017/yr,2080,BHR,101116.35721160434,100082,1034.357211604336,1.0335097336227652
OECD ENV-Growth 2023,SSP4,Bahrain,GDP|PPP [per capita],USD_2017/yr,2085,BHR,107157.29931691111,105992,1165.2993169111141,1.0994219534598026
OECD ENV-Growth 2023,SSP4,Bahrain,GDP|PPP [per capita],USD_2017/yr,2090,BHR,113644.6415369683,112342,1302.6415369682945,1.1595320868137424
OECD ENV-Growth 2023,SSP4,Bahrain,GDP|PPP [per capita],USD_2017/yr,2095,BHR,120687.36353176394,119241,1446.3635317639419,1.2129750100753447
OECD ENV-Growth 2023,SSP4,Bahrain,GDP|PPP [per capita],USD_2017/yr,2100,BHR,128316.58357922886,126738,1578.5835792288563,1.2455487535142231
OECD ENV-Growth 2023,SSP4,Bangladesh,GDP|PPP [per capita],USD_2017/yr,2025,BGD,7813.456030324527,7788.27,25.186030324526655,0.3233841446756039
OECD ENV-Growth 2023,SSP4,Bangladesh,GDP|PPP [per capita],USD_2017/yr,2030,BGD,10424.459407929196,10390.2,34.25940792919573,0.329728089249444
OECD ENV-Growth 2023,SSP4,Bangladesh,GDP|PPP [per capita],USD_2017/yr,2035,BGD,13101.460473810886,13058.3,43.1604738108872,0.3305213834181111
OECD ENV-Growth 2023,SSP4,Bangladesh,GDP|PPP [per capita],USD_2017/yr,2040,BGD,15475.644757416096,15420.4,55.244757416096036,0.3582576159898319
OECD ENV-Growth 2023,SSP4,Bangladesh,GDP|PPP [per capita],USD_2017/yr,2045,BGD,17668.811926571823,17592.5,76.31192657182328,0.4337753393310972
OECD ENV-Growth 2023,SSP4,Bangladesh,GDP|PPP [per capita],USD_2017/yr,2050,BGD,19879.08233813849,19775.9,103.18233813848929,0.5217579889587289
OECD ENV-Growth 2023,SSP4,Bangladesh,GDP|PPP [per capita],USD_2017/yr,2055,BGD,22176.037039665305,22047.4,128.63703966530375,0.5834567326093042
OECD ENV-Growth 2023,SSP4,Bangladesh,GDP|PPP [per capita],USD_2017/yr,2060,BGD,24595.717188570932,24444.4,151.31718857093074,0.6190259878374218
OECD ENV-Growth 2023,SSP4,Bangladesh,GDP|PPP [per capita],USD_2017/yr,2065,BGD,27217.057344534336,27041.1,175.9573445343376,0.6507033535408604
OECD ENV-Growth 2023,SSP4,Bangladesh,GDP|PPP [per capita],USD_2017/yr,2070,BGD,29956.987052447766,29751.2,205.78705244776575,0.6916932844650493
OECD ENV-Growth 2023,SSP4,Bangladesh,GDP|PPP [per capita],USD_2017/yr,2075,BGD,32838.74551773173,32596.8,241.94551773173225,0.7422370224430995
OECD ENV-Growth 2023,SSP4,Bangladesh,GDP|PPP [per capita],USD_2017/yr,2080,BGD,35759.209337309614,35477.7,281.50933730961697,0.7934824898728413
OECD ENV-Growth 2023,SSP4,Bangladesh,GDP|PPP [per capita],USD_2017/yr,2085,BGD,38708.10640833878,38385.6,322.50640833878424,0.8401755041963243
OECD ENV-Growth 2023,SSP4,Bangladesh,GDP|PPP [per capita],USD_2017/yr,2090,BGD,41755.77654067379,41390.2,365.5765406737919,0.8832441995298208
OECD ENV-Growth 2023,SSP4,Bangladesh,GDP|PPP [per capita],USD_2017/yr,2095,BGD,44968.22725092348,44556.6,411.6272509234841,0.9238300294984001
OECD ENV-Growth 2023,SSP4,Bangladesh,GDP|PPP [per capita],USD_2017/yr,2100,BGD,48332.482566720144,47873.3,459.18256672014104,0.9591621357210407
OECD ENV-Growth 2023,SSP4,Barbados,GDP|PPP [per capita],USD_2017/yr,2025,BRB,16785.786320642885,16756.9,28.88632064288322,0.1723846334517913
OECD ENV-Growth 2023,SSP4,Barbados,GDP|PPP [per capita],USD_2017/yr,2030,BRB,18444.519328987688,18397,47.51932898768791,0.25829933678147476
OECD ENV-Growth 2023,SSP4,Barbados,GDP|PPP [per capita],USD_2017/yr,2035,BRB,20625.634265507462,20569,56.63426550746226,0.2753379625040705
OECD ENV-Growth 2023,SSP4,Barbados,GDP|PPP [per capita],USD_2017/yr,2040,BRB,23706.71114122409,23641.6,65.1111412240898,0.27540919914087797
OECD ENV-Growth 2023,SSP4,Barbados,GDP|PPP [per capita],USD_2017/yr,2045,BRB,27607.469620785396,27526.5,80.96962078539582,0.2941515295638596
OECD ENV-Growth 2023,SSP4,Barbados,GDP|PPP [per capita],USD_2017/yr,2050,BRB,32015.919829798495,31903.6,112.31982979849636,0.3520600490179678
OECD ENV-Growth 2023,SSP4,Barbados,GDP|PPP [per capita],USD_2017/yr,2055,BRB,36785.95444742151,36621.2,164.75444742151012,0.44988817248345253
OECD ENV-Growth 2023,SSP4,Barbados,GDP|PPP [per capita],USD_2017/yr,2060,BRB,41841.06374114706,41617.4,223.66374114705832,0.5374284341334593
OECD ENV-Growth 2023,SSP4,Barbados,GDP|PPP [per capita],USD_2017/yr,2065,BRB,47199.99724222566,46928.7,271.2972422256644,0.5781051727954628
OECD ENV-Growth 2023,SSP4,Barbados,GDP|PPP [per capita],USD_2017/yr,2070,BRB,52814.34508381739,52509.1,305.24508381738997,0.5813184454073483
OECD ENV-Growth 2023,SSP4,Barbados,GDP|PPP [per capita],USD_2017/yr,2075,BRB,58793.38725650913,58446,347.38725650912966,0.5943730221214961
OECD ENV-Growth 2023,SSP4,Barbados,GDP|PPP [per capita],USD_2017/yr,2080,BRB,65165.85220640129,64760.1,405.7522064012883,0.626546602616871
OECD ENV-Growth 2023,SSP4,Barbados,GDP|PPP [per capita],USD_2017/yr,2085,BRB,71969.7546538305,71485.1,484.6546538304974,0.6779799620207531
OECD ENV-Growth 2023,SSP4,Barbados,GDP|PPP [per capita],USD_2017/yr,2090,BRB,79167.6218797283,78581.1,586.5218797283014,0.7463905184940162
OECD ENV-Growth 2023,SSP4,Barbados,GDP|PPP [per capita],USD_2017/yr,2095,BRB,86789.63562753037,86071.6,718.0356275303639,0.8342306028125002
OECD ENV-Growth 2023,SSP4,Barbados,GDP|PPP [per capita],USD_2017/yr,2100,BRB,94910.05880770266,94039.3,870.7588077026594,0.9259520303773628
OECD ENV-Growth 2023,SSP4,Belize,GDP|PPP [per capita],USD_2017/yr,2025,BLZ,10241.549996932848,10190.8,50.74999693284917,0.4979981643526433
OECD ENV-Growth 2023,SSP4,Belize,GDP|PPP [per capita],USD_2017/yr,2030,BLZ,10855.616373207558,10789.1,66.51637320755799,0.6165145675501941
OECD ENV-Growth 2023,SSP4,Belize,GDP|PPP [per capita],USD_2017/yr,2035,BLZ,12142.342848077322,12064.9,77.4428480773222,0.6418855363684921
OECD ENV-Growth 2023,SSP4,Belize,GDP|PPP [per capita],USD_2017/yr,2040,BLZ,14037.757362647451,13945.4,92.35736264745174,0.6622783329804218
OECD ENV-Growth 2023,SSP4,Belize,GDP|PPP [per capita],USD_2017/yr,2045,BLZ,16596.195615685723,16477,119.19561568572317,0.723406055020472
OECD ENV-Growth 2023,SSP4,Belize,GDP|PPP [per capita],USD_2017/yr,2050,BLZ,19728.360479994462,19568.5,159.86047999446237,0.8169276132276995
OECD ENV-Growth 2023,SSP4,Belize,GDP|PPP [per capita],USD_2017/yr,2055,BLZ,23405.293066304726,23196.8,208.4930663047271,0.8988009824834766
OECD ENV-Growth 2023,SSP4,Belize,GDP|PPP [per capita],USD_2017/yr,2060,BLZ,27643.66767903447,27379.6,264.06767903447326,0.9644687250159727
OECD ENV-Growth 2023,SSP4,Belize,GDP|PPP [per capita],USD_2017/yr,2065,BLZ,32532.902931956534,32207.9,325.00293195653285,1.0090783067400633
OECD ENV-Growth 2023,SSP4,Belize,GDP|PPP [per capita],USD_2017/yr,2070,BLZ,38038.18689204746,37645.8,392.38689204745606,1.0423125343264217
OECD ENV-Growth 2023,SSP4,Belize,GDP|PPP [per capita],USD_2017/yr,2075,BLZ,44188.27165378688,43713.8,474.4716537868735,1.0854047321140543
OECD ENV-Growth 2023,SSP4,Belize,GDP|PPP [per capita],USD_2017/yr,2080,BLZ,50899.02307562741,50324.9,574.123075627409,1.1408330183018922
OECD ENV-Growth 2023,SSP4,Belize,GDP|PPP [per capita],USD_2017/yr,2085,BLZ,58146.818833766825,57457.4,689.4188337668238,1.1998782293783286
OECD ENV-Growth 2023,SSP4,Belize,GDP|PPP [per capita],USD_2017/yr,2090,BLZ,65933.47798148611,65112.7,820.7779814861133,1.2605497567849488
OECD ENV-Growth 2023,SSP4,Belize,GDP|PPP [per capita],USD_2017/yr,2095,BLZ,74309.4763845076,73340.4,969.0763845075999,1.3213404678834584
OECD ENV-Growth 2023,SSP4,Belize,GDP|PPP [per capita],USD_2017/yr,2100,BLZ,83345.97296240983,82208.4,1137.5729624098312,1.3837673065159173
OECD ENV-Growth 2023,SSP4,Benin,GDP|PPP [per capita],USD_2017/yr,2025,BEN,3816.525169187856,3786.71,29.8151691878561,0.7873634154148614
OECD ENV-Growth 2023,SSP4,Benin,GDP|PPP [per capita],USD_2017/yr,2030,BEN,4494.933857468485,4459.37,35.56385746848537,0.7975085599195708
OECD ENV-Growth 2023,SSP4,Benin,GDP|PPP [per capita],USD_2017/yr,2035,BEN,5343.101900825931,5302.76,40.34190082593068,0.7607717646269241
OECD ENV-Growth 2023,SSP4,Benin,GDP|PPP [per capita],USD_2017/yr,2040,BEN,6149.60897012832,6104.33,45.27897012832,0.741751676733073
OECD ENV-Growth 2023,SSP4,Benin,GDP|PPP [per capita],USD_2017/yr,2045,BEN,6980.325919340453,6924.89,55.43591934045253,0.8005314068592068
OECD ENV-Growth 2023,SSP4,Benin,GDP|PPP [per capita],USD_2017/yr,2050,BEN,7896.516165241719,7823.29,73.22616524171917,0.9360021837579736
OECD ENV-Growth 2023,SSP4,Benin,GDP|PPP [per capita],USD_2017/yr,2055,BEN,8944.960430723408,8851.98,92.98043072340806,1.0503913330510017
OECD ENV-Growth 2023,SSP4,Benin,GDP|PPP [per capita],USD_2017/yr,2060,BEN,10142.610541301452,10033.5,109.11054130145203,1.087462413927862
OECD ENV-Growth 2023,SSP4,Benin,GDP|PPP [per capita],USD_2017/yr,2065,BEN,11508.271868592066,11384.7,123.57186859206558,1.0854205081562587
OECD ENV-Growth 2023,SSP4,Benin,GDP|PPP [per capita],USD_2017/yr,2070,BEN,13092.141027127089,12950.3,141.84102712708955,1.0952721336732705
OECD ENV-Growth 2023,SSP4,Benin,GDP|PPP [per capita],USD_2017/yr,2075,BEN,14921.086569440386,14754,167.08656944038557,1.1324831872060837
OECD ENV-Growth 2023,SSP4,Benin,GDP|PPP [per capita],USD_2017/yr,2080,BEN,17064.066730305534,16864.8,199.26673030553502,1.1815540670837188
OECD ENV-Growth 2023,SSP4,Benin,GDP|PPP [per capita],USD_2017/yr,2085,BEN,19519.06696721204,19284,235.06696721203843,1.2189741091684216
OECD ENV-Growth 2023,SSP4,Benin,GDP|PPP [per capita],USD_2017/yr,2090,BEN,22344.761712516596,22072.1,272.6617125165976,1.2353229303808773
OECD ENV-Growth 2023,SSP4,Benin,GDP|PPP [per capita],USD_2017/yr,2095,BEN,25518.4105339854,25206.4,312.01053398539807,1.237822671961875
OECD ENV-Growth 2023,SSP4,Benin,GDP|PPP [per capita],USD_2017/yr,2100,BEN,29057.138216888095,28701.8,355.3382168880962,1.2380346071957027
OECD ENV-Growth 2023,SSP4,Bhutan,GDP|PPP [per capita],USD_2017/yr,2025,BTN,12103.218576385409,12070.7,32.51857638540787,0.2694009161474303
OECD ENV-Growth 2023,SSP4,Bhutan,GDP|PPP [per capita],USD_2017/yr,2030,BTN,14141.00363703219,14102.2,38.80363703218973,0.27516016672710447
OECD ENV-Growth 2023,SSP4,Bhutan,GDP|PPP [per capita],USD_2017/yr,2035,BTN,15951.35221260503,15908.4,42.95221260503058,0.26999706196116885
OECD ENV-Growth 2023,SSP4,Bhutan,GDP|PPP [per capita],USD_2017/yr,2040,BTN,17553.49853861548,17506.1,47.39853861548181,0.2707544148352964
OECD ENV-Growth 2023,SSP4,Bhutan,GDP|PPP [per capita],USD_2017/yr,2045,BTN,19108.547797412095,19048.9,59.647797412093496,0.3131298784291665
OECD ENV-Growth 2023,SSP4,Bhutan,GDP|PPP [per capita],USD_2017/yr,2050,BTN,20796.997130783708,20714.7,82.29713078370696,0.397288547667632
OECD ENV-Growth 2023,SSP4,Bhutan,GDP|PPP [per capita],USD_2017/yr,2055,BTN,22720.609565492665,22607.5,113.10956549266484,0.5003187680754831
OECD ENV-Growth 2023,SSP4,Bhutan,GDP|PPP [per capita],USD_2017/yr,2060,BTN,24823.704520396914,24680.8,142.90452039691445,0.5790108926652071
OECD ENV-Growth 2023,SSP4,Bhutan,GDP|PPP [per capita],USD_2017/yr,2065,BTN,27118.067671380097,26948.5,169.56767138009673,0.6292286078263974
OECD ENV-Growth 2023,SSP4,Bhutan,GDP|PPP [per capita],USD_2017/yr,2070,BTN,29491.87101048353,29292.8,199.0710104835307,0.6795902422558809
OECD ENV-Growth 2023,SSP4,Bhutan,GDP|PPP [per capita],USD_2017/yr,2075,BTN,31974.609277361946,31735.5,239.10927736194571,0.7534441787964448
OECD ENV-Growth 2023,SSP4,Bhutan,GDP|PPP [per capita],USD_2017/yr,2080,BTN,34563.99909296636,34274.4,289.59909296636033,0.844942852293141
OECD ENV-Growth 2023,SSP4,Bhutan,GDP|PPP [per capita],USD_2017/yr,2085,BTN,37219.29382033862,36873.4,345.89382033862057,0.9380578420721186
OECD ENV-Growth 2023,SSP4,Bhutan,GDP|PPP [per capita],USD_2017/yr,2090,BTN,39984.40845061976,39578.3,406.1084506197585,1.0260886663140116
OECD ENV-Growth 2023,SSP4,Bhutan,GDP|PPP [per capita],USD_2017/yr,2095,BTN,42892.73648134137,42421.6,471.13648134137475,1.1106051665693295
OECD ENV-Growth 2023,SSP4,Bhutan,GDP|PPP [per capita],USD_2017/yr,2100,BTN,45998.41766283857,45453.5,544.9176628385685,1.19884643171278
OECD ENV-Growth 2023,SSP4,Bolivia,GDP|PPP [per capita],USD_2017/yr,2025,BOL,8438.451459292519,8391.16,47.291459292518994,0.5635866708836322
OECD ENV-Growth 2023,SSP4,Bolivia,GDP|PPP [per capita],USD_2017/yr,2030,BOL,8806.955793434818,8743.88,63.07579343481848,0.7213707580023798
OECD ENV-Growth 2023,SSP4,Bolivia,GDP|PPP [per capita],USD_2017/yr,2035,BOL,9438.355514672296,9365.54,72.81551467229474,0.7774833557092782
OECD ENV-Growth 2023,SSP4,Bolivia,GDP|PPP [per capita],USD_2017/yr,2040,BOL,10382.161557014226,10298.9,83.26155701422613,0.8084509706301267
OECD ENV-Growth 2023,SSP4,Bolivia,GDP|PPP [per capita],USD_2017/yr,2045,BOL,11540.686639970048,11441,99.68663997004842,0.8713105495153257
OECD ENV-Growth 2023,SSP4,Bolivia,GDP|PPP [per capita],USD_2017/yr,2050,BOL,12956.672683785926,12834,122.67268378592598,0.9558413883896367
OECD ENV-Growth 2023,SSP4,Bolivia,GDP|PPP [per capita],USD_2017/yr,2055,BOL,14627.877913624605,14474.6,153.27791362460448,1.0589440373109065
OECD ENV-Growth 2023,SSP4,Bolivia,GDP|PPP [per capita],USD_2017/yr,2060,BOL,16488.793018677257,16298.7,190.09301867725662,1.1663078569288141
OECD ENV-Growth 2023,SSP4,Bolivia,GDP|PPP [per capita],USD_2017/yr,2065,BOL,18509.34076831048,18282.7,226.64076831048078,1.2396460496014308
OECD ENV-Growth 2023,SSP4,Bolivia,GDP|PPP [per capita],USD_2017/yr,2070,BOL,20665.771559534413,20403.2,262.5715595344118,1.2869136191107855
OECD ENV-Growth 2023,SSP4,Bolivia,GDP|PPP [per capita],USD_2017/yr,2075,BOL,23009.1087153146,22705.6,303.50871531460143,1.3367130369362688
OECD ENV-Growth 2023,SSP4,Bolivia,GDP|PPP [per capita],USD_2017/yr,2080,BOL,25608.503617348833,25254,354.50361734883336,1.4037523455643992
OECD ENV-Growth 2023,SSP4,Bolivia,GDP|PPP [per capita],USD_2017/yr,2085,BOL,28492.078785873025,28074.2,417.87878587302475,1.4884797638865033
OECD ENV-Growth 2023,SSP4,Bolivia,GDP|PPP [per capita],USD_2017/yr,2090,BOL,31660.211863823595,31167.8,492.4118638235959,1.579873663921085
OECD ENV-Growth 2023,SSP4,Bolivia,GDP|PPP [per capita],USD_2017/yr,2095,BOL,35084.777890484045,34512.7,572.0778904840481,1.6575865999589952
OECD ENV-Growth 2023,SSP4,Bolivia,GDP|PPP [per capita],USD_2017/yr,2100,BOL,38782.31938199494,38133,649.3193819949374,1.7027755015208281
OECD ENV-Growth 2023,SSP4,Botswana,GDP|PPP [per capita],USD_2017/yr,2030,BWA,19169.00667500188,19110.9,58.10667500187992,0.3040499139333046
OECD ENV-Growth 2023,SSP4,Botswana,GDP|PPP [per capita],USD_2017/yr,2035,BWA,21555.026579648777,21456.6,98.42657964877799,0.4587240273332121
OECD ENV-Growth 2023,SSP4,Botswana,GDP|PPP [per capita],USD_2017/yr,2040,BWA,23827.056602216715,23693.7,133.35660221671424,0.5628356998557179
OECD ENV-Growth 2023,SSP4,Botswana,GDP|PPP [per capita],USD_2017/yr,2045,BWA,26262.648203142784,26084.2,178.4482031427833,0.6841237344552769
OECD ENV-Growth 2023,SSP4,Botswana,GDP|PPP [per capita],USD_2017/yr,2050,BWA,29019.800114830265,28775.7,244.10011483026392,0.8482855841222418
OECD ENV-Growth 2023,SSP4,Botswana,GDP|PPP [per capita],USD_2017/yr,2055,BWA,32149.90465406252,31828,321.9046540625204,1.011388255820411
OECD ENV-Growth 2023,SSP4,Botswana,GDP|PPP [per capita],USD_2017/yr,2060,BWA,35525.63201742932,35126.2,399.43201742932433,1.137134154646174
OECD ENV-Growth 2023,SSP4,Botswana,GDP|PPP [per capita],USD_2017/yr,2065,BWA,39084.67349649785,38610,474.6734964978532,1.2294055853350252
OECD ENV-Growth 2023,SSP4,Botswana,GDP|PPP [per capita],USD_2017/yr,2070,BWA,42839.553369614376,42287.2,552.3533696143786,1.3061951834464771
OECD ENV-Growth 2023,SSP4,Botswana,GDP|PPP [per capita],USD_2017/yr,2075,BWA,46909.74020767605,46268.3,641.4402076760452,1.3863492016694912
OECD ENV-Growth 2023,SSP4,Botswana,GDP|PPP [per capita],USD_2017/yr,2080,BWA,51411.38901544925,50666.3,745.0890154492445,1.470581067591761
OECD ENV-Growth 2023,SSP4,Botswana,GDP|PPP [per capita],USD_2017/yr,2085,BWA,56311.16729342221,55453.2,857.9672934222108,1.547191674100342
OECD ENV-Growth 2023,SSP4,Botswana,GDP|PPP [per capita],USD_2017/yr,2090,BWA,61651.41769539646,60679.8,971.6176953964605,1.6012209918234082
OECD ENV-Growth 2023,SSP4,Botswana,GDP|PPP [per capita],USD_2017/yr,2095,BWA,67337.06454055394,66256.3,1080.764540553937,1.6311875860166307
OECD ENV-Growth 2023,SSP4,Botswana,GDP|PPP [per capita],USD_2017/yr,2100,BWA,73450.39375152368,72263.7,1186.6937515236787,1.6421713135691622
OECD ENV-Growth 2023,SSP4,Brazil,GDP|PPP [per capita],USD_2017/yr,2025,BRA,15674.045386842614,15632.1,41.945386842613516,0.268328547300833
OECD ENV-Growth 2023,SSP4,Brazil,GDP|PPP [per capita],USD_2017/yr,2030,BRA,16611.40650122171,16556.6,54.8065012217121,0.3310250970713317
OECD ENV-Growth 2023,SSP4,Brazil,GDP|PPP [per capita],USD_2017/yr,2035,BRA,18532.205211959725,18481.8,50.40521195972542,0.2727289114681764
OECD ENV-Growth 2023,SSP4,Brazil,GDP|PPP [per capita],USD_2017/yr,2040,BRA,21303.214911836953,21258.7,44.514911836951796,0.2093962087848824
OECD ENV-Growth 2023,SSP4,Brazil,GDP|PPP [per capita],USD_2017/yr,2045,BRA,25009.589297576145,24949.9,59.68929757614387,0.23923662049204153
OECD ENV-Growth 2023,SSP4,Brazil,GDP|PPP [per capita],USD_2017/yr,2050,BRA,29507.38410508244,29433.2,74.18410508244051,0.2520422688747418
OECD ENV-Growth 2023,SSP4,Brazil,GDP|PPP [per capita],USD_2017/yr,2055,BRA,34732.16974979553,34629.4,102.76974979553052,0.2967702293297906
OECD ENV-Growth 2023,SSP4,Brazil,GDP|PPP [per capita],USD_2017/yr,2060,BRA,40537.79269713015,40401.4,136.392697130148,0.3375939871641775
OECD ENV-Growth 2023,SSP4,Brazil,GDP|PPP [per capita],USD_2017/yr,2065,BRA,46961.87447520383,46805,156.87447520383284,0.335166061753729
OECD ENV-Growth 2023,SSP4,Brazil,GDP|PPP [per capita],USD_2017/yr,2070,BRA,53908.33498105679,53744.4,163.93498105678736,0.30502709316093835
OECD ENV-Growth 2023,SSP4,Brazil,GDP|PPP [per capita],USD_2017/yr,2075,BRA,61460.6911613044,61281.8,178.89116130439652,0.2919156442930797
OECD ENV-Growth 2023,SSP4,Brazil,GDP|PPP [per capita],USD_2017/yr,2080,BRA,69569.12682408564,69352.3,216.82682408564142,0.3126454697041647
OECD ENV-Growth 2023,SSP4,Brazil,GDP|PPP [per capita],USD_2017/yr,2085,BRA,78225.50975141497,77948.2,277.3097514149704,0.35576158450736567
OECD ENV-Growth 2023,SSP4,Brazil,GDP|PPP [per capita],USD_2017/yr,2090,BRA,87364.69675441025,87023.7,340.99675441025465,0.39184354883813793
OECD ENV-Growth 2023,SSP4,Brazil,GDP|PPP [per capita],USD_2017/yr,2095,BRA,96924.72732337756,96553.7,371.02732337756606,0.3842704353924977
OECD ENV-Growth 2023,SSP4,Brazil,GDP|PPP [per capita],USD_2017/yr,2100,BRA,106902.7916008998,106547,355.79160089979996,0.3339292527239622
OECD ENV-Growth 2023,SSP4,Brunei Darussalam,GDP|PPP [per capita],USD_2017/yr,2025,BRN,60299.41767855943,60125.6,173.81767855943326,0.28909096717443694
OECD ENV-Growth 2023,SSP4,Brunei Darussalam,GDP|PPP [per capita],USD_2017/yr,2030,BRN,67221.4533158741,66993.1,228.35331587409019,0.3408609481783798
OECD ENV-Growth 2023,SSP4,Brunei Darussalam,GDP|PPP [per capita],USD_2017/yr,2035,BRN,72980.78128388744,72726.7,254.0812838874408,0.34936451659079926
OECD ENV-Growth 2023,SSP4,Brunei Darussalam,GDP|PPP [per capita],USD_2017/yr,2040,BRN,76179.76881385212,75917.2,262.5688138521218,0.3458620890287337
OECD ENV-Growth 2023,SSP4,Brunei Darussalam,GDP|PPP [per capita],USD_2017/yr,2045,BRN,77869.53423158725,77598.3,271.234231587252,0.3495363063201797
OECD ENV-Growth 2023,SSP4,Brunei Darussalam,GDP|PPP [per capita],USD_2017/yr,2050,BRN,78956.96472598825,78650.9,306.0647259882535,0.38914332320196404
OECD ENV-Growth 2023,SSP4,Brunei Darussalam,GDP|PPP [per capita],USD_2017/yr,2055,BRN,80095.281927531,79708,387.281927531003,0.4858758562892094
OECD ENV-Growth 2023,SSP4,Brunei Darussalam,GDP|PPP [per capita],USD_2017/yr,2060,BRN,81377.60262267636,80913.9,463.7026226763701,0.5730815381243151
OECD ENV-Growth 2023,SSP4,Brunei Darussalam,GDP|PPP [per capita],USD_2017/yr,2065,BRN,82948.337073297,82450.1,498.2370732970012,0.6042892286328351
OECD ENV-Growth 2023,SSP4,Brunei Darussalam,GDP|PPP [per capita],USD_2017/yr,2070,BRN,84406.23824678753,83900.2,506.03824678753153,0.6031430756869847
OECD ENV-Growth 2023,SSP4,Brunei Darussalam,GDP|PPP [per capita],USD_2017/yr,2075,BRN,86092.27427903455,85576.9,515.3742790345568,0.6022352749802304
OECD ENV-Growth 2023,SSP4,Brunei Darussalam,GDP|PPP [per capita],USD_2017/yr,2080,BRN,88052.84469712463,87505,547.8446971246303,0.6260724497167366
OECD ENV-Growth 2023,SSP4,Brunei Darussalam,GDP|PPP [per capita],USD_2017/yr,2085,BRN,90373.3734557001,89768.5,604.8734557001007,0.6738148188953818
OECD ENV-Growth 2023,SSP4,Brunei Darussalam,GDP|PPP [per capita],USD_2017/yr,2090,BRN,93106.3644441901,92428.5,677.8644441900979,0.7333933193658859
OECD ENV-Growth 2023,SSP4,Brunei Darussalam,GDP|PPP [per capita],USD_2017/yr,2095,BRN,96257.24506536424,95497.8,759.4450653642416,0.7952487548029814
OECD ENV-Growth 2023,SSP4,Brunei Darussalam,GDP|PPP [per capita],USD_2017/yr,2100,BRN,99830.11399351034,98985.6,844.5139935103361,0.8531685351307019
OECD ENV-Growth 2023,SSP4,Burkina Faso,GDP|PPP [per capita],USD_2017/yr,2025,BFA,2391.6782965378,2374.72,16.95829653780038,0.7141177291554534
OECD ENV-Growth 2023,SSP4,Burkina Faso,GDP|PPP [per capita],USD_2017/yr,2030,BFA,2777.14449274301,2758.52,18.624492743009796,0.675162505365551
OECD ENV-Growth 2023,SSP4,Burkina Faso,GDP|PPP [per capita],USD_2017/yr,2035,BFA,3328.360452951863,3308.21,20.150452951862917,0.6091044084826209
OECD ENV-Growth 2023,SSP4,Burkina Faso,GDP|PPP [per capita],USD_2017/yr,2040,BFA,3829.4464464335033,3807.49,21.956446433503515,0.5766645856851499
OECD ENV-Growth 2023,SSP4,Burkina Faso,GDP|PPP [per capita],USD_2017/yr,2045,BFA,4312.985349460444,4286.57,26.415349460444304,0.6162351124662447
OECD ENV-Growth 2023,SSP4,Burkina Faso,GDP|PPP [per capita],USD_2017/yr,2050,BFA,4817.212184091887,4783.52,33.6921840918867,0.7043387315593266
OECD ENV-Growth 2023,SSP4,Burkina Faso,GDP|PPP [per capita],USD_2017/yr,2055,BFA,5372.423252001774,5331.06,41.36325200177362,0.7758916988698986
OECD ENV-Growth 2023,SSP4,Burkina Faso,GDP|PPP [per capita],USD_2017/yr,2060,BFA,5955.110215454453,5907.53,47.58021545445354,0.805416399992104
OECD ENV-Growth 2023,SSP4,Burkina Faso,GDP|PPP [per capita],USD_2017/yr,2065,BFA,6568.129603842801,6515.4,52.729603842801225,0.809307238892489
OECD ENV-Growth 2023,SSP4,Burkina Faso,GDP|PPP [per capita],USD_2017/yr,2070,BFA,7188.719832399438,7130.8,57.91983239943784,0.812248729447437
OECD ENV-Growth 2023,SSP4,Burkina Faso,GDP|PPP [per capita],USD_2017/yr,2075,BFA,7836.535786639354,7772.14,64.3957866393539,0.8285464060008428
OECD ENV-Growth 2023,SSP4,Burkina Faso,GDP|PPP [per capita],USD_2017/yr,2080,BFA,8514.884455935984,8443.01,71.87445593598386,0.8512894801259724
OECD ENV-Growth 2023,SSP4,Burkina Faso,GDP|PPP [per capita],USD_2017/yr,2085,BFA,9238.621727715512,9159.07,79.55172771551224,0.8685568263536827
OECD ENV-Growth 2023,SSP4,Burkina Faso,GDP|PPP [per capita],USD_2017/yr,2090,BFA,10012.582205079929,9925.63,86.95220507992963,0.8760371390020547
OECD ENV-Growth 2023,SSP4,Burkina Faso,GDP|PPP [per capita],USD_2017/yr,2095,BFA,10818.70564593987,10724.7,94.00564593986928,0.8765340376874811
OECD ENV-Growth 2023,SSP4,Burkina Faso,GDP|PPP [per capita],USD_2017/yr,2100,BFA,11634.258838289805,11533.5,100.75883828980477,0.8736189213144733
OECD ENV-Growth 2023,SSP4,Burundi,GDP|PPP [per capita],USD_2017/yr,2025,BDI,774.4952373124311,769.561,4.934237312431037,0.641175593933559
OECD ENV-Growth 2023,SSP4,Burundi,GDP|PPP [per capita],USD_2017/yr,2030,BDI,900.038412860394,895.418,4.620412860394026,0.5160062518727595
OECD ENV-Growth 2023,SSP4,Burundi,GDP|PPP [per capita],USD_2017/yr,2035,BDI,1041.0455015702676,1036.92,4.125501570267488,0.3978611243169664
OECD ENV-Growth 2023,SSP4,Burundi,GDP|PPP [per capita],USD_2017/yr,2040,BDI,1174.1401419662895,1170.54,3.600141966289584,0.30756248964491467
OECD ENV-Growth 2023,SSP4,Burundi,GDP|PPP [per capita],USD_2017/yr,2045,BDI,1296.6280414316948,1293.09,3.5380414316948645,0.2736113829427855
OECD ENV-Growth 2023,SSP4,Burundi,GDP|PPP [per capita],USD_2017/yr,2050,BDI,1422.6253140166918,1418.85,3.7753140166919366,0.2660826737633955
OECD ENV-Growth 2023,SSP4,Burundi,GDP|PPP [per capita],USD_2017/yr,2055,BDI,1560.1438337280956,1556.66,3.483833728095533,0.22380184035663106
OECD ENV-Growth 2023,SSP4,Burundi,GDP|PPP [per capita],USD_2017/yr,2060,BDI,1703.9184098140847,1701.62,2.2984098140848346,0.13507186176025404
OECD ENV-Growth 2023,SSP4,Cabo Verde,GDP|PPP [per capita],USD_2017/yr,2025,CPV,8393.609761311594,8359.11,34.49976131159383,0.41272050866173343
OECD ENV-Growth 2023,SSP4,Cabo Verde,GDP|PPP [per capita],USD_2017/yr,2030,CPV,10076.706704589098,10026.6,50.10670458909772,0.499737743493285
OECD ENV-Growth 2023,SSP4,Cabo Verde,GDP|PPP [per capita],USD_2017/yr,2035,CPV,11761.737346882925,11698.1,63.63734688292425,0.5439972891574208
OECD ENV-Growth 2023,SSP4,Cabo Verde,GDP|PPP [per capita],USD_2017/yr,2040,CPV,13186.367423000003,13110,76.36742300000333,0.5825127612509788
OECD ENV-Growth 2023,SSP4,Cabo Verde,GDP|PPP [per capita],USD_2017/yr,2045,CPV,14462.385709746884,14369.8,92.58570974688519,0.644307573848524
OECD ENV-Growth 2023,SSP4,Cabo Verde,GDP|PPP [per capita],USD_2017/yr,2050,CPV,15700.858634228453,15584.9,115.95863422845287,0.7440447755741317
OECD ENV-Growth 2023,SSP4,Cabo Verde,GDP|PPP [per capita],USD_2017/yr,2055,CPV,17017.214388989774,16875.4,141.81438898977285,0.8403616447004091
OECD ENV-Growth 2023,SSP4,Cabo Verde,GDP|PPP [per capita],USD_2017/yr,2060,CPV,18426.639023847296,18261.1,165.53902384729736,0.9065117865150367
OECD ENV-Growth 2023,SSP4,Cabo Verde,GDP|PPP [per capita],USD_2017/yr,2065,CPV,20015.03052577629,19825,190.0305257762884,0.9585398525916188
OECD ENV-Growth 2023,SSP4,Cabo Verde,GDP|PPP [per capita],USD_2017/yr,2070,CPV,21737.6851530625,21520,217.685153062499,1.0115481090264824
OECD ENV-Growth 2023,SSP4,Cabo Verde,GDP|PPP [per capita],USD_2017/yr,2075,CPV,23582.16843204048,23332.1,250.06843204047982,1.0717785027514877
OECD ENV-Growth 2023,SSP4,Cabo Verde,GDP|PPP [per capita],USD_2017/yr,2080,CPV,25501.920293705873,25213.5,288.4202937058726,1.143912164934946
OECD ENV-Growth 2023,SSP4,Cabo Verde,GDP|PPP [per capita],USD_2017/yr,2085,CPV,27518.076517157304,27189.2,328.87651715730317,1.2095851189343678
OECD ENV-Growth 2023,SSP4,Cabo Verde,GDP|PPP [per capita],USD_2017/yr,2090,CPV,29661.223685772544,29287.7,373.5236857725431,1.2753602562596007
OECD ENV-Growth 2023,SSP4,Cabo Verde,GDP|PPP [per capita],USD_2017/yr,2095,CPV,31976.23148109723,31551.8,424.4314810972319,1.3451894379947638
OECD ENV-Growth 2023,SSP4,Cabo Verde,GDP|PPP [per capita],USD_2017/yr,2100,CPV,34485.10513492724,34004.7,480.4051349272413,1.4127609857673833
OECD ENV-Growth 2023,SSP4,Cambodia,GDP|PPP [per capita],USD_2017/yr,2025,KHM,5241.763271653302,5222.61,19.153271653302,0.36673754412644255
OECD ENV-Growth 2023,SSP4,Cambodia,GDP|PPP [per capita],USD_2017/yr,2030,KHM,6726.306864088406,6702.49,23.816864088405964,0.3553435229057554
OECD ENV-Growth 2023,SSP4,Cambodia,GDP|PPP [per capita],USD_2017/yr,2035,KHM,8422.276724317459,8393.17,29.10672431745843,0.34679059660960554
OECD ENV-Growth 2023,SSP4,Cambodia,GDP|PPP [per capita],USD_2017/yr,2040,KHM,10224.199265293117,10187.5,36.699265293116696,0.36023818692629883
OECD ENV-Growth 2023,SSP4,Cambodia,GDP|PPP [per capita],USD_2017/yr,2045,KHM,12218.080273090423,12165.2,52.880273090422634,0.4346847819223903
OECD ENV-Growth 2023,SSP4,Cambodia,GDP|PPP [per capita],USD_2017/yr,2050,KHM,14518.661407597812,14441.7,76.96140759781156,0.5329109979975457
OECD ENV-Growth 2023,SSP4,Cambodia,GDP|PPP [per capita],USD_2017/yr,2055,KHM,17125.384411078558,17024.6,100.78441107855906,0.5919928284867725
OECD ENV-Growth 2023,SSP4,Cambodia,GDP|PPP [per capita],USD_2017/yr,2060,KHM,20166.44396158988,20043.2,123.2439615898802,0.6148916420026752
OECD ENV-Growth 2023,SSP4,Cambodia,GDP|PPP [per capita],USD_2017/yr,2065,KHM,23637.051220876496,23487.4,149.65122087649434,0.637155329566041
OECD ENV-Growth 2023,SSP4,Cambodia,GDP|PPP [per capita],USD_2017/yr,2070,KHM,27456.631953841883,27270.6,186.0319538418844,0.6821703733760328
OECD ENV-Growth 2023,SSP4,Cambodia,GDP|PPP [per capita],USD_2017/yr,2075,KHM,31646.619590925307,31414.8,231.81959092530815,0.7379311373152404
OECD ENV-Growth 2023,SSP4,Cambodia,GDP|PPP [per capita],USD_2017/yr,2080,KHM,36193.07196476616,35910.9,282.17196476615936,0.7857557587422185
OECD ENV-Growth 2023,SSP4,Cambodia,GDP|PPP [per capita],USD_2017/yr,2085,KHM,41110.16395562956,40773.9,336.2639556295617,0.8247039297922486
OECD ENV-Growth 2023,SSP4,Cambodia,GDP|PPP [per capita],USD_2017/yr,2090,KHM,46449.84199672352,46051.3,398.5419967235139,0.8654305019044279
OECD ENV-Growth 2023,SSP4,Cambodia,GDP|PPP [per capita],USD_2017/yr,2095,KHM,52298.190614743864,51825.5,472.690614743864,0.9120811468174238
OECD ENV-Growth 2023,SSP4,Cambodia,GDP|PPP [per capita],USD_2017/yr,2100,KHM,58712.59934476889,58159.1,553.4993447688903,0.9516986073871334
OECD ENV-Growth 2023,SSP4,Cameroon,GDP|PPP [per capita],USD_2017/yr,2025,CMR,4000.0814180045927,3986.75,13.331418004592706,0.33439312734916177
OECD ENV-Growth 2023,SSP4,Cameroon,GDP|PPP [per capita],USD_2017/yr,2030,CMR,4496.33392739704,4475.93,20.403927397039297,0.455858947683259
OECD ENV-Growth 2023,SSP4,Cameroon,GDP|PPP [per capita],USD_2017/yr,2035,CMR,5178.241516900265,5153.84,24.40151690026505,0.47346283354285446
OECD ENV-Growth 2023,SSP4,Cameroon,GDP|PPP [per capita],USD_2017/yr,2040,CMR,5890.145850369463,5861.52,28.62585036946257,0.48836906415848735
OECD ENV-Growth 2023,SSP4,Cameroon,GDP|PPP [per capita],USD_2017/yr,2045,CMR,6660.5420051456185,6623.73,36.81200514561897,0.555759445895575
OECD ENV-Growth 2023,SSP4,Cameroon,GDP|PPP [per capita],USD_2017/yr,2050,CMR,7541.817188804104,7493.96,47.857188804104226,0.6386101447579681
OECD ENV-Growth 2023,SSP4,Cameroon,GDP|PPP [per capita],USD_2017/yr,2055,CMR,8567.616221718194,8507.37,60.24622171819283,0.7081650582752699
OECD ENV-Growth 2023,SSP4,Cameroon,GDP|PPP [per capita],USD_2017/yr,2060,CMR,9760.384494175576,9687.09,73.29449417557589,0.7566203490994292
OECD ENV-Growth 2023,SSP4,Cameroon,GDP|PPP [per capita],USD_2017/yr,2065,CMR,11147.495698866089,11058.7,88.79569886608806,0.8029487992810009
OECD ENV-Growth 2023,SSP4,Cameroon,GDP|PPP [per capita],USD_2017/yr,2070,CMR,12736.430871753728,12632.3,104.13087175372857,0.8243223463164158
OECD ENV-Growth 2023,SSP4,Cameroon,GDP|PPP [per capita],USD_2017/yr,2075,CMR,14611.088839373122,14488.1,122.98883937312166,0.8488955720427225
OECD ENV-Growth 2023,SSP4,Cameroon,GDP|PPP [per capita],USD_2017/yr,2080,CMR,16782.698784434826,16636.8,145.89878443482667,0.8769642265028531
OECD ENV-Growth 2023,SSP4,Cameroon,GDP|PPP [per capita],USD_2017/yr,2085,CMR,19303.686835995024,19130,173.686835995024,0.9079290956352536
OECD ENV-Growth 2023,SSP4,Cameroon,GDP|PPP [per capita],USD_2017/yr,2090,CMR,22171.216899889987,21967,204.21689988998696,0.9296531155368823
OECD ENV-Growth 2023,SSP4,Cameroon,GDP|PPP [per capita],USD_2017/yr,2095,CMR,25405.43514707866,25168.9,236.53514707865907,0.9397913579006594
OECD ENV-Growth 2023,SSP4,Cameroon,GDP|PPP [per capita],USD_2017/yr,2100,CMR,29025.032714506982,28755.3,269.73271450698303,0.9380278227213176
OECD ENV-Growth 2023,SSP4,Central African Republic,GDP|PPP [per capita],USD_2017/yr,2025,CAF,808.4500507799788,806.785,1.6650507799788556,0.20638097882073358
OECD ENV-Growth 2023,SSP4,Central African Republic,GDP|PPP [per capita],USD_2017/yr,2030,CAF,859.887865730677,858.546,1.341865730677,0.15629514675707534
OECD ENV-Growth 2023,SSP4,Central African Republic,GDP|PPP [per capita],USD_2017/yr,2040,CAF,1128.237300418072,1127.11,1.1273004180720818,0.10001689436453247
OECD ENV-Growth 2023,SSP4,Central African Republic,GDP|PPP [per capita],USD_2017/yr,2045,CAF,1282.204910836896,1280.01,2.1949108368960424,0.17147606947571054
OECD ENV-Growth 2023,SSP4,Central African Republic,GDP|PPP [per capita],USD_2017/yr,2050,CAF,1455.4595487957238,1451.94,3.519548795723722,0.2424031844100804
OECD ENV-Growth 2023,SSP4,Central African Republic,GDP|PPP [per capita],USD_2017/yr,2055,CAF,1650.54975668745,1645.84,4.709756687450181,0.2861612725082742
OECD ENV-Growth 2023,SSP4,Central African Republic,GDP|PPP [per capita],USD_2017/yr,2060,CAF,1861.3131166737385,1855.56,5.753116673738532,0.31004746134528294
OECD ENV-Growth 2023,SSP4,Central African Republic,GDP|PPP [per capita],USD_2017/yr,2065,CAF,2099.706650816954,2092.98,6.726650816954134,0.32139107000325534
OECD ENV-Growth 2023,SSP4,Central African Republic,GDP|PPP [per capita],USD_2017/yr,2070,CAF,2366.4994128710428,2358.64,7.859412871042878,0.333217993040179
OECD ENV-Growth 2023,SSP4,Central African Republic,GDP|PPP [per capita],USD_2017/yr,2075,CAF,2672.9000255980877,2663.59,9.310025598087577,0.34952922927656194
OECD ENV-Growth 2023,SSP4,Central African Republic,GDP|PPP [per capita],USD_2017/yr,2080,CAF,3022.857830841735,3011.73,11.127830841734976,0.3694830161314253
OECD ENV-Growth 2023,SSP4,Central African Republic,GDP|PPP [per capita],USD_2017/yr,2085,CAF,3423.1349835661063,3409.88,13.254983566106148,0.38872287488434043
OECD ENV-Growth 2023,SSP4,Central African Republic,GDP|PPP [per capita],USD_2017/yr,2090,CAF,3889.424420327028,3873.85,15.574420327028292,0.4020398396176489
OECD ENV-Growth 2023,SSP4,Central African Republic,GDP|PPP [per capita],USD_2017/yr,2095,CAF,4434.425927812399,4416.28,18.14592781239935,0.41088716776108736
OECD ENV-Growth 2023,SSP4,Central African Republic,GDP|PPP [per capita],USD_2017/yr,2100,CAF,5063.911695850433,5042.61,21.301695850433134,0.4224339350144694
OECD ENV-Growth 2023,SSP4,Chad,GDP|PPP [per capita],USD_2017/yr,2025,TCD,1470.316830713634,1458.86,11.45683071363419,0.7853276334695715
OECD ENV-Growth 2023,SSP4,Chad,GDP|PPP [per capita],USD_2017/yr,2030,TCD,1506.0845933905616,1495.82,10.264593390561686,0.6862184882246317
OECD ENV-Growth 2023,SSP4,Chad,GDP|PPP [per capita],USD_2017/yr,2035,TCD,1726.4898077581158,1716.54,9.949807758115867,0.5796432217201969
OECD ENV-Growth 2023,SSP4,Chad,GDP|PPP [per capita],USD_2017/yr,2040,TCD,1944.1758511489193,1933.33,10.845851148919337,0.5609932680359451
OECD ENV-Growth 2023,SSP4,Chad,GDP|PPP [per capita],USD_2017/yr,2045,TCD,2156.597562416115,2143.15,13.447562416115034,0.6274671589069842
OECD ENV-Growth 2023,SSP4,Chad,GDP|PPP [per capita],USD_2017/yr,2050,TCD,2381.6080964493262,2365.24,16.36809644932646,0.6920268746227216
OECD ENV-Growth 2023,SSP4,Chad,GDP|PPP [per capita],USD_2017/yr,2055,TCD,2630.0340066323306,2611.21,18.824006632330565,0.7208921010692577
OECD ENV-Growth 2023,SSP4,Chad,GDP|PPP [per capita],USD_2017/yr,2060,TCD,2898.276416627778,2877.02,21.25641662777798,0.7388345102841822
OECD ENV-Growth 2023,SSP4,Chad,GDP|PPP [per capita],USD_2017/yr,2065,TCD,3189.364407320726,3165.42,23.944407320725986,0.7564369758428893
OECD ENV-Growth 2023,SSP4,Chad,GDP|PPP [per capita],USD_2017/yr,2070,TCD,3502.024494135057,3475.39,26.63449413505714,0.766374252531576
OECD ENV-Growth 2023,SSP4,Chad,GDP|PPP [per capita],USD_2017/yr,2075,TCD,3830.134421678888,3800.78,29.354421678887775,0.7723262508981781
OECD ENV-Growth 2023,SSP4,Chad,GDP|PPP [per capita],USD_2017/yr,2080,TCD,4178.11794168858,4145.74,32.377941688579995,0.7809930600708196
OECD ENV-Growth 2023,SSP4,Chad,GDP|PPP [per capita],USD_2017/yr,2085,TCD,4537.129163748404,4501.49,35.63916374840392,0.7917192695841581
OECD ENV-Growth 2023,SSP4,Chad,GDP|PPP [per capita],USD_2017/yr,2090,TCD,4923.712343081143,4884.69,39.022343081143845,0.7988704110423354
OECD ENV-Growth 2023,SSP4,Chad,GDP|PPP [per capita],USD_2017/yr,2095,TCD,5341.891675735466,5299.47,42.421675735466124,0.8004890250433746
OECD ENV-Growth 2023,SSP4,Chad,GDP|PPP [per capita],USD_2017/yr,2100,TCD,5791.786529007706,5745.95,45.836529007706304,0.7977188977924679
OECD ENV-Growth 2023,SSP4,Chile,GDP|PPP [per capita],USD_2017/yr,2025,CHL,25006.86993503475,24958,48.86993503474878,0.1958086987529
OECD ENV-Growth 2023,SSP4,Chile,GDP|PPP [per capita],USD_2017/yr,2030,CHL,26372.118756775315,26295.3,76.8187567753157,0.2921387349652437
OECD ENV-Growth 2023,SSP4,Chile,GDP|PPP [per capita],USD_2017/yr,2035,CHL,28860.813397180853,28759.1,101.71339718085437,0.3536737838835512
OECD ENV-Growth 2023,SSP4,Chile,GDP|PPP [per capita],USD_2017/yr,2040,CHL,32264.93076251341,32135.6,129.33076251341117,0.4024532372615143
OECD ENV-Growth 2023,SSP4,Chile,GDP|PPP [per capita],USD_2017/yr,2045,CHL,36665.66248580629,36501.2,164.46248580629617,0.4505673397211494
OECD ENV-Growth 2023,SSP4,Chile,GDP|PPP [per capita],USD_2017/yr,2050,CHL,41607.39186095307,41397,210.3918609530665,0.5082297290940564
OECD ENV-Growth 2023,SSP4,Chile,GDP|PPP [per capita],USD_2017/yr,2055,CHL,46853.85301155406,46580.1,273.75301155406487,0.5877037867116319
OECD ENV-Growth 2023,SSP4,Chile,GDP|PPP [per capita],USD_2017/yr,2060,CHL,52301.9894567572,51944.4,357.5894567571959,0.6884080993469861
OECD ENV-Growth 2023,SSP4,Chile,GDP|PPP [per capita],USD_2017/yr,2065,CHL,58082.81269443643,57640.1,442.71269443642814,0.7680637168159461
OECD ENV-Growth 2023,SSP4,Chile,GDP|PPP [per capita],USD_2017/yr,2070,CHL,64107.70093757513,63591.1,516.600937575131,0.8123793071280903
OECD ENV-Growth 2023,SSP4,Chile,GDP|PPP [per capita],USD_2017/yr,2075,CHL,70222.19249979354,69631.7,590.492499793545,0.8480225239273852
OECD ENV-Growth 2023,SSP4,Chile,GDP|PPP [per capita],USD_2017/yr,2080,CHL,76328.78177634269,75655.8,672.9817763426836,0.8895309762670986
OECD ENV-Growth 2023,SSP4,Chile,GDP|PPP [per capita],USD_2017/yr,2085,CHL,82374.71878672646,81602.8,771.9187867264554,0.94594644635534
OECD ENV-Growth 2023,SSP4,Chile,GDP|PPP [per capita],USD_2017/yr,2090,CHL,88294.62468925634,87399.9,894.7246892563417,1.0237136304004257
OECD ENV-Growth 2023,SSP4,Chile,GDP|PPP [per capita],USD_2017/yr,2095,CHL,94016.93969168482,92974.3,1042.639691684817,1.1214278480018856
OECD ENV-Growth 2023,SSP4,Chile,GDP|PPP [per capita],USD_2017/yr,2100,CHL,99473.38749975496,98271,1202.3874997549574,1.2235425504522772
OECD ENV-Growth 2023,SSP4,Colombia,GDP|PPP [per capita],USD_2017/yr,2025,COL,15217.888391265042,15167,50.88839126504172,0.33552048041828786
OECD ENV-Growth 2023,SSP4,Colombia,GDP|PPP [per capita],USD_2017/yr,2030,COL,16911.29586717234,16844.1,67.19586717234051,0.39892821327551203
OECD ENV-Growth 2023,SSP4,Colombia,GDP|PPP [per capita],USD_2017/yr,2035,COL,19457.378643742115,19386.4,70.97864374211349,0.36612596326349134
OECD ENV-Growth 2023,SSP4,Colombia,GDP|PPP [per capita],USD_2017/yr,2040,COL,22939.184072216605,22855.6,83.58407221660673,0.3657050010352243
OECD ENV-Growth 2023,SSP4,Colombia,GDP|PPP [per capita],USD_2017/yr,2045,COL,27271.139724144985,27154.7,116.43972414498421,0.4288013645703477
OECD ENV-Growth 2023,SSP4,Colombia,GDP|PPP [per capita],USD_2017/yr,2050,COL,32158.24231887068,31992.7,165.5423188706809,0.5174377869660294
OECD ENV-Growth 2023,SSP4,Colombia,GDP|PPP [per capita],USD_2017/yr,2055,COL,37483.27390722929,37264.4,218.8739072292883,0.5873539013892302
OECD ENV-Growth 2023,SSP4,Colombia,GDP|PPP [per capita],USD_2017/yr,2060,COL,43106.23844745719,42835.1,271.1384474571896,0.6329819411118209
OECD ENV-Growth 2023,SSP4,Colombia,GDP|PPP [per capita],USD_2017/yr,2065,COL,49078.087645900785,48758.1,319.98764590078645,0.6562758719080244
OECD ENV-Growth 2023,SSP4,Colombia,GDP|PPP [per capita],USD_2017/yr,2070,COL,55384.15594019907,55024.1,360.0559401990686,0.654360435153085
OECD ENV-Growth 2023,SSP4,Colombia,GDP|PPP [per capita],USD_2017/yr,2075,COL,62026.45496867435,61589.6,436.85496867434995,0.7092998958823404
OECD ENV-Growth 2023,SSP4,Colombia,GDP|PPP [per capita],USD_2017/yr,2080,COL,68891.31504693147,68371.3,520.0150469314685,0.7605750467395948
OECD ENV-Growth 2023,SSP4,Colombia,GDP|PPP [per capita],USD_2017/yr,2085,COL,75916.60677156772,75312.1,604.5067715677142,0.8026688560904743
OECD ENV-Growth 2023,SSP4,Colombia,GDP|PPP [per capita],USD_2017/yr,2090,COL,83067.20534343443,82378.1,689.1053434344212,0.8365152187710341
OECD ENV-Growth 2023,SSP4,Colombia,GDP|PPP [per capita],USD_2017/yr,2095,COL,90305.40103254256,89552.5,752.9010325425625,0.8407370341895117
OECD ENV-Growth 2023,SSP4,Colombia,GDP|PPP [per capita],USD_2017/yr,2100,COL,97638.12167639504,96848.6,789.5216763950302,0.8152122760628756
OECD ENV-Growth 2023,SSP4,Comoros,GDP|PPP [per capita],USD_2017/yr,2025,COM,3426.455780837966,3403.51,22.945780837965685,0.6741799153804655
OECD ENV-Growth 2023,SSP4,Comoros,GDP|PPP [per capita],USD_2017/yr,2030,COM,3820.954335556696,3792.09,28.864335556696005,0.7611722178718333
OECD ENV-Growth 2023,SSP4,Comoros,GDP|PPP [per capita],USD_2017/yr,2035,COM,4317.24793823805,4282.87,34.377938238049865,0.8026846072388344
OECD ENV-Growth 2023,SSP4,Comoros,GDP|PPP [per capita],USD_2017/yr,2040,COM,5240.09047393256,5196.17,43.92047393255962,0.845247055669072
OECD ENV-Growth 2023,SSP4,Comoros,GDP|PPP [per capita],USD_2017/yr,2045,COM,6503.731428118951,6443.79,59.94142811895108,0.9302200741947064
OECD ENV-Growth 2023,SSP4,Comoros,GDP|PPP [per capita],USD_2017/yr,2050,COM,8017.626337362335,7934.75,82.87633736233511,1.0444732015795721
OECD ENV-Growth 2023,SSP4,Comoros,GDP|PPP [per capita],USD_2017/yr,2055,COM,9732.98962272298,9621.67,111.31962272298006,1.1569677896142776
OECD ENV-Growth 2023,SSP4,Comoros,GDP|PPP [per capita],USD_2017/yr,2060,COM,11609.462872214095,11467.6,141.86287221409475,1.2370755189760259
OECD ENV-Growth 2023,SSP4,Comoros,GDP|PPP [per capita],USD_2017/yr,2065,COM,13631.717679239153,13459.6,172.1176792391525,1.278772617604925
OECD ENV-Growth 2023,SSP4,Comoros,GDP|PPP [per capita],USD_2017/yr,2070,COM,15812.801407208704,15607.1,205.70140720870404,1.3179989056820551
OECD ENV-Growth 2023,SSP4,Comoros,GDP|PPP [per capita],USD_2017/yr,2075,COM,18154.898876041832,17909.9,244.99887604183095,1.367952227772522
OECD ENV-Growth 2023,SSP4,Comoros,GDP|PPP [per capita],USD_2017/yr,2080,COM,20675.73190563266,20385.4,290.33190563265816,1.4242149069071892
OECD ENV-Growth 2023,SSP4,Comoros,GDP|PPP [per capita],USD_2017/yr,2085,COM,23319.95120791748,22980.2,339.7512079174776,1.4784519191194052
OECD ENV-Growth 2023,SSP4,Comoros,GDP|PPP [per capita],USD_2017/yr,2090,COM,26080.582061141413,25689.5,391.08206114141285,1.5223420508044643
OECD ENV-Growth 2023,SSP4,Comoros,GDP|PPP [per capita],USD_2017/yr,2095,COM,28961.088214965435,28519.6,441.4882149654368,1.5480168549539153
OECD ENV-Growth 2023,SSP4,Comoros,GDP|PPP [per capita],USD_2017/yr,2100,COM,32025.619837909384,31534.2,491.4198379093832,1.5583710317984385
OECD ENV-Growth 2023,SSP4,Congo,GDP|PPP [per capita],USD_2017/yr,2025,COG,3887.121044321882,3876.98,10.141044321881964,0.26157071539914994
OECD ENV-Growth 2023,SSP4,Congo,GDP|PPP [per capita],USD_2017/yr,2030,COG,4211.3479965107645,4196.65,14.697996510764824,0.3502316493099216
OECD ENV-Growth 2023,SSP4,Congo,GDP|PPP [per capita],USD_2017/yr,2035,COG,4556.145497550322,4539.01,17.135497550321816,0.3775161885592192
OECD ENV-Growth 2023,SSP4,Congo,GDP|PPP [per capita],USD_2017/yr,2040,COG,4911.665517326193,4890.76,20.90551732619315,0.4274492579106958
OECD ENV-Growth 2023,SSP4,Congo,GDP|PPP [per capita],USD_2017/yr,2045,COG,5325.945036045313,5298.05,27.895036045312736,0.5265151526564064
OECD ENV-Growth 2023,SSP4,Congo,GDP|PPP [per capita],USD_2017/yr,2050,COG,5839.989731180386,5803.3,36.689731180385934,0.6322218596382392
OECD ENV-Growth 2023,SSP4,Congo,GDP|PPP [per capita],USD_2017/yr,2055,COG,6480.670501337465,6434.38,46.290501337464775,0.719424425313158
OECD ENV-Growth 2023,SSP4,Congo,GDP|PPP [per capita],USD_2017/yr,2060,COG,7241.713890249398,7185.12,56.5938902493981,0.7876540718790792
OECD ENV-Growth 2023,SSP4,Congo,GDP|PPP [per capita],USD_2017/yr,2065,COG,8128.541180048899,8061.03,67.5111800488994,0.837500667394854
OECD ENV-Growth 2023,SSP4,Congo,GDP|PPP [per capita],USD_2017/yr,2070,COG,9151.68278267948,9072.39,79.2927826794803,0.8740010369867289
OECD ENV-Growth 2023,SSP4,Congo,GDP|PPP [per capita],USD_2017/yr,2075,COG,10356.409982612888,10262.9,93.50998261288805,0.91114580296883
OECD ENV-Growth 2023,SSP4,Congo,GDP|PPP [per capita],USD_2017/yr,2080,COG,11752.082008990194,11641.2,110.88200899019284,0.9524963834500983
OECD ENV-Growth 2023,SSP4,Congo,GDP|PPP [per capita],USD_2017/yr,2085,COG,13324.995338958042,13193.8,131.19533895804307,0.9943711361248698
OECD ENV-Growth 2023,SSP4,Congo,GDP|PPP [per capita],USD_2017/yr,2090,COG,15061.188627616724,14907.9,153.28862761672463,1.0282375627467626
OECD ENV-Growth 2023,SSP4,Congo,GDP|PPP [per capita],USD_2017/yr,2095,COG,16974.87177974764,16798.3,176.57177974763908,1.0511288627280089
OECD ENV-Growth 2023,SSP4,Congo,GDP|PPP [per capita],USD_2017/yr,2100,COG,19108.71919042232,18907.6,201.11919042231966,1.0636949714523245
OECD ENV-Growth 2023,SSP4,Costa Rica,GDP|PPP [per capita],USD_2017/yr,2025,CRI,22506.398143121336,22451.1,55.29814312133749,0.24630482747543544
OECD ENV-Growth 2023,SSP4,Costa Rica,GDP|PPP [per capita],USD_2017/yr,2030,CRI,25035.151591930713,24949.8,85.35159193071377,0.34209329105128605
OECD ENV-Growth 2023,SSP4,Costa Rica,GDP|PPP [per capita],USD_2017/yr,2035,CRI,28724.667649027364,28617.9,106.7676490273625,0.373079957045634
OECD ENV-Growth 2023,SSP4,Costa Rica,GDP|PPP [per capita],USD_2017/yr,2040,CRI,32965.09408197617,32834.2,130.89408197617013,0.39865165582280104
OECD ENV-Growth 2023,SSP4,Costa Rica,GDP|PPP [per capita],USD_2017/yr,2045,CRI,37739.36291994229,37570.7,168.6629199422896,0.44892141999560725
OECD ENV-Growth 2023,SSP4,Costa Rica,GDP|PPP [per capita],USD_2017/yr,2050,CRI,42801.36690682643,42579.4,221.96690682642657,0.5213011616566381
OECD ENV-Growth 2023,SSP4,Costa Rica,GDP|PPP [per capita],USD_2017/yr,2055,CRI,48136.90400315538,47847.5,289.40400315538136,0.6048466547998984
OECD ENV-Growth 2023,SSP4,Costa Rica,GDP|PPP [per capita],USD_2017/yr,2060,CRI,53678.17952565525,53312.5,365.6795256552505,0.6859170469500595
OECD ENV-Growth 2023,SSP4,Costa Rica,GDP|PPP [per capita],USD_2017/yr,2065,CRI,59382.98871105713,58945.2,437.7887110571319,0.7427045986053689
OECD ENV-Growth 2023,SSP4,Costa Rica,GDP|PPP [per capita],USD_2017/yr,2070,CRI,65079.84727791024,64574.6,505.24727791023906,0.782424169735839
OECD ENV-Growth 2023,SSP4,Costa Rica,GDP|PPP [per capita],USD_2017/yr,2075,CRI,70813.4679973595,70232.4,581.0679973595106,0.8273503359695962
OECD ENV-Growth 2023,SSP4,Costa Rica,GDP|PPP [per capita],USD_2017/yr,2080,CRI,76556.20371954268,75883.8,672.403719542679,0.8860965311999123
OECD ENV-Growth 2023,SSP4,Costa Rica,GDP|PPP [per capita],USD_2017/yr,2085,CRI,82354.50079622948,81575.9,778.6007962294825,0.9544495325573884
OECD ENV-Growth 2023,SSP4,Costa Rica,GDP|PPP [per capita],USD_2017/yr,2090,CRI,88186.91418384829,87290.1,896.8141838482843,1.0273950698284047
OECD ENV-Growth 2023,SSP4,Costa Rica,GDP|PPP [per capita],USD_2017/yr,2095,CRI,94044.86245103156,93015,1029.8624510315567,1.1072003988943253
OECD ENV-Growth 2023,SSP4,Costa Rica,GDP|PPP [per capita],USD_2017/yr,2100,CRI,99899.50434622585,98722.7,1176.8043462258502,1.1920301472972783
OECD ENV-Growth 2023,SSP4,Cuba,GDP|PPP [per capita],USD_2017/yr,2025,CUB,7402.071181696365,7391.54,10.53118169636491,0.14247615106412076
OECD ENV-Growth 2023,SSP4,Cuba,GDP|PPP [per capita],USD_2017/yr,2030,CUB,9261.042529043492,9237.21,23.832529043493196,0.25800570782187693
OECD ENV-Growth 2023,SSP4,Cuba,GDP|PPP [per capita],USD_2017/yr,2035,CUB,11755.424262341448,11717.7,37.724262341447684,0.3219425513662893
OECD ENV-Growth 2023,SSP4,Cuba,GDP|PPP [per capita],USD_2017/yr,2040,CUB,15342.896688054596,15285.4,57.496688054596234,0.3761542913799851
OECD ENV-Growth 2023,SSP4,Cuba,GDP|PPP [per capita],USD_2017/yr,2045,CUB,19983.01581742059,19892.4,90.61581742058843,0.45552983762938826
OECD ENV-Growth 2023,SSP4,Cuba,GDP|PPP [per capita],USD_2017/yr,2050,CUB,25568.92283892384,25426.9,142.02283892384003,0.5585534961943455
OECD ENV-Growth 2023,SSP4,Cuba,GDP|PPP [per capita],USD_2017/yr,2055,CUB,31983.923897303655,31771.7,212.22389730365467,0.6679651932495103
OECD ENV-Growth 2023,SSP4,Cuba,GDP|PPP [per capita],USD_2017/yr,2060,CUB,39114.54968994547,38817.9,296.64968994546507,0.7642084964551535
OECD ENV-Growth 2023,SSP4,Cuba,GDP|PPP [per capita],USD_2017/yr,2065,CUB,47007.01739635321,46617.1,389.91739635320846,0.836425681462829
OECD ENV-Growth 2023,SSP4,Cuba,GDP|PPP [per capita],USD_2017/yr,2070,CUB,55520.907200694885,55029.3,491.6072006948816,0.8933553592265967
OECD ENV-Growth 2023,SSP4,Cuba,GDP|PPP [per capita],USD_2017/yr,2075,CUB,64711.36957364194,64102.2,609.1695736419424,0.9503099326418476
OECD ENV-Growth 2023,SSP4,Cuba,GDP|PPP [per capita],USD_2017/yr,2080,CUB,74514.04985873975,73766.1,747.9498587397393,1.0139479499929362
OECD ENV-Growth 2023,SSP4,Cuba,GDP|PPP [per capita],USD_2017/yr,2085,CUB,84978.6296677895,84068.3,910.3296677894978,1.0828453385990886
OECD ENV-Growth 2023,SSP4,Cuba,GDP|PPP [per capita],USD_2017/yr,2090,CUB,96044.47446248938,94949.1,1095.3744624893734,1.1536438602255035
OECD ENV-Growth 2023,SSP4,Cuba,GDP|PPP [per capita],USD_2017/yr,2095,CUB,107830.23303078375,106524,1306.2330307837547,1.2262335537378943
OECD ENV-Growth 2023,SSP4,Cuba,GDP|PPP [per capita],USD_2017/yr,2100,CUB,120238.83299055658,118694,1544.832990556577,1.3015257641974969
OECD ENV-Growth 2023,SSP4,Côte d'Ivoire,GDP|PPP [per capita],USD_2017/yr,2025,CIV,6308.497905315144,6291.88,16.617905315143616,0.26411669191312637
OECD ENV-Growth 2023,SSP4,Côte d'Ivoire,GDP|PPP [per capita],USD_2017/yr,2030,CIV,7675.837221152144,7648.08,27.757221152143757,0.3629305806443415
OECD ENV-Growth 2023,SSP4,Côte d'Ivoire,GDP|PPP [per capita],USD_2017/yr,2035,CIV,9223.753720339962,9186.87,36.883720339961656,0.40148298974472973
OECD ENV-Growth 2023,SSP4,Côte d'Ivoire,GDP|PPP [per capita],USD_2017/yr,2040,CIV,10617.09165590114,10568.4,48.69165590114062,0.46072873756803884
OECD ENV-Growth 2023,SSP4,Côte d'Ivoire,GDP|PPP [per capita],USD_2017/yr,2045,CIV,11979.06695824995,11912.2,66.86695824994968,0.5613317292351512
OECD ENV-Growth 2023,SSP4,Côte d'Ivoire,GDP|PPP [per capita],USD_2017/yr,2050,CIV,13423.113989338868,13334.8,88.31398933886885,0.6622820690139248
OECD ENV-Growth 2023,SSP4,Côte d'Ivoire,GDP|PPP [per capita],USD_2017/yr,2055,CIV,14993.205504782129,14882.2,111.0055047821279,0.7458944563446794
OECD ENV-Growth 2023,SSP4,Côte d'Ivoire,GDP|PPP [per capita],USD_2017/yr,2060,CIV,16691.335189812522,16557.2,134.13518981252128,0.8101320864187258
OECD ENV-Growth 2023,SSP4,Côte d'Ivoire,GDP|PPP [per capita],USD_2017/yr,2065,CIV,18544.04947748713,18387,157.04947748712948,0.8541332326487707
OECD ENV-Growth 2023,SSP4,Côte d'Ivoire,GDP|PPP [per capita],USD_2017/yr,2070,CIV,20578.367088554776,20397.6,180.76708855477773,0.8862174400653887
OECD ENV-Growth 2023,SSP4,Côte d'Ivoire,GDP|PPP [per capita],USD_2017/yr,2075,CIV,22862.935321113942,22655.4,207.53532111394088,0.9160523368112717
OECD ENV-Growth 2023,SSP4,Côte d'Ivoire,GDP|PPP [per capita],USD_2017/yr,2080,CIV,25390.269091944723,25152,238.2690919447232,0.9473166823502035
OECD ENV-Growth 2023,SSP4,Côte d'Ivoire,GDP|PPP [per capita],USD_2017/yr,2085,CIV,28096.629211995805,27825,271.62921199580524,0.9762056136417079
OECD ENV-Growth 2023,SSP4,Côte d'Ivoire,GDP|PPP [per capita],USD_2017/yr,2090,CIV,30948.72908318731,30642.7,306.0290831873099,0.9987014303155723
OECD ENV-Growth 2023,SSP4,Côte d'Ivoire,GDP|PPP [per capita],USD_2017/yr,2095,CIV,33966.37546914799,33625.5,340.8754691479917,1.0137409678606764
OECD ENV-Growth 2023,SSP4,Côte d'Ivoire,GDP|PPP [per capita],USD_2017/yr,2100,CIV,37229.78684862025,36852.5,377.28684862024966,1.023775452466589
OECD ENV-Growth 2023,SSP4,Democratic Republic of the Congo,GDP|PPP [per capita],USD_2017/yr,2025,COD,1263.7421533449951,1253.62,10.12215334499524,0.8074339389125286
OECD ENV-Growth 2023,SSP4,Democratic Republic of the Congo,GDP|PPP [per capita],USD_2017/yr,2030,COD,1384.7684491781029,1374.75,10.018449178102856,0.7287469851320499
OECD ENV-Growth 2023,SSP4,Democratic Republic of the Congo,GDP|PPP [per capita],USD_2017/yr,2035,COD,1544.9350486095086,1534.89,10.045048609508513,0.6544474593950389
OECD ENV-Growth 2023,SSP4,Democratic Republic of the Congo,GDP|PPP [per capita],USD_2017/yr,2040,COD,1755.656770137432,1744.15,11.506770137431886,0.6597351224052911
OECD ENV-Growth 2023,SSP4,Democratic Republic of the Congo,GDP|PPP [per capita],USD_2017/yr,2045,COD,1991.253557434088,1976.27,14.98355743408797,0.7581736014860303
OECD ENV-Growth 2023,SSP4,Democratic Republic of the Congo,GDP|PPP [per capita],USD_2017/yr,2050,COD,2247.9891858172855,2228.34,19.649185817285343,0.8817858054554216
OECD ENV-Growth 2023,SSP4,Democratic Republic of the Congo,GDP|PPP [per capita],USD_2017/yr,2055,COD,2520.2835587001846,2496.65,23.633558700184494,0.9466108064880737
OECD ENV-Growth 2023,SSP4,Democratic Republic of the Congo,GDP|PPP [per capita],USD_2017/yr,2060,COD,2796.5207041648237,2769.8,26.720704164823474,0.9647160143267915
OECD ENV-Growth 2023,SSP4,Democratic Republic of the Congo,GDP|PPP [per capita],USD_2017/yr,2065,COD,3080.2589582577,3050.22,30.038958257700415,0.9848128416212737
OECD ENV-Growth 2023,SSP4,Democratic Republic of the Congo,GDP|PPP [per capita],USD_2017/yr,2070,COD,3368.085148258456,3334.58,33.50514825845585,1.0047786605346354
OECD ENV-Growth 2023,SSP4,Democratic Republic of the Congo,GDP|PPP [per capita],USD_2017/yr,2075,COD,3662.315662661973,3624.85,37.465662661973056,1.0335782904664483
OECD ENV-Growth 2023,SSP4,Democratic Republic of the Congo,GDP|PPP [per capita],USD_2017/yr,2080,COD,3961.97522260759,3920.26,41.71522260758957,1.0640932644158694
OECD ENV-Growth 2023,SSP4,Democratic Republic of the Congo,GDP|PPP [per capita],USD_2017/yr,2085,COD,4266.279410086639,4220.36,45.91941008663889,1.0880448607853097
OECD ENV-Growth 2023,SSP4,Democratic Republic of the Congo,GDP|PPP [per capita],USD_2017/yr,2090,COD,4585.660970295463,4535.64,50.020970295462575,1.102842604251276
OECD ENV-Growth 2023,SSP4,Democratic Republic of the Congo,GDP|PPP [per capita],USD_2017/yr,2095,COD,4917.259322726264,4863.3,53.95932272626396,1.1095207518817256
OECD ENV-Growth 2023,SSP4,Democratic Republic of the Congo,GDP|PPP [per capita],USD_2017/yr,2100,COD,5260.245492279921,5202.39,57.85549227992033,1.1120944850332315
OECD ENV-Growth 2023,SSP4,Djibouti,GDP|PPP [per capita],USD_2017/yr,2025,DJI,5692.758791892925,5668.06,24.69879189292442,0.4357538892129656
OECD ENV-Growth 2023,SSP4,Djibouti,GDP|PPP [per capita],USD_2017/yr,2030,DJI,7012.954976082185,6986.54,26.414976082184694,0.378083802313945
OECD ENV-Growth 2023,SSP4,Djibouti,GDP|PPP [per capita],USD_2017/yr,2035,DJI,8908.845782540862,8877.13,31.715782540863074,0.35727518399373537
OECD ENV-Growth 2023,SSP4,Djibouti,GDP|PPP [per capita],USD_2017/yr,2040,DJI,10581.173437421232,10543.1,38.073437421231574,0.3611218467171095
OECD ENV-Growth 2023,SSP4,Djibouti,GDP|PPP [per capita],USD_2017/yr,2045,DJI,12218.117228642044,12172,46.11722864204421,0.37887963064446445
OECD ENV-Growth 2023,SSP4,Djibouti,GDP|PPP [per capita],USD_2017/yr,2050,DJI,14008.79658718873,13950.8,57.9965871887307,0.41572230401647725
OECD ENV-Growth 2023,SSP4,Djibouti,GDP|PPP [per capita],USD_2017/yr,2055,DJI,16006.025295965364,15929.9,76.12529596536478,0.4778767975025881
OECD ENV-Growth 2023,SSP4,Djibouti,GDP|PPP [per capita],USD_2017/yr,2060,DJI,18187.634385670885,18088.9,98.73438567088306,0.5458285781384332
OECD ENV-Growth 2023,SSP4,Djibouti,GDP|PPP [per capita],USD_2017/yr,2065,DJI,20496.342833981245,20376.7,119.64283398124462,0.5871551035312127
OECD ENV-Growth 2023,SSP4,Djibouti,GDP|PPP [per capita],USD_2017/yr,2070,DJI,22850.733505167056,22713.4,137.33350516705468,0.6046364928502763
OECD ENV-Growth 2023,SSP4,Djibouti,GDP|PPP [per capita],USD_2017/yr,2075,DJI,25307.975659190775,25152.5,155.47565919077533,0.6181320313717338
OECD ENV-Growth 2023,SSP4,Djibouti,GDP|PPP [per capita],USD_2017/yr,2080,DJI,27930.881312939444,27753.6,177.28131293944534,0.6387687108679427
OECD ENV-Growth 2023,SSP4,Djibouti,GDP|PPP [per capita],USD_2017/yr,2085,DJI,30761.29924204705,30558.1,203.1992420470524,0.6649603281848426
OECD ENV-Growth 2023,SSP4,Djibouti,GDP|PPP [per capita],USD_2017/yr,2090,DJI,33840.715289573294,33608.5,232.21528957329429,0.6909421413430956
OECD ENV-Growth 2023,SSP4,Djibouti,GDP|PPP [per capita],USD_2017/yr,2095,DJI,37147.194518914344,36886.3,260.89451891434146,0.7072938161711568
OECD ENV-Growth 2023,SSP4,Djibouti,GDP|PPP [per capita],USD_2017/yr,2100,DJI,40654.91649837343,40368.7,286.21649837343284,0.7090059832826741
OECD ENV-Growth 2023,SSP4,Dominican Republic,GDP|PPP [per capita],USD_2017/yr,2025,DOM,21428.022268008855,21330,98.02226800885546,0.45955118616434815
OECD ENV-Growth 2023,SSP4,Dominican Republic,GDP|PPP [per capita],USD_2017/yr,2030,DOM,25968.11323808562,25816,152.11323808562156,0.5892207858910039
OECD ENV-Growth 2023,SSP4,Dominican Republic,GDP|PPP [per capita],USD_2017/yr,2035,DOM,30789.193586445144,30596.2,192.9935864451436,0.6307763266194611
OECD ENV-Growth 2023,SSP4,Dominican Republic,GDP|PPP [per capita],USD_2017/yr,2040,DOM,35725.677927271056,35464.4,261.27792727105407,0.7367329696006533
OECD ENV-Growth 2023,SSP4,Dominican Republic,GDP|PPP [per capita],USD_2017/yr,2045,DOM,41062.186695569704,40720.8,341.38669556970126,0.8383595007212561
OECD ENV-Growth 2023,SSP4,Dominican Republic,GDP|PPP [per capita],USD_2017/yr,2050,DOM,46637.5325849528,46170.4,467.13258495280024,1.0117577169632497
OECD ENV-Growth 2023,SSP4,Dominican Republic,GDP|PPP [per capita],USD_2017/yr,2055,DOM,52393.40555951194,51779.2,614.2055595119455,1.186201330866343
OECD ENV-Growth 2023,SSP4,Dominican Republic,GDP|PPP [per capita],USD_2017/yr,2060,DOM,58267.02993112022,57497,770.029931120218,1.3392523629410542
OECD ENV-Growth 2023,SSP4,Dominican Republic,GDP|PPP [per capita],USD_2017/yr,2065,DOM,64489.37895700418,63545.3,944.0789570041743,1.4856786528731065
OECD ENV-Growth 2023,SSP4,Dominican Republic,GDP|PPP [per capita],USD_2017/yr,2070,DOM,71069.07166037498,69888.8,1180.2716603749723,1.6887851277672135
OECD ENV-Growth 2023,SSP4,Dominican Republic,GDP|PPP [per capita],USD_2017/yr,2075,DOM,77986.89272994074,76552.3,1434.592729940734,1.8740034328697295
OECD ENV-Growth 2023,SSP4,Dominican Republic,GDP|PPP [per capita],USD_2017/yr,2080,DOM,85158.5952661114,83462.1,1696.495266111393,2.0326534632023314
OECD ENV-Growth 2023,SSP4,Dominican Republic,GDP|PPP [per capita],USD_2017/yr,2085,DOM,92559.28961976687,90573.1,1986.1896197668684,2.1929133702687316
OECD ENV-Growth 2023,SSP4,Dominican Republic,GDP|PPP [per capita],USD_2017/yr,2090,DOM,100327.7881557183,97976.1,2351.6881557182933,2.4002671628267436
OECD ENV-Growth 2023,SSP4,Dominican Republic,GDP|PPP [per capita],USD_2017/yr,2095,DOM,108513.63432151212,105759,2754.634321512116,2.6046334794316475
OECD ENV-Growth 2023,SSP4,Dominican Republic,GDP|PPP [per capita],USD_2017/yr,2100,DOM,117267.67198642249,114072,3195.671986422487,2.8014517028039196
OECD ENV-Growth 2023,SSP4,Ecuador,GDP|PPP [per capita],USD_2017/yr,2025,ECU,11174.984058313066,11128.4,46.584058313066635,0.4186051751650429
OECD ENV-Growth 2023,SSP4,Ecuador,GDP|PPP [per capita],USD_2017/yr,2030,ECU,12084.775430742358,12026.5,58.27543074235837,0.48455852278184314
OECD ENV-Growth 2023,SSP4,Ecuador,GDP|PPP [per capita],USD_2017/yr,2035,ECU,13305.402776333258,13245.4,60.002776333258225,0.45300841298305994
OECD ENV-Growth 2023,SSP4,Ecuador,GDP|PPP [per capita],USD_2017/yr,2040,ECU,14956.086827832243,14889.6,66.48682783224285,0.4465319943601094
OECD ENV-Growth 2023,SSP4,Ecuador,GDP|PPP [per capita],USD_2017/yr,2045,ECU,17110.202417956174,17025.9,84.30241795617258,0.4951422124890465
OECD ENV-Growth 2023,SSP4,Ecuador,GDP|PPP [per capita],USD_2017/yr,2050,ECU,19682.23257406782,19572.1,110.13257406782213,0.5627018769974717
OECD ENV-Growth 2023,SSP4,Ecuador,GDP|PPP [per capita],USD_2017/yr,2055,ECU,22649.335008081725,22511.8,137.53500808172612,0.6109462951950804
OECD ENV-Growth 2023,SSP4,Ecuador,GDP|PPP [per capita],USD_2017/yr,2060,ECU,26015.795442068713,25847.5,168.29544206871287,0.6511091674967129
OECD ENV-Growth 2023,SSP4,Ecuador,GDP|PPP [per capita],USD_2017/yr,2065,ECU,29828.78324843439,29630.1,198.6832484343904,0.6705453185591355
OECD ENV-Growth 2023,SSP4,Ecuador,GDP|PPP [per capita],USD_2017/yr,2070,ECU,34037.41299881853,33802.7,234.71299881853338,0.6943616895056708
OECD ENV-Growth 2023,SSP4,Ecuador,GDP|PPP [per capita],USD_2017/yr,2075,ECU,38638.68204974035,38357.9,280.7820497403518,0.7320057921323946
OECD ENV-Growth 2023,SSP4,Ecuador,GDP|PPP [per capita],USD_2017/yr,2080,ECU,43571.956238814826,43235.9,336.0562388148246,0.777262041069631
OECD ENV-Growth 2023,SSP4,Ecuador,GDP|PPP [per capita],USD_2017/yr,2085,ECU,48833.122695041384,48431.2,401.92269504138676,0.8298838249751953
OECD ENV-Growth 2023,SSP4,Ecuador,GDP|PPP [per capita],USD_2017/yr,2090,ECU,54425.28448033626,53954.4,470.884480336259,0.8727452818236493
OECD ENV-Growth 2023,SSP4,Ecuador,GDP|PPP [per capita],USD_2017/yr,2095,ECU,60368.0270997089,59838.8,529.2270997088999,0.8844213114382306
OECD ENV-Growth 2023,SSP4,Ecuador,GDP|PPP [per capita],USD_2017/yr,2100,ECU,66689.44680456701,66084.9,604.5468045670132,0.9148032373008255
OECD ENV-Growth 2023,SSP4,Egypt,GDP|PPP [per capita],USD_2017/yr,2025,EGY,13866.22903903606,13802.6,63.62903903605911,0.46099313923506524
OECD ENV-Growth 2023,SSP4,Egypt,GDP|PPP [per capita],USD_2017/yr,2030,EGY,16863.158519164004,16785.9,77.25851916400279,0.4602584262029607
OECD ENV-Growth 2023,SSP4,Egypt,GDP|PPP [per capita],USD_2017/yr,2035,EGY,20078.728180061054,19985.9,92.82818006105299,0.464468350492362
OECD ENV-Growth 2023,SSP4,Egypt,GDP|PPP [per capita],USD_2017/yr,2040,EGY,23139.812047426676,23028.7,111.11204742667542,0.4824937900388447
OECD ENV-Growth 2023,SSP4,Egypt,GDP|PPP [per capita],USD_2017/yr,2045,EGY,26117.528731389208,25969.3,148.2287313892084,0.570784470082784
OECD ENV-Growth 2023,SSP4,Egypt,GDP|PPP [per capita],USD_2017/yr,2050,EGY,29325.55937716125,29128,197.55937716125118,0.6782455958570832
OECD ENV-Growth 2023,SSP4,Egypt,GDP|PPP [per capita],USD_2017/yr,2055,EGY,32897.147706021235,32656.7,240.4477060212339,0.7362890494790775
OECD ENV-Growth 2023,SSP4,Egypt,GDP|PPP [per capita],USD_2017/yr,2060,EGY,36735.02076435888,36454.4,280.62076435887866,0.7697857168376894
OECD ENV-Growth 2023,SSP4,Egypt,GDP|PPP [per capita],USD_2017/yr,2065,EGY,40869.71181520768,40547.6,322.1118152076815,0.7944041452704513
OECD ENV-Growth 2023,SSP4,Egypt,GDP|PPP [per capita],USD_2017/yr,2070,EGY,45191.13261612932,44819.9,371.23261612931674,0.8282763150504947
OECD ENV-Growth 2023,SSP4,Egypt,GDP|PPP [per capita],USD_2017/yr,2075,EGY,49749.33317510645,49321.1,428.23317510644847,0.8682555237138841
OECD ENV-Growth 2023,SSP4,Egypt,GDP|PPP [per capita],USD_2017/yr,2080,EGY,54468.01072851893,53981.3,486.71072851892677,0.9016283944975886
OECD ENV-Growth 2023,SSP4,Egypt,GDP|PPP [per capita],USD_2017/yr,2085,EGY,59375.72388544078,58829.4,546.3238854407755,0.9286579251883845
OECD ENV-Growth 2023,SSP4,Egypt,GDP|PPP [per capita],USD_2017/yr,2090,EGY,64517.83429766769,63909.2,608.6342976676897,0.9523422256383897
OECD ENV-Growth 2023,SSP4,Egypt,GDP|PPP [per capita],USD_2017/yr,2095,EGY,70035.10162499206,69359.1,676.0016249920591,0.9746401337273105
OECD ENV-Growth 2023,SSP4,Egypt,GDP|PPP [per capita],USD_2017/yr,2100,EGY,75921.67516232788,75174.8,746.8751623278804,0.993517990507298
OECD ENV-Growth 2023,SSP4,El Salvador,GDP|PPP [per capita],USD_2017/yr,2025,SLV,9934.123255915398,9898.7,35.42325591539702,0.35785765722162527
OECD ENV-Growth 2023,SSP4,El Salvador,GDP|PPP [per capita],USD_2017/yr,2030,SLV,10846.812823381788,10798.1,48.71282338178753,0.451124025354345
OECD ENV-Growth 2023,SSP4,El Salvador,GDP|PPP [per capita],USD_2017/yr,2035,SLV,12111.00807595059,12052.3,58.70807595059159,0.4871109742587854
OECD ENV-Growth 2023,SSP4,El Salvador,GDP|PPP [per capita],USD_2017/yr,2040,SLV,13592.520712097736,13521.5,71.02071209773567,0.5252428509983039
OECD ENV-Growth 2023,SSP4,El Salvador,GDP|PPP [per capita],USD_2017/yr,2045,SLV,15270.26696521691,15179.3,90.96696521691047,0.5992830052565696
OECD ENV-Growth 2023,SSP4,El Salvador,GDP|PPP [per capita],USD_2017/yr,2050,SLV,17216.781453215724,17097.5,119.28145321572447,0.6976543542373123
OECD ENV-Growth 2023,SSP4,El Salvador,GDP|PPP [per capita],USD_2017/yr,2055,SLV,19476.138474433643,19322.1,154.0384744336443,0.7972139386176673
OECD ENV-Growth 2023,SSP4,El Salvador,GDP|PPP [per capita],USD_2017/yr,2060,SLV,22025.807175915805,21834.9,190.90717591580324,0.8743212742710214
OECD ENV-Growth 2023,SSP4,El Salvador,GDP|PPP [per capita],USD_2017/yr,2065,SLV,24929.654877221314,24700.7,228.95487722131293,0.9269165538681613
OECD ENV-Growth 2023,SSP4,El Salvador,GDP|PPP [per capita],USD_2017/yr,2070,SLV,28198.39507128496,27926.5,271.89507128495825,0.9736095510893175
OECD ENV-Growth 2023,SSP4,El Salvador,GDP|PPP [per capita],USD_2017/yr,2075,SLV,31863.32081993525,31538.5,324.82081993524844,1.0299184169673525
OECD ENV-Growth 2023,SSP4,El Salvador,GDP|PPP [per capita],USD_2017/yr,2080,SLV,35841.36223924139,35451.8,389.5622392413861,1.0988503806333842
OECD ENV-Growth 2023,SSP4,El Salvador,GDP|PPP [per capita],USD_2017/yr,2085,SLV,40143.00563162543,39677.2,465.80563162542967,1.1739881635433693
OECD ENV-Growth 2023,SSP4,El Salvador,GDP|PPP [per capita],USD_2017/yr,2090,SLV,44820.83448395782,44267.7,553.1344839578232,1.2495216240234375
OECD ENV-Growth 2023,SSP4,El Salvador,GDP|PPP [per capita],USD_2017/yr,2095,SLV,49910.00320158823,49258.4,651.6032015882301,1.3228265668154673
OECD ENV-Growth 2023,SSP4,El Salvador,GDP|PPP [per capita],USD_2017/yr,2100,SLV,55456.190986919544,54695.4,760.7909869195428,1.3909597277276384
OECD ENV-Growth 2023,SSP4,Equatorial Guinea,GDP|PPP [per capita],USD_2017/yr,2025,GNQ,11734.652850527931,11712.2,22.452850527930423,0.1917048080457166
OECD ENV-Growth 2023,SSP4,Equatorial Guinea,GDP|PPP [per capita],USD_2017/yr,2030,GNQ,10168.42102127123,10142.5,25.92102127122962,0.25556836353196566
OECD ENV-Growth 2023,SSP4,Equatorial Guinea,GDP|PPP [per capita],USD_2017/yr,2035,GNQ,10751.143507406734,10724.4,26.743507406734352,0.24937066322343768
OECD ENV-Growth 2023,SSP4,Equatorial Guinea,GDP|PPP [per capita],USD_2017/yr,2040,GNQ,11675.155055229388,11645,30.15505522938838,0.25895281433566664
OECD ENV-Growth 2023,SSP4,Equatorial Guinea,GDP|PPP [per capita],USD_2017/yr,2045,GNQ,12971.280266906708,12930.4,40.88026690670813,0.31615624347822285
OECD ENV-Growth 2023,SSP4,Equatorial Guinea,GDP|PPP [per capita],USD_2017/yr,2050,GNQ,14618.840815176523,14569.6,49.24081517652303,0.3379695748443542
OECD ENV-Growth 2023,SSP4,Equatorial Guinea,GDP|PPP [per capita],USD_2017/yr,2055,GNQ,16634.406528117,16581.5,52.90652811700056,0.31906961443174964
OECD ENV-Growth 2023,SSP4,Equatorial Guinea,GDP|PPP [per capita],USD_2017/yr,2060,GNQ,19020.49582414009,18971.1,49.395824140090554,0.2603740644458706
OECD ENV-Growth 2023,SSP4,Equatorial Guinea,GDP|PPP [per capita],USD_2017/yr,2065,GNQ,21770.964796285367,21736.6,34.36479628536836,0.15809646534126018
OECD ENV-Growth 2023,SSP4,Eritrea,GDP|PPP [per capita],USD_2017/yr,2025,ERI,1825.7016822740136,1814.29,11.411682274013629,0.6289888757593124
OECD ENV-Growth 2023,SSP4,Eritrea,GDP|PPP [per capita],USD_2017/yr,2030,ERI,1968.9549670387255,1956.77,12.184967038725517,0.6227081894512649
OECD ENV-Growth 2023,SSP4,Eritrea,GDP|PPP [per capita],USD_2017/yr,2035,ERI,2242.1292769192137,2228.98,13.149276919213662,0.5899235039889843
OECD ENV-Growth 2023,SSP4,Eritrea,GDP|PPP [per capita],USD_2017/yr,2040,ERI,2617.0595893532686,2602.15,14.90958935326853,0.5729719406363404
OECD ENV-Growth 2023,SSP4,Eritrea,GDP|PPP [per capita],USD_2017/yr,2045,ERI,3068.3197123821915,3049.42,18.89971238219141,0.6197805609654101
OECD ENV-Growth 2023,SSP4,Eritrea,GDP|PPP [per capita],USD_2017/yr,2050,ERI,3575.076678054578,3549.59,25.48667805457808,0.7180175190536957
OECD ENV-Growth 2023,SSP4,Eritrea,GDP|PPP [per capita],USD_2017/yr,2055,ERI,4110.148318086635,4077.2,32.94831808663548,0.8081114021052556
OECD ENV-Growth 2023,SSP4,Eritrea,GDP|PPP [per capita],USD_2017/yr,2060,ERI,4633.318057545612,4593.94,39.37805754561214,0.8571739627773141
OECD ENV-Growth 2023,SSP4,Eritrea,GDP|PPP [per capita],USD_2017/yr,2065,ERI,5140.214567083203,5096.03,44.18456708320355,0.8670389908066387
OECD ENV-Growth 2023,SSP4,Eritrea,GDP|PPP [per capita],USD_2017/yr,2070,ERI,5647.14711649416,5597.37,49.77711649416051,0.8892947311712557
OECD ENV-Growth 2023,SSP4,Eritrea,GDP|PPP [per capita],USD_2017/yr,2075,ERI,6169.271679680657,6113.34,55.931679680657,0.9149119741525418
OECD ENV-Growth 2023,SSP4,Eritrea,GDP|PPP [per capita],USD_2017/yr,2080,ERI,6675.140233628338,6612.08,63.06023362833821,0.9537125023946809
OECD ENV-Growth 2023,SSP4,Eritrea,GDP|PPP [per capita],USD_2017/yr,2085,ERI,7135.338216738746,7065.33,70.00821673874634,0.9908697362861515
OECD ENV-Growth 2023,SSP4,Eritrea,GDP|PPP [per capita],USD_2017/yr,2090,ERI,7546.3811539665,7470.53,75.85115396650053,1.0153383222676373
OECD ENV-Growth 2023,SSP4,Eritrea,GDP|PPP [per capita],USD_2017/yr,2095,ERI,7931.481836201743,7850.86,80.62183620174346,1.0269172574946372
OECD ENV-Growth 2023,SSP4,Eritrea,GDP|PPP [per capita],USD_2017/yr,2100,ERI,8315.812634884747,8230.8,85.01263488474797,1.0328599271607617
OECD ENV-Growth 2023,SSP4,Eswatini,GDP|PPP [per capita],USD_2017/yr,2040,SWZ,13616.76379316238,13592.8,23.96379316238017,0.17629769556221067
OECD ENV-Growth 2023,SSP4,Eswatini,GDP|PPP [per capita],USD_2017/yr,2045,SWZ,15215.391304902952,15165.1,50.291304902952106,0.33162527713600376
OECD ENV-Growth 2023,SSP4,Eswatini,GDP|PPP [per capita],USD_2017/yr,2050,SWZ,17012.722692438827,16929.6,83.12269243882838,0.49099029178969605
OECD ENV-Growth 2023,SSP4,Eswatini,GDP|PPP [per capita],USD_2017/yr,2055,SWZ,19043.64193828269,18930.1,113.54193828269126,0.5997957659108577
OECD ENV-Growth 2023,SSP4,Eswatini,GDP|PPP [per capita],USD_2017/yr,2060,SWZ,21280.569636823544,21139.1,141.46963682354544,0.6692320714862291
OECD ENV-Growth 2023,SSP4,Eswatini,GDP|PPP [per capita],USD_2017/yr,2065,SWZ,23654.06074871028,23484.7,169.36074871027813,0.7211535540597841
OECD ENV-Growth 2023,SSP4,Eswatini,GDP|PPP [per capita],USD_2017/yr,2070,SWZ,26055.48243739851,25853.1,202.38243739851168,0.7828169055104096
OECD ENV-Growth 2023,SSP4,Eswatini,GDP|PPP [per capita],USD_2017/yr,2075,SWZ,28530.310174460326,28289.6,240.71017446032783,0.8508786778898529
OECD ENV-Growth 2023,SSP4,Eswatini,GDP|PPP [per capita],USD_2017/yr,2080,SWZ,31148.4165148556,30866.6,281.81651485559996,0.9130144390882052
OECD ENV-Growth 2023,SSP4,Eswatini,GDP|PPP [per capita],USD_2017/yr,2085,SWZ,33947.66358211939,33625.5,322.16358211939223,0.9580930606813051
OECD ENV-Growth 2023,SSP4,Eswatini,GDP|PPP [per capita],USD_2017/yr,2090,SWZ,36933.35837952939,36572.2,361.1583795293918,0.9875216134916462
OECD ENV-Growth 2023,SSP4,Eswatini,GDP|PPP [per capita],USD_2017/yr,2095,SWZ,40106.762200610305,39706.3,400.4622006103018,1.0085608596376439
OECD ENV-Growth 2023,SSP4,Eswatini,GDP|PPP [per capita],USD_2017/yr,2100,SWZ,43469.89935014832,43027.7,442.199350148323,1.0277085462349207
OECD ENV-Growth 2023,SSP4,Ethiopia,GDP|PPP [per capita],USD_2017/yr,2025,ETH,2775.7116794843564,2756.36,19.351679484356282,0.7020737307302486
OECD ENV-Growth 2023,SSP4,Ethiopia,GDP|PPP [per capita],USD_2017/yr,2030,ETH,3411.727322999928,3386.93,24.797322999928383,0.732147490498132
OECD ENV-Growth 2023,SSP4,Ethiopia,GDP|PPP [per capita],USD_2017/yr,2035,ETH,4094.0322598405937,4064.63,29.402259840593615,0.7233686667813212
OECD ENV-Growth 2023,SSP4,Ethiopia,GDP|PPP [per capita],USD_2017/yr,2040,ETH,4723.977414855909,4689.52,34.45741485590861,0.7347748779386506
OECD ENV-Growth 2023,SSP4,Ethiopia,GDP|PPP [per capita],USD_2017/yr,2045,ETH,5319.9622143081415,5276.94,43.02221430814188,0.8152871608951758
OECD ENV-Growth 2023,SSP4,Ethiopia,GDP|PPP [per capita],USD_2017/yr,2050,ETH,5913.400244523671,5858.37,55.03024452367117,0.9393439561460128
OECD ENV-Growth 2023,SSP4,Ethiopia,GDP|PPP [per capita],USD_2017/yr,2055,ETH,6514.333456034116,6447.26,67.07345603411613,1.0403404862548762
OECD ENV-Growth 2023,SSP4,Ethiopia,GDP|PPP [per capita],USD_2017/yr,2060,ETH,7096.934318800987,7019.88,77.05431880098695,1.097658632355353
OECD ENV-Growth 2023,SSP4,Ethiopia,GDP|PPP [per capita],USD_2017/yr,2065,ETH,7701.4997951441455,7615.89,85.60979514414521,1.1240944281514729
OECD ENV-Growth 2023,SSP4,Ethiopia,GDP|PPP [per capita],USD_2017/yr,2070,ETH,8310.909670290217,8216.33,94.57967029021711,1.1511182035071268
OECD ENV-Growth 2023,SSP4,Ethiopia,GDP|PPP [per capita],USD_2017/yr,2075,ETH,8962.121711220518,8856.7,105.42171122051695,1.1903046419153516
OECD ENV-Growth 2023,SSP4,Ethiopia,GDP|PPP [per capita],USD_2017/yr,2080,ETH,9605.868953612,9488.65,117.2189536120004,1.2353596519209837
OECD ENV-Growth 2023,SSP4,Ethiopia,GDP|PPP [per capita],USD_2017/yr,2085,ETH,10202.382390533578,10073.9,128.48239053357793,1.275398708877177
OECD ENV-Growth 2023,SSP4,Ethiopia,GDP|PPP [per capita],USD_2017/yr,2090,ETH,10737.353505416027,10599.3,138.0535054160282,1.3024775731984963
OECD ENV-Growth 2023,SSP4,Ethiopia,GDP|PPP [per capita],USD_2017/yr,2095,ETH,11228.378588046837,11082.7,145.678588046836,1.3144683880898698
OECD ENV-Growth 2023,SSP4,Ethiopia,GDP|PPP [per capita],USD_2017/yr,2100,ETH,11707.822654009216,11555.6,152.22265400921606,1.317306362362976
OECD ENV-Growth 2023,SSP4,Fiji,GDP|PPP [per capita],USD_2017/yr,2025,FJI,14156.83435212887,14096.2,60.63435212886907,0.4301467922480461
OECD ENV-Growth 2023,SSP4,Fiji,GDP|PPP [per capita],USD_2017/yr,2030,FJI,16238.631446665897,16145.2,93.43144666589615,0.5786948855752555
OECD ENV-Growth 2023,SSP4,Fiji,GDP|PPP [per capita],USD_2017/yr,2035,FJI,18717.211034015927,18592.8,124.41103401592773,0.6691355471791647
OECD ENV-Growth 2023,SSP4,Fiji,GDP|PPP [per capita],USD_2017/yr,2040,FJI,21854.894930783787,21698.3,156.59493078378728,0.7216921638275223
OECD ENV-Growth 2023,SSP4,Fiji,GDP|PPP [per capita],USD_2017/yr,2045,FJI,25809.592584481157,25603.6,205.9925844811587,0.8045453939335043
OECD ENV-Growth 2023,SSP4,Fiji,GDP|PPP [per capita],USD_2017/yr,2050,FJI,30504.441530819448,30228.5,275.9415308194475,0.9128522117188995
OECD ENV-Growth 2023,SSP4,Fiji,GDP|PPP [per capita],USD_2017/yr,2055,FJI,35903.60192772598,35545.4,358.2019277259751,1.0077307548261523
OECD ENV-Growth 2023,SSP4,Fiji,GDP|PPP [per capita],USD_2017/yr,2060,FJI,41907.176172355175,41457.9,449.2761723551739,1.0836925467888483
OECD ENV-Growth 2023,SSP4,Fiji,GDP|PPP [per capita],USD_2017/yr,2065,FJI,48446.34619032626,47893.3,553.0461903262549,1.1547464683499673
OECD ENV-Growth 2023,SSP4,Fiji,GDP|PPP [per capita],USD_2017/yr,2070,FJI,55555.631349428695,54894.3,661.3313494286922,1.2047359187177762
OECD ENV-Growth 2023,SSP4,Fiji,GDP|PPP [per capita],USD_2017/yr,2075,FJI,63288.154597018845,62516.7,771.4545970188483,1.2339976310631373
OECD ENV-Growth 2023,SSP4,Fiji,GDP|PPP [per capita],USD_2017/yr,2080,FJI,71617.61023250438,70726.3,891.3102325043728,1.260224601745564
OECD ENV-Growth 2023,SSP4,Fiji,GDP|PPP [per capita],USD_2017/yr,2085,FJI,80598.69820812627,79573,1025.6982081262686,1.2890028126704642
OECD ENV-Growth 2023,SSP4,Fiji,GDP|PPP [per capita],USD_2017/yr,2090,FJI,90148.16396484578,88972,1176.1639648457785,1.3219484386613525
OECD ENV-Growth 2023,SSP4,Fiji,GDP|PPP [per capita],USD_2017/yr,2095,FJI,100345.7817888258,99004.5,1341.2817888257996,1.3547685093362418
OECD ENV-Growth 2023,SSP4,Fiji,GDP|PPP [per capita],USD_2017/yr,2100,FJI,111120.40887263924,109607,1513.4088726392365,1.3807593243490255
OECD ENV-Growth 2023,SSP4,French Guiana,GDP|PPP [per capita],USD_2017/yr,2025,GUF,50180.03212307425,49812.3,367.73212307424546,0.7382355825252909
OECD ENV-Growth 2023,SSP4,French Guiana,GDP|PPP [per capita],USD_2017/yr,2030,GUF,52270.91189936141,51775.9,495.0118993614087,0.9560662380787368
OECD ENV-Growth 2023,SSP4,French Guiana,GDP|PPP [per capita],USD_2017/yr,2035,GUF,54155.24013299981,53622.9,532.3401329998087,0.9927477495618638
OECD ENV-Growth 2023,SSP4,French Guiana,GDP|PPP [per capita],USD_2017/yr,2040,GUF,56500.22851919561,55968.6,531.6285191956122,0.9498692466769085
OECD ENV-Growth 2023,SSP4,French Guiana,GDP|PPP [per capita],USD_2017/yr,2045,GUF,59658.44162676908,59112.6,545.8416267690845,0.9233930274917437
OECD ENV-Growth 2023,SSP4,French Guiana,GDP|PPP [per capita],USD_2017/yr,2050,GUF,63460.20545043085,62843.3,616.9054504308442,0.9816566768945045
OECD ENV-Growth 2023,SSP4,French Guiana,GDP|PPP [per capita],USD_2017/yr,2055,GUF,67910.71454627697,67159.1,751.6145462769637,1.1191551796807335
OECD ENV-Growth 2023,SSP4,French Guiana,GDP|PPP [per capita],USD_2017/yr,2060,GUF,72765.14321704365,71863.5,901.6432170436456,1.2546608738005325
OECD ENV-Growth 2023,SSP4,French Guiana,GDP|PPP [per capita],USD_2017/yr,2065,GUF,78327.06256545517,77311.9,1015.1625654551754,1.313074139240111
OECD ENV-Growth 2023,SSP4,French Guiana,GDP|PPP [per capita],USD_2017/yr,2070,GUF,84574.19354838709,83474.9,1099.293548387097,1.3169150827219884
OECD ENV-Growth 2023,SSP4,French Guiana,GDP|PPP [per capita],USD_2017/yr,2075,GUF,91561.01443730568,90375.4,1185.6144373056886,1.3118773884327912
OECD ENV-Growth 2023,SSP4,French Guiana,GDP|PPP [per capita],USD_2017/yr,2080,GUF,98997.83125296344,97696.4,1301.431252963448,1.3321179214008378
OECD ENV-Growth 2023,SSP4,French Guiana,GDP|PPP [per capita],USD_2017/yr,2085,GUF,106792.38172151544,105333,1459.3817215154413,1.3854933605949145
OECD ENV-Growth 2023,SSP4,French Guiana,GDP|PPP [per capita],USD_2017/yr,2090,GUF,115025.88996763754,113370,1655.889967637544,1.4606068339397937
OECD ENV-Growth 2023,SSP4,French Guiana,GDP|PPP [per capita],USD_2017/yr,2095,GUF,123939.91609229847,122068,1871.9160922984738,1.5335027134863142
OECD ENV-Growth 2023,SSP4,French Guiana,GDP|PPP [per capita],USD_2017/yr,2100,GUF,133651.34096841412,131559,2092.3409684141225,1.5904202437036785
OECD ENV-Growth 2023,SSP4,Gabon,GDP|PPP [per capita],USD_2017/yr,2025,GAB,14330.65939144304,14302.8,27.859391443040295,0.19478277989652584
OECD ENV-Growth 2023,SSP4,Gabon,GDP|PPP [per capita],USD_2017/yr,2030,GAB,15243.777187266143,15200.5,43.2771872661433,0.28470897185055294
OECD ENV-Growth 2023,SSP4,Gabon,GDP|PPP [per capita],USD_2017/yr,2035,GAB,16900.401563634183,16846.8,53.60156363418355,0.3181705940248804
OECD ENV-Growth 2023,SSP4,Gabon,GDP|PPP [per capita],USD_2017/yr,2040,GAB,18542.07852733219,18479.1,62.978527332190424,0.3408094946842131
OECD ENV-Growth 2023,SSP4,Gabon,GDP|PPP [per capita],USD_2017/yr,2045,GAB,20309.30391744344,20231.8,77.50391744344233,0.3830796935687499
OECD ENV-Growth 2023,SSP4,Gabon,GDP|PPP [per capita],USD_2017/yr,2050,GAB,22262.64879872885,22162.8,99.84879872884994,0.4505242962479919
OECD ENV-Growth 2023,SSP4,Gabon,GDP|PPP [per capita],USD_2017/yr,2055,GAB,24468.787219610676,24340.5,128.2872196106764,0.5270525240265254
OECD ENV-Growth 2023,SSP4,Gabon,GDP|PPP [per capita],USD_2017/yr,2060,GAB,26982.821768232778,26823.7,159.12176823277696,0.5932133457829343
OECD ENV-Growth 2023,SSP4,Gabon,GDP|PPP [per capita],USD_2017/yr,2065,GAB,29847.147480448493,29655.5,191.6474804484933,0.6462459929810432
OECD ENV-Growth 2023,SSP4,Gabon,GDP|PPP [per capita],USD_2017/yr,2070,GAB,33002.496085878745,32780.6,221.89608587874682,0.6769128261189449
OECD ENV-Growth 2023,SSP4,Gabon,GDP|PPP [per capita],USD_2017/yr,2075,GAB,36383.0615366637,36129.1,253.96153666370083,0.7029279352757218
OECD ENV-Growth 2023,SSP4,Gabon,GDP|PPP [per capita],USD_2017/yr,2080,GAB,39938.60932704188,39646.2,292.4093270418816,0.7375469201131045
OECD ENV-Growth 2023,SSP4,Gabon,GDP|PPP [per capita],USD_2017/yr,2085,GAB,43680.05338928879,43342.3,337.75338928878773,0.7792696494851166
OECD ENV-Growth 2023,SSP4,Gabon,GDP|PPP [per capita],USD_2017/yr,2090,GAB,47673.56014099113,47284.7,388.86014099113527,0.822380476118354
OECD ENV-Growth 2023,SSP4,Gabon,GDP|PPP [per capita],USD_2017/yr,2095,GAB,52008.689763952585,51566.1,442.5897639525865,0.8582959811825726
OECD ENV-Growth 2023,SSP4,Gabon,GDP|PPP [per capita],USD_2017/yr,2100,GAB,56711.56982480648,56215.8,495.7698248064771,0.8819047755372638
OECD ENV-Growth 2023,SSP4,Gambia,GDP|PPP [per capita],USD_2017/yr,2025,GMB,2421.6115969263533,2406.78,14.831596926353086,0.6162423207087098
OECD ENV-Growth 2023,SSP4,Gambia,GDP|PPP [per capita],USD_2017/yr,2030,GMB,2796.379239750283,2778.5,17.879239750282977,0.6434853248257325
OECD ENV-Growth 2023,SSP4,Gambia,GDP|PPP [per capita],USD_2017/yr,2035,GMB,3309.406129868685,3287.59,21.81612986868504,0.6635903463839785
OECD ENV-Growth 2023,SSP4,Gambia,GDP|PPP [per capita],USD_2017/yr,2040,GMB,3773.582081098931,3748.19,25.392081098931158,0.6774491447587011
OECD ENV-Growth 2023,SSP4,Gambia,GDP|PPP [per capita],USD_2017/yr,2045,GMB,4208.035993070029,4178.12,29.91599307002889,0.7160156498623518
OECD ENV-Growth 2023,SSP4,Gambia,GDP|PPP [per capita],USD_2017/yr,2050,GMB,4659.589266452039,4623.25,36.33926645203883,0.7860112789063716
OECD ENV-Growth 2023,SSP4,Gambia,GDP|PPP [per capita],USD_2017/yr,2055,GMB,5138.117457097956,5094.21,43.90745709795556,0.8619090516087
OECD ENV-Growth 2023,SSP4,Gambia,GDP|PPP [per capita],USD_2017/yr,2060,GMB,5632.393002271638,5580.11,52.283002271638,0.9369528964776321
OECD ENV-Growth 2023,SSP4,Gambia,GDP|PPP [per capita],USD_2017/yr,2065,GMB,6126.764504355469,6066.8,59.96450435546922,0.9884041728006397
OECD ENV-Growth 2023,SSP4,Gambia,GDP|PPP [per capita],USD_2017/yr,2070,GMB,6618.666108849477,6552.59,66.07610884947644,1.0083968148392688
OECD ENV-Growth 2023,SSP4,Gambia,GDP|PPP [per capita],USD_2017/yr,2075,GMB,7121.640855988339,7049.46,72.18085598833932,1.0239203568548416
OECD ENV-Growth 2023,SSP4,Gambia,GDP|PPP [per capita],USD_2017/yr,2080,GMB,7632.610820204736,7553.75,78.86082020473623,1.0439956340193446
OECD ENV-Growth 2023,SSP4,Gambia,GDP|PPP [per capita],USD_2017/yr,2085,GMB,8133.988914854277,8047.93,86.05891485427674,1.0693298134337244
OECD ENV-Growth 2023,SSP4,Gambia,GDP|PPP [per capita],USD_2017/yr,2090,GMB,8617.31344840451,8524.02,93.29344840450904,1.094477117657033
OECD ENV-Growth 2023,SSP4,Gambia,GDP|PPP [per capita],USD_2017/yr,2095,GMB,9080.294471853074,8980.29,100.00447185307348,1.1135995814508604
OECD ENV-Growth 2023,SSP4,Gambia,GDP|PPP [per capita],USD_2017/yr,2100,GMB,9540.125584891926,9434.18,105.94558489192605,1.1229972810771687
OECD ENV-Growth 2023,SSP4,Ghana,GDP|PPP [per capita],USD_2017/yr,2025,GHA,5649.819834795302,5619.43,30.389834795301795,0.5407992411205726
OECD ENV-Growth 2023,SSP4,Ghana,GDP|PPP [per capita],USD_2017/yr,2030,GHA,6526.918874371782,6486.95,39.968874371782476,0.6161427846951568
OECD ENV-Growth 2023,SSP4,Ghana,GDP|PPP [per capita],USD_2017/yr,2035,GHA,7468.726641661751,7423.06,45.66664166175087,0.6151996839814157
OECD ENV-Growth 2023,SSP4,Ghana,GDP|PPP [per capita],USD_2017/yr,2040,GHA,8350.116352355126,8298.78,51.3363523551252,0.6186011962616818
OECD ENV-Growth 2023,SSP4,Ghana,GDP|PPP [per capita],USD_2017/yr,2045,GHA,9242.789453295898,9181.62,61.169453295897256,0.666216346308138
OECD ENV-Growth 2023,SSP4,Ghana,GDP|PPP [per capita],USD_2017/yr,2050,GHA,10221.130047992989,10145.9,75.23004799298906,0.7414822538462735
OECD ENV-Growth 2023,SSP4,Ghana,GDP|PPP [per capita],USD_2017/yr,2055,GHA,11357.183794450766,11263.3,93.8837944507668,0.8335371911497235
OECD ENV-Growth 2023,SSP4,Ghana,GDP|PPP [per capita],USD_2017/yr,2060,GHA,12614.336495819269,12501.8,112.53649581926948,0.9001623431767384
OECD ENV-Growth 2023,SSP4,Ghana,GDP|PPP [per capita],USD_2017/yr,2065,GHA,14019.52059701578,13893.7,125.82059701577964,0.9055946005439849
OECD ENV-Growth 2023,SSP4,Ghana,GDP|PPP [per capita],USD_2017/yr,2070,GHA,15517.89759898267,15378.6,139.29759898267002,0.9057885567130299
OECD ENV-Growth 2023,SSP4,Ghana,GDP|PPP [per capita],USD_2017/yr,2075,GHA,17174.15197201837,17015.3,158.85197201837218,0.9335831399879649
OECD ENV-Growth 2023,SSP4,Ghana,GDP|PPP [per capita],USD_2017/yr,2080,GHA,19001.9216552608,18819.2,182.72165526080062,0.9709321079578335
OECD ENV-Growth 2023,SSP4,Ghana,GDP|PPP [per capita],USD_2017/yr,2085,GHA,20988.304012192937,20778.6,209.70401219293854,1.0092307094459616
OECD ENV-Growth 2023,SSP4,Ghana,GDP|PPP [per capita],USD_2017/yr,2090,GHA,23111.90946198218,22874.6,237.30946198218226,1.037436554003927
OECD ENV-Growth 2023,SSP4,Ghana,GDP|PPP [per capita],USD_2017/yr,2095,GHA,25360.376406946456,25097.4,262.9764069464545,1.0478233081771597
OECD ENV-Growth 2023,SSP4,Ghana,GDP|PPP [per capita],USD_2017/yr,2100,GHA,27755.97232036124,27469.7,286.2723203612404,1.0421385030096448
OECD ENV-Growth 2023,SSP4,Grenada,GDP|PPP [per capita],USD_2017/yr,2025,GRD,16030.031361865242,15985.6,44.43136186524134,0.27794616320464255
OECD ENV-Growth 2023,SSP4,Grenada,GDP|PPP [per capita],USD_2017/yr,2030,GRD,18150.07723536215,18092.2,57.877235362149804,0.3199015894261052
OECD ENV-Growth 2023,SSP4,Grenada,GDP|PPP [per capita],USD_2017/yr,2035,GRD,20826.129823676423,20755.1,71.02982367642471,0.34222828931888893
OECD ENV-Growth 2023,SSP4,Grenada,GDP|PPP [per capita],USD_2017/yr,2040,GRD,24027.29605080015,23937.5,89.7960508001488,0.37512710517033443
OECD ENV-Growth 2023,SSP4,Grenada,GDP|PPP [per capita],USD_2017/yr,2045,GRD,27692.381806458307,27577.8,114.58180645830726,0.41548566766858586
OECD ENV-Growth 2023,SSP4,Grenada,GDP|PPP [per capita],USD_2017/yr,2050,GRD,31764.38733095252,31603.1,161.28733095252028,0.5103528797887558
OECD ENV-Growth 2023,SSP4,Grenada,GDP|PPP [per capita],USD_2017/yr,2055,GRD,36390.58653149891,36170.9,219.6865314989118,0.6073571061237398
OECD ENV-Growth 2023,SSP4,Grenada,GDP|PPP [per capita],USD_2017/yr,2060,GRD,41733.02326249076,41459.3,273.7232624907556,0.6602216209409121
OECD ENV-Growth 2023,SSP4,Grenada,GDP|PPP [per capita],USD_2017/yr,2065,GRD,47836.76111747423,47509.1,327.6611174742284,0.6896807505808958
OECD ENV-Growth 2023,SSP4,Grenada,GDP|PPP [per capita],USD_2017/yr,2070,GRD,54439.07252096695,54055.2,383.8725209669501,0.7101491086277548
OECD ENV-Growth 2023,SSP4,Grenada,GDP|PPP [per capita],USD_2017/yr,2075,GRD,61512.23941055278,61051.4,460.8394105527768,0.7548383993696735
OECD ENV-Growth 2023,SSP4,Grenada,GDP|PPP [per capita],USD_2017/yr,2080,GRD,69071.37322189627,68514.3,557.0732218962657,0.8130758424099287
OECD ENV-Growth 2023,SSP4,Grenada,GDP|PPP [per capita],USD_2017/yr,2085,GRD,77216.91397908339,76550.2,666.7139790833899,0.8709500159155559
OECD ENV-Growth 2023,SSP4,Grenada,GDP|PPP [per capita],USD_2017/yr,2090,GRD,86029.55585136934,85242.6,786.9558513693337,0.9231955047937693
OECD ENV-Growth 2023,SSP4,Grenada,GDP|PPP [per capita],USD_2017/yr,2095,GRD,95541.24861017716,94616,925.2486101771647,0.9778986748300125
OECD ENV-Growth 2023,SSP4,Grenada,GDP|PPP [per capita],USD_2017/yr,2100,GRD,105702.68766163616,104637,1065.687661636155,1.0184615973662805
OECD ENV-Growth 2023,SSP4,Guam,GDP|PPP [per capita],USD_2017/yr,2025,GUM,39074.33598688426,38906.3,168.035986884257,0.4318991702738553
OECD ENV-Growth 2023,SSP4,Guam,GDP|PPP [per capita],USD_2017/yr,2030,GUM,47469.47606162928,47204.7,264.77606162927987,0.5609103789014227
OECD ENV-Growth 2023,SSP4,Guam,GDP|PPP [per capita],USD_2017/yr,2035,GUM,55467.6122675473,55148,319.6122675473016,0.5795536874361746
OECD ENV-Growth 2023,SSP4,Guam,GDP|PPP [per capita],USD_2017/yr,2040,GUM,63440.979076194235,63073.1,367.8790761942364,0.5832582768156891
OECD ENV-Growth 2023,SSP4,Guam,GDP|PPP [per capita],USD_2017/yr,2045,GUM,71466.55947558826,71028.4,438.15947558826883,0.6168792702472093
OECD ENV-Growth 2023,SSP4,Guam,GDP|PPP [per capita],USD_2017/yr,2050,GUM,79356.61465951569,78816.8,539.8146595156868,0.6848979653014164
OECD ENV-Growth 2023,SSP4,Guam,GDP|PPP [per capita],USD_2017/yr,2055,GUM,87097.55263740022,86424.4,673.1526374002278,0.7788918840052437
OECD ENV-Growth 2023,SSP4,Guam,GDP|PPP [per capita],USD_2017/yr,2060,GUM,94454.44778257496,93651.8,802.6477825749607,0.857055371679947
OECD ENV-Growth 2023,SSP4,Guam,GDP|PPP [per capita],USD_2017/yr,2065,GUM,101341.78195308174,100450,891.781953081736,0.8877869119778358
OECD ENV-Growth 2023,SSP4,Guam,GDP|PPP [per capita],USD_2017/yr,2070,GUM,107843.3637518771,106891,952.3637518770993,0.8909672019880993
OECD ENV-Growth 2023,SSP4,Guam,GDP|PPP [per capita],USD_2017/yr,2075,GUM,114381.84855549158,113352,1029.8485554915824,0.9085402599791643
OECD ENV-Growth 2023,SSP4,Guam,GDP|PPP [per capita],USD_2017/yr,2080,GUM,121334.26537168887,120205,1129.2653716888744,0.9394495833691399
OECD ENV-Growth 2023,SSP4,Guam,GDP|PPP [per capita],USD_2017/yr,2085,GUM,128773.3341813672,127501,1272.3341813672014,0.9979013351794899
OECD ENV-Growth 2023,SSP4,Guam,GDP|PPP [per capita],USD_2017/yr,2090,GUM,136696.45842155704,135253,1443.4584215570358,1.067228395345786
OECD ENV-Growth 2023,SSP4,Guam,GDP|PPP [per capita],USD_2017/yr,2095,GUM,145003.10284850234,143399,1604.1028485023417,1.11862903402558
OECD ENV-Growth 2023,SSP4,Guam,GDP|PPP [per capita],USD_2017/yr,2100,GUM,153759.37275310713,151981,1778.3727531071345,1.1701283404551452
OECD ENV-Growth 2023,SSP4,Guatemala,GDP|PPP [per capita],USD_2017/yr,2025,GTM,9487.813631794208,9435.21,52.60363179420892,0.5575247587940165
OECD ENV-Growth 2023,SSP4,Guatemala,GDP|PPP [per capita],USD_2017/yr,2030,GTM,10557.034470875562,10488.3,68.73447087556269,0.6553442490733742
OECD ENV-Growth 2023,SSP4,Guatemala,GDP|PPP [per capita],USD_2017/yr,2035,GTM,11887.284722155857,11806,81.2847221558568,0.6885034910711231
OECD ENV-Growth 2023,SSP4,Guatemala,GDP|PPP [per capita],USD_2017/yr,2040,GTM,13610.989894936853,13514.5,96.48989493685258,0.7139731024962268
OECD ENV-Growth 2023,SSP4,Guatemala,GDP|PPP [per capita],USD_2017/yr,2045,GTM,15841.099155430036,15719.7,121.39915543003553,0.7722739965141544
OECD ENV-Growth 2023,SSP4,Guatemala,GDP|PPP [per capita],USD_2017/yr,2050,GTM,18498.80732832745,18340.2,158.60732832744907,0.8648069722655645
OECD ENV-Growth 2023,SSP4,Guatemala,GDP|PPP [per capita],USD_2017/yr,2055,GTM,21561.306146575407,21357.6,203.70614657540864,0.9537876286446447
OECD ENV-Growth 2023,SSP4,Guatemala,GDP|PPP [per capita],USD_2017/yr,2060,GTM,24918.392533416503,24664.8,253.592533416504,1.0281556445481173
OECD ENV-Growth 2023,SSP4,Guatemala,GDP|PPP [per capita],USD_2017/yr,2065,GTM,28547.83091399815,28241.9,305.93091399814875,1.0832518846046078
OECD ENV-Growth 2023,SSP4,Guatemala,GDP|PPP [per capita],USD_2017/yr,2070,GTM,32371.83613684495,32011.1,360.73613684495285,1.126909530896948
OECD ENV-Growth 2023,SSP4,Guatemala,GDP|PPP [per capita],USD_2017/yr,2075,GTM,36458.10366669794,36035,423.10366669794166,1.1741464317967023
OECD ENV-Growth 2023,SSP4,Guatemala,GDP|PPP [per capita],USD_2017/yr,2080,GTM,40794.79210325059,40299.3,495.4921032505881,1.2295302976741236
OECD ENV-Growth 2023,SSP4,Guatemala,GDP|PPP [per capita],USD_2017/yr,2085,GTM,45362.21215652737,44783.7,578.512156527373,1.2917917825623453
OECD ENV-Growth 2023,SSP4,Guatemala,GDP|PPP [per capita],USD_2017/yr,2090,GTM,50175.81863194957,49505.7,670.1186319495755,1.3536191427443214
OECD ENV-Growth 2023,SSP4,Guatemala,GDP|PPP [per capita],USD_2017/yr,2095,GTM,55239.35468287639,54471.9,767.454682876385,1.408900153797435
OECD ENV-Growth 2023,SSP4,Guatemala,GDP|PPP [per capita],USD_2017/yr,2100,GTM,60573.012964483045,59705.7,867.3129644830478,1.4526468402230404
OECD ENV-Growth 2023,SSP4,Guinea,GDP|PPP [per capita],USD_2017/yr,2025,GIN,3038.438969142954,3018.24,20.19896914295441,0.6692300527113288
OECD ENV-Growth 2023,SSP4,Guinea,GDP|PPP [per capita],USD_2017/yr,2030,GIN,3554.338865819369,3532.49,21.848865819369166,0.6185117528816548
OECD ENV-Growth 2023,SSP4,Guinea,GDP|PPP [per capita],USD_2017/yr,2035,GIN,4292.37496868373,4268.1,24.27496868372964,0.5687535128916763
OECD ENV-Growth 2023,SSP4,Guinea,GDP|PPP [per capita],USD_2017/yr,2040,GIN,5115.422836941823,5086.09,29.33283694182319,0.5767266592180474
OECD ENV-Growth 2023,SSP4,Guinea,GDP|PPP [per capita],USD_2017/yr,2045,GIN,5970.956092335619,5933.34,37.616092335619214,0.6339783719729396
OECD ENV-Growth 2023,SSP4,Guinea,GDP|PPP [per capita],USD_2017/yr,2050,GIN,6849.897042223474,6802.93,46.96704222347398,0.690394318675541
OECD ENV-Growth 2023,SSP4,Guinea,GDP|PPP [per capita],USD_2017/yr,2055,GIN,7745.096885217598,7687.93,57.166885217598065,0.7435926864266201
OECD ENV-Growth 2023,SSP4,Guinea,GDP|PPP [per capita],USD_2017/yr,2060,GIN,8636.856587590986,8570.03,66.82658759098558,0.779770754489606
OECD ENV-Growth 2023,SSP4,Guinea,GDP|PPP [per capita],USD_2017/yr,2065,GIN,9538.374165302384,9458.02,80.35416530238399,0.8495876018699895
OECD ENV-Growth 2023,SSP4,Guinea,GDP|PPP [per capita],USD_2017/yr,2070,GIN,10414.599070681055,10325.7,88.89907068105458,0.8609495790218056
OECD ENV-Growth 2023,SSP4,Guinea,GDP|PPP [per capita],USD_2017/yr,2075,GIN,11303.261596135088,11204.9,98.3615961350879,0.877844479960445
OECD ENV-Growth 2023,SSP4,Guinea,GDP|PPP [per capita],USD_2017/yr,2080,GIN,12169.272261204958,12060.8,108.47226120495907,0.8993786581732478
OECD ENV-Growth 2023,SSP4,Guinea,GDP|PPP [per capita],USD_2017/yr,2085,GIN,13025.862245740194,12906.6,119.26224574019398,0.9240407678257169
OECD ENV-Growth 2023,SSP4,Guinea,GDP|PPP [per capita],USD_2017/yr,2090,GIN,13829.755576348893,13700.1,129.65557634889228,0.9463841603265105
OECD ENV-Growth 2023,SSP4,Guinea,GDP|PPP [per capita],USD_2017/yr,2095,GIN,14588.406302342051,14449.2,139.20630234205055,0.9634187521942429
OECD ENV-Growth 2023,SSP4,Guinea,GDP|PPP [per capita],USD_2017/yr,2100,GIN,15307.38703488162,15160.2,147.18703488161918,0.9708779229932268
OECD ENV-Growth 2023,SSP4,Guinea-Bissau,GDP|PPP [per capita],USD_2017/yr,2025,GNB,2432.0729647623207,2429.24,2.8329647623208984,0.11661938558235904
OECD ENV-Growth 2023,SSP4,Guinea-Bissau,GDP|PPP [per capita],USD_2017/yr,2030,GNB,2800.7589448387776,2797.67,3.088944838777479,0.11041133653281049
OECD ENV-Growth 2023,SSP4,Guinea-Bissau,GDP|PPP [per capita],USD_2017/yr,2035,GNB,3213.461998289498,3209.64,3.8219982894979694,0.11907872189709655
OECD ENV-Growth 2023,SSP4,Guinea-Bissau,GDP|PPP [per capita],USD_2017/yr,2040,GNB,3612.789018463019,3607.35,5.439018463019238,0.15077601183747733
OECD ENV-Growth 2023,SSP4,Guinea-Bissau,GDP|PPP [per capita],USD_2017/yr,2045,GNB,3997.4965445760927,3989.3,8.196544576092492,0.2054632285386532
OECD ENV-Growth 2023,SSP4,Guinea-Bissau,GDP|PPP [per capita],USD_2017/yr,2050,GNB,4400.929210014282,4389.46,11.469210014281998,0.2612897717323315
OECD ENV-Growth 2023,SSP4,Guinea-Bissau,GDP|PPP [per capita],USD_2017/yr,2055,GNB,4838.448932875397,4823.38,15.068932875396968,0.3124143831793673
OECD ENV-Growth 2023,SSP4,Guinea-Bissau,GDP|PPP [per capita],USD_2017/yr,2060,GNB,5291.7991903011925,5272.83,18.96919030119261,0.35975349672173407
OECD ENV-Growth 2023,SSP4,Guinea-Bissau,GDP|PPP [per capita],USD_2017/yr,2065,GNB,5762.99118237513,5740.41,22.581182375130084,0.3933722917897865
OECD ENV-Growth 2023,SSP4,Guinea-Bissau,GDP|PPP [per capita],USD_2017/yr,2070,GNB,6248.858688243781,6223.2,25.6586882437814,0.41230698424896195
OECD ENV-Growth 2023,SSP4,Guinea-Bissau,GDP|PPP [per capita],USD_2017/yr,2075,GNB,6754.056488682941,6725.1,28.95648868294029,0.4305733547893755
OECD ENV-Growth 2023,SSP4,Guinea-Bissau,GDP|PPP [per capita],USD_2017/yr,2080,GNB,7263.641200055083,7230.93,32.71120005508237,0.45237887872075055
OECD ENV-Growth 2023,SSP4,Guinea-Bissau,GDP|PPP [per capita],USD_2017/yr,2085,GNB,7765.396996416896,7728.66,36.736996416896545,0.475334617086229
OECD ENV-Growth 2023,SSP4,Guinea-Bissau,GDP|PPP [per capita],USD_2017/yr,2090,GNB,8261.081101008573,8220.47,40.611101008573314,0.49402407658653724
OECD ENV-Growth 2023,SSP4,Guinea-Bissau,GDP|PPP [per capita],USD_2017/yr,2095,GNB,8756.38805413679,8712.28,44.10805413679009,0.5062745244274757
OECD ENV-Growth 2023,SSP4,Guinea-Bissau,GDP|PPP [per capita],USD_2017/yr,2100,GNB,9263.959451900357,9216.87,47.089451900355925,0.5109050241606524
OECD ENV-Growth 2023,SSP4,Guyana,GDP|PPP [per capita],USD_2017/yr,2025,GUY,73717.10632147639,73300.8,416.30632147638244,0.5679423982772117
OECD ENV-Growth 2023,SSP4,Guyana,GDP|PPP [per capita],USD_2017/yr,2030,GUY,150008.9037918039,148808,1200.9037918038957,0.8070156119320842
OECD ENV-Growth 2023,SSP4,Guyana,GDP|PPP [per capita],USD_2017/yr,2035,GUY,228541.0757272802,226457,2084.0757272802,0.9202964480145017
OECD ENV-Growth 2023,SSP4,Guyana,GDP|PPP [per capita],USD_2017/yr,2040,GUY,300901.3096639109,298021,2880.3096639108844,0.966478759520599
OECD ENV-Growth 2023,SSP4,Guyana,GDP|PPP [per capita],USD_2017/yr,2045,GUY,344576.4919216046,341005,3571.491921604611,1.0473429778462517
OECD ENV-Growth 2023,SSP4,Guyana,GDP|PPP [per capita],USD_2017/yr,2050,GUY,350639.12791847024,346528,4111.1279184702435,1.1863768349080719
OECD ENV-Growth 2023,SSP4,Guyana,GDP|PPP [per capita],USD_2017/yr,2055,GUY,331895.55248861003,327554,4341.552488610032,1.3254463351416963
OECD ENV-Growth 2023,SSP4,Guyana,GDP|PPP [per capita],USD_2017/yr,2060,GUY,304036.98804048507,299720,4316.98804048507,1.440340331137418
OECD ENV-Growth 2023,SSP4,Guyana,GDP|PPP [per capita],USD_2017/yr,2065,GUY,277372.48568922625,273219,4153.485689226247,1.5202038252194199
OECD ENV-Growth 2023,SSP4,Guyana,GDP|PPP [per capita],USD_2017/yr,2070,GUY,255389.45924755264,251397,3992.4592475526442,1.5881093440067482
OECD ENV-Growth 2023,SSP4,Guyana,GDP|PPP [per capita],USD_2017/yr,2075,GUY,238155.57589162767,234245,3910.575891627668,1.6694383622393938
OECD ENV-Growth 2023,SSP4,Guyana,GDP|PPP [per capita],USD_2017/yr,2080,GUY,224526.3122677409,220626,3900.3122677408974,1.7678389073549343
OECD ENV-Growth 2023,SSP4,Guyana,GDP|PPP [per capita],USD_2017/yr,2085,GUY,213728.91677591472,209793,3935.916775914724,1.8760953777841605
OECD ENV-Growth 2023,SSP4,Guyana,GDP|PPP [per capita],USD_2017/yr,2090,GUY,205252.14764934545,201270,3982.147649345454,1.9785102843669966
OECD ENV-Growth 2023,SSP4,Guyana,GDP|PPP [per capita],USD_2017/yr,2095,GUY,198807.2892803831,194770,4037.289280383091,2.072849658768338
OECD ENV-Growth 2023,SSP4,Guyana,GDP|PPP [per capita],USD_2017/yr,2100,GUY,194151.7039208501,190057,4094.7039208500937,2.1544609884666674
OECD ENV-Growth 2023,SSP4,Haiti,GDP|PPP [per capita],USD_2017/yr,2025,HTI,2724.966568949508,2710.59,14.376568949508055,0.5303852279211557
OECD ENV-Growth 2023,SSP4,Haiti,GDP|PPP [per capita],USD_2017/yr,2030,HTI,2839.3856545238514,2821.77,17.61565452385139,0.6242767668467448
OECD ENV-Growth 2023,SSP4,Haiti,GDP|PPP [per capita],USD_2017/yr,2035,HTI,3282.7786487530066,3260.34,22.43864875300642,0.6882303303645146
OECD ENV-Growth 2023,SSP4,Haiti,GDP|PPP [per capita],USD_2017/yr,2040,HTI,3799.742000780316,3771.73,28.012000780316157,0.7426830865495716
OECD ENV-Growth 2023,SSP4,Haiti,GDP|PPP [per capita],USD_2017/yr,2045,HTI,4374.133762002234,4338.8,35.333762002233925,0.8143671522594709
OECD ENV-Growth 2023,SSP4,Haiti,GDP|PPP [per capita],USD_2017/yr,2050,HTI,5067.0018557612375,5021.65,45.35185576123786,0.9031265771457162
OECD ENV-Growth 2023,SSP4,Haiti,GDP|PPP [per capita],USD_2017/yr,2055,HTI,5927.90271770432,5869.24,58.66271770432013,0.9994942736081696
OECD ENV-Growth 2023,SSP4,Haiti,GDP|PPP [per capita],USD_2017/yr,2060,HTI,6962.924138531035,6887.8,75.12413853103499,1.0906840868061642
OECD ENV-Growth 2023,SSP4,Haiti,GDP|PPP [per capita],USD_2017/yr,2065,HTI,8183.612077453612,8089.22,94.39207745361182,1.1668872580250238
OECD ENV-Growth 2023,SSP4,Haiti,GDP|PPP [per capita],USD_2017/yr,2070,HTI,9554.547626896823,9438.51,116.03762689682299,1.2294061975547304
OECD ENV-Growth 2023,SSP4,Haiti,GDP|PPP [per capita],USD_2017/yr,2075,HTI,11118.769714945774,10977.4,141.36971494577483,1.2878251220304884
OECD ENV-Growth 2023,SSP4,Haiti,GDP|PPP [per capita],USD_2017/yr,2080,HTI,12908.512476394952,12736.6,171.91247639495123,1.3497517107780037
OECD ENV-Growth 2023,SSP4,Haiti,GDP|PPP [per capita],USD_2017/yr,2085,HTI,14964.890508634342,14756.6,208.29050863434168,1.4115074518137083
OECD ENV-Growth 2023,SSP4,Haiti,GDP|PPP [per capita],USD_2017/yr,2090,HTI,17324.478023826865,17074.2,250.27802382686423,1.4658257712037122
OECD ENV-Growth 2023,SSP4,Haiti,GDP|PPP [per capita],USD_2017/yr,2095,HTI,20007.21030195736,19710.5,296.71030195735875,1.5053413254730157
OECD ENV-Growth 2023,SSP4,Haiti,GDP|PPP [per capita],USD_2017/yr,2100,HTI,23026.54084875437,22680.6,345.94084875436965,1.5252720331665373
OECD ENV-Growth 2023,SSP4,Honduras,GDP|PPP [per capita],USD_2017/yr,2025,HND,6045.558333546523,6015.15,30.408333546522954,0.5055290981359227
OECD ENV-Growth 2023,SSP4,Honduras,GDP|PPP [per capita],USD_2017/yr,2030,HND,6752.312037413906,6712.43,39.88203741390589,0.594152004771832
OECD ENV-Growth 2023,SSP4,Honduras,GDP|PPP [per capita],USD_2017/yr,2035,HND,7626.238055197486,7579.84,46.39805519748552,0.6121244669740459
OECD ENV-Growth 2023,SSP4,Honduras,GDP|PPP [per capita],USD_2017/yr,2040,HND,8671.546017240613,8616.8,54.74601724061358,0.6353404656092004
OECD ENV-Growth 2023,SSP4,Honduras,GDP|PPP [per capita],USD_2017/yr,2045,HND,9878.750097014943,9809.92,68.83009701494302,0.7016376995423308
OECD ENV-Growth 2023,SSP4,Honduras,GDP|PPP [per capita],USD_2017/yr,2050,HND,11295.69800040552,11206.5,89.19800040552036,0.7959487833446693
OECD ENV-Growth 2023,SSP4,Honduras,GDP|PPP [per capita],USD_2017/yr,2055,HND,12938.485394596812,12825.2,113.28539459681087,0.8833031422263268
OECD ENV-Growth 2023,SSP4,Honduras,GDP|PPP [per capita],USD_2017/yr,2060,HND,14788.60990389071,14648.7,139.90990389070976,0.9551011618144254
OECD ENV-Growth 2023,SSP4,Honduras,GDP|PPP [per capita],USD_2017/yr,2065,HND,16897.730974706763,16729.1,168.6309747067644,1.0080098433673323
OECD ENV-Growth 2023,SSP4,Honduras,GDP|PPP [per capita],USD_2017/yr,2070,HND,19293.59526785179,19093.4,200.19526785178823,1.0485050742758661
OECD ENV-Growth 2023,SSP4,Honduras,GDP|PPP [per capita],USD_2017/yr,2075,HND,21977.434169853248,21739.8,237.63416985324875,1.0930835143527022
OECD ENV-Growth 2023,SSP4,Honduras,GDP|PPP [per capita],USD_2017/yr,2080,HND,24914.488925350823,24632.2,282.28892535082196,1.1460158871348152
OECD ENV-Growth 2023,SSP4,Honduras,GDP|PPP [per capita],USD_2017/yr,2085,HND,28097.820566583458,27763.3,334.5205665834583,1.2049020346409045
OECD ENV-Growth 2023,SSP4,Honduras,GDP|PPP [per capita],USD_2017/yr,2090,HND,31553.08056924933,31158.7,394.3805692493297,1.2657157366941807
OECD ENV-Growth 2023,SSP4,Honduras,GDP|PPP [per capita],USD_2017/yr,2095,HND,35314.32014791407,34852.4,461.92014791406837,1.3253610882294142
OECD ENV-Growth 2023,SSP4,Honduras,GDP|PPP [per capita],USD_2017/yr,2100,HND,39432.295462155744,38896.1,536.1954621557452,1.3785327119061943
OECD ENV-Growth 2023,SSP4,India,GDP|PPP [per capita],USD_2017/yr,2025,IND,8199.95823513582,8169.78,30.178235135820614,0.36938858984967304
OECD ENV-Growth 2023,SSP4,India,GDP|PPP [per capita],USD_2017/yr,2030,IND,10377.259786917062,10329.3,47.95978691706296,0.4643082001400188
OECD ENV-Growth 2023,SSP4,India,GDP|PPP [per capita],USD_2017/yr,2035,IND,12417.81757901761,12355.6,62.21757901760975,0.5035577310499673
OECD ENV-Growth 2023,SSP4,India,GDP|PPP [per capita],USD_2017/yr,2040,IND,14385.249517206195,14312.7,72.54951720619465,0.5068891069203899
OECD ENV-Growth 2023,SSP4,India,GDP|PPP [per capita],USD_2017/yr,2045,IND,16343.630648300095,16255.6,88.03064830009498,0.5415404432939724
OECD ENV-Growth 2023,SSP4,India,GDP|PPP [per capita],USD_2017/yr,2050,IND,18425.920306201187,18305.4,120.52030620118603,0.6583866301811816
OECD ENV-Growth 2023,SSP4,India,GDP|PPP [per capita],USD_2017/yr,2055,IND,20642.710193374303,20478.6,164.1101933743048,0.8013740850170656
OECD ENV-Growth 2023,SSP4,India,GDP|PPP [per capita],USD_2017/yr,2060,IND,22923.219554645155,22720.3,202.91955464515559,0.8931200496699234
OECD ENV-Growth 2023,SSP4,India,GDP|PPP [per capita],USD_2017/yr,2065,IND,25274.53631753368,25042.2,232.33631753367808,0.9277791788807616
OECD ENV-Growth 2023,SSP4,India,GDP|PPP [per capita],USD_2017/yr,2070,IND,27699.67177048971,27438.5,261.17177048970916,0.95184419880718385
OECD ENV-Growth 2023,SSP4,India,GDP|PPP [per capita],USD_2017/yr,2075,IND,30280.974046562715,29981.2,299.7740465627139,0.9998734092121526
OECD ENV-Growth 2023,SSP4,India,GDP|PPP [per capita],USD_2017/yr,2080,IND,32970.752260647954,32618.2,352.5522606479535,1.080845235629046
OECD ENV-Growth 2023,SSP4,India,GDP|PPP [per capita],USD_2017/yr,2085,IND,35727.163708241584,35312.8,414.36370824158075,1.1734093819849478
OECD ENV-Growth 2023,SSP4,India,GDP|PPP [per capita],USD_2017/yr,2090,IND,38518.94251522838,38044,474.9425152283802,1.2484032047849338
OECD ENV-Growth 2023,SSP4,India,GDP|PPP [per capita],USD_2017/yr,2095,IND,41376.33255612318,40849.2,527.1325561231861,1.2904354457937637
OECD ENV-Growth 2023,SSP4,India,GDP|PPP [per capita],USD_2017/yr,2100,IND,44369.70796372778,43797.9,571.807963727777,1.3055602294351485
OECD ENV-Growth 2023,SSP4,Indonesia,GDP|PPP [per capita],USD_2017/yr,2025,IDN,14268.93961118748,14228.3,40.639611187480114,0.2856252060153365
OECD ENV-Growth 2023,SSP4,Indonesia,GDP|PPP [per capita],USD_2017/yr,2030,IDN,17027.613854295192,16979.2,48.41385429519141,0.2851362507962178
OECD ENV-Growth 2023,SSP4,Indonesia,GDP|PPP [per capita],USD_2017/yr,2035,IDN,19450.64246267641,19393.6,57.04246267641065,0.2941303454562879
OECD ENV-Growth 2023,SSP4,Indonesia,GDP|PPP [per capita],USD_2017/yr,2040,IDN,21728.572051484247,21662.9,65.67205148424546,0.30315447832121023
OECD ENV-Growth 2023,SSP4,Indonesia,GDP|PPP [per capita],USD_2017/yr,2045,IDN,23816.507325569975,23730.3,86.20732556997609,0.3632795437477659
OECD ENV-Growth 2023,SSP4,Indonesia,GDP|PPP [per capita],USD_2017/yr,2050,IDN,25824.994377904182,25714.4,110.59437790418087,0.43008733590587717
OECD ENV-Growth 2023,SSP4,Indonesia,GDP|PPP [per capita],USD_2017/yr,2055,IDN,27917.924760887006,27779,138.9247608870064,0.500107134479306
OECD ENV-Growth 2023,SSP4,Indonesia,GDP|PPP [per capita],USD_2017/yr,2060,IDN,30030.681528281097,29867,163.6815282810967,0.5480347148394438
OECD ENV-Growth 2023,SSP4,Indonesia,GDP|PPP [per capita],USD_2017/yr,2065,IDN,32146.36954802777,31962.3,184.06954802777182,0.5758958148436496
OECD ENV-Growth 2023,SSP4,Indonesia,GDP|PPP [per capita],USD_2017/yr,2070,IDN,34310.97193028722,34107.7,203.27193028722104,0.5959707933610917
OECD ENV-Growth 2023,SSP4,Indonesia,GDP|PPP [per capita],USD_2017/yr,2075,IDN,36561.566074895534,36334.9,226.6660748955328,0.6238246834187868
OECD ENV-Growth 2023,SSP4,Indonesia,GDP|PPP [per capita],USD_2017/yr,2080,IDN,38885.678639404505,38629.4,256.27863940450334,0.6634289929548565
OECD ENV-Growth 2023,SSP4,Indonesia,GDP|PPP [per capita],USD_2017/yr,2085,IDN,41276.508349125754,40993.7,282.80834912575665,0.6898824676127225
OECD ENV-Growth 2023,SSP4,Indonesia,GDP|PPP [per capita],USD_2017/yr,2090,IDN,43734.75505255977,43419.3,315.45505255976605,0.7265318707573959
OECD ENV-Growth 2023,SSP4,Indonesia,GDP|PPP [per capita],USD_2017/yr,2095,IDN,46266.379848111246,45907.6,358.7798481112477,0.7815260395038026
OECD ENV-Growth 2023,SSP4,Indonesia,GDP|PPP [per capita],USD_2017/yr,2100,IDN,48870.80435186213,48465.6,405.20435186212853,0.8360658938755088
OECD ENV-Growth 2023,SSP4,Iraq,GDP|PPP [per capita],USD_2017/yr,2025,IRQ,9469.50151464943,9412.6,56.90151464942937,0.6045249415616235
OECD ENV-Growth 2023,SSP4,Iraq,GDP|PPP [per capita],USD_2017/yr,2030,IRQ,9881.59980064032,9775.96,105.63980064032148,1.080607946844315
OECD ENV-Growth 2023,SSP4,Iraq,GDP|PPP [per capita],USD_2017/yr,2035,IRQ,11741.48024504596,11616.9,124.5802450459596,1.0724052462013067
OECD ENV-Growth 2023,SSP4,Iraq,GDP|PPP [per capita],USD_2017/yr,2040,IRQ,15573.835943335169,15405.8,168.03594333516958,1.0907316941357774
OECD ENV-Growth 2023,SSP4,Iraq,GDP|PPP [per capita],USD_2017/yr,2045,IRQ,19877.45627608259,19647.4,230.05627608258874,1.170924784361232
OECD ENV-Growth 2023,SSP4,Iraq,GDP|PPP [per capita],USD_2017/yr,2050,IRQ,24264.809997490553,23958.7,306.1099974905519,1.2776569575584313
OECD ENV-Growth 2023,SSP4,Iraq,GDP|PPP [per capita],USD_2017/yr,2055,IRQ,28758.85370901781,28373.4,385.45370901780916,1.3585037712005228
OECD ENV-Growth 2023,SSP4,Iraq,GDP|PPP [per capita],USD_2017/yr,2060,IRQ,33428.662364651864,32966.7,461.96236465186666,1.4012999925739207
OECD ENV-Growth 2023,SSP4,Iraq,GDP|PPP [per capita],USD_2017/yr,2065,IRQ,38427.38130974487,37884.7,542.6813097448758,1.4324550801375644
OECD ENV-Growth 2023,SSP4,Iraq,GDP|PPP [per capita],USD_2017/yr,2070,IRQ,43730.45475701274,43098.7,631.7547570127426,1.4658325123791267
OECD ENV-Growth 2023,SSP4,Iraq,GDP|PPP [per capita],USD_2017/yr,2075,IRQ,49288.53142879027,48556.9,731.6314287902715,1.5067506961735024
OECD ENV-Growth 2023,SSP4,Iraq,GDP|PPP [per capita],USD_2017/yr,2080,IRQ,54992.78735559938,54153.3,839.4873555993763,1.550205353319883
OECD ENV-Growth 2023,SSP4,Iraq,GDP|PPP [per capita],USD_2017/yr,2085,IRQ,60861.97373690781,59910.4,951.5737369078051,1.5883281315227493
OECD ENV-Growth 2023,SSP4,Iraq,GDP|PPP [per capita],USD_2017/yr,2090,IRQ,67006.90231135392,65939.3,1067.6023113539122,1.6190683118472782
OECD ENV-Growth 2023,SSP4,Iraq,GDP|PPP [per capita],USD_2017/yr,2095,IRQ,73530.76878483729,72341.9,1188.8687848372938,1.6434027649775493
OECD ENV-Growth 2023,SSP4,Iraq,GDP|PPP [per capita],USD_2017/yr,2100,IRQ,80486.53406080745,79171,1315.5340608074475,1.661636281981341
OECD ENV-Growth 2023,SSP4,Jamaica,GDP|PPP [per capita],USD_2017/yr,2025,JAM,10645.31476433542,10617.1,28.214764335420114,0.2657483148451094
OECD ENV-Growth 2023,SSP4,Jamaica,GDP|PPP [per capita],USD_2017/yr,2030,JAM,11353.929533999852,11316.7,37.2295339998509,0.3289787128743441
OECD ENV-Growth 2023,SSP4,Jamaica,GDP|PPP [per capita],USD_2017/yr,2035,JAM,12364.75657570027,12321.2,43.556575700269605,0.3535092012163556
OECD ENV-Growth 2023,SSP4,Jamaica,GDP|PPP [per capita],USD_2017/yr,2040,JAM,13961.990707209266,13910.4,51.59070720926684,0.37087867501485827
OECD ENV-Growth 2023,SSP4,Jamaica,GDP|PPP [per capita],USD_2017/yr,2045,JAM,16228.193332588711,16162.9,65.29333258871156,0.40397040499360615
OECD ENV-Growth 2023,SSP4,Jamaica,GDP|PPP [per capita],USD_2017/yr,2050,JAM,19112.060135952142,19023.1,88.9601359521439,0.4676426867973354
OECD ENV-Growth 2023,SSP4,Jamaica,GDP|PPP [per capita],USD_2017/yr,2055,JAM,22645.992153485407,22523.9,122.09215348540602,0.542056009329672
OECD ENV-Growth 2023,SSP4,Jamaica,GDP|PPP [per capita],USD_2017/yr,2060,JAM,26857.15257901308,26694.8,162.35257901308069,0.6081805408284785
OECD ENV-Growth 2023,SSP4,Jamaica,GDP|PPP [per capita],USD_2017/yr,2065,JAM,31766.507184069134,31559.5,207.00718406913438,0.6559266910728446
OECD ENV-Growth 2023,SSP4,Jamaica,GDP|PPP [per capita],USD_2017/yr,2070,JAM,37367.12013673997,37113.2,253.9201367399728,0.6841774267375834
OECD ENV-Growth 2023,SSP4,Jamaica,GDP|PPP [per capita],USD_2017/yr,2075,JAM,43687.19499739622,43376.3,310.89499739621533,0.7167393193891948
OECD ENV-Growth 2023,SSP4,Jamaica,GDP|PPP [per capita],USD_2017/yr,2080,JAM,50681.77524798162,50298,383.77524798161903,0.7630029980945943
OECD ENV-Growth 2023,SSP4,Jamaica,GDP|PPP [per capita],USD_2017/yr,2085,JAM,58324.31616296333,57845.6,478.7161629633338,0.8275757585077063
OECD ENV-Growth 2023,SSP4,Jamaica,GDP|PPP [per capita],USD_2017/yr,2090,JAM,66572.88503858047,65974.9,597.9850385804748,0.9063826373067254
OECD ENV-Growth 2023,SSP4,Jamaica,GDP|PPP [per capita],USD_2017/yr,2095,JAM,75407.17468035419,74664.7,742.474680354193,0.9944119247170256
OECD ENV-Growth 2023,SSP4,Jamaica,GDP|PPP [per capita],USD_2017/yr,2100,JAM,84849.59761569128,83947.6,901.9976156912744,1.0744769543039638
OECD ENV-Growth 2023,SSP4,Jordan,GDP|PPP [per capita],USD_2017/yr,2025,JOR,9597.26788329312,9557.05,40.217883293120394,0.4208190110245358
OECD ENV-Growth 2023,SSP4,Jordan,GDP|PPP [per capita],USD_2017/yr,2030,JOR,10143.88858418837,10107.2,36.68858418836862,0.3629945404104858
OECD ENV-Growth 2023,SSP4,Jordan,GDP|PPP [per capita],USD_2017/yr,2035,JOR,10962.42850175407,10928.7,33.72850175406893,0.30862318257495336
OECD ENV-Growth 2023,SSP4,Jordan,GDP|PPP [per capita],USD_2017/yr,2040,JOR,12212.566301050356,12177.5,35.06630105035583,0.28795977048126326
OECD ENV-Growth 2023,SSP4,Jordan,GDP|PPP [per capita],USD_2017/yr,2045,JOR,13935.85730499304,13891.4,44.45730499304045,0.3200347336700437
OECD ENV-Growth 2023,SSP4,Jordan,GDP|PPP [per capita],USD_2017/yr,2050,JOR,16140.693513546485,16078.9,61.793513546484974,0.38431430972569625
OECD ENV-Growth 2023,SSP4,Jordan,GDP|PPP [per capita],USD_2017/yr,2055,JOR,18795.98552292723,18710.3,85.68552292722961,0.4579591076959194
OECD ENV-Growth 2023,SSP4,Jordan,GDP|PPP [per capita],USD_2017/yr,2060,JOR,21854.11564414435,21744.1,110.01564414435052,0.5059563014535001
OECD ENV-Growth 2023,SSP4,Jordan,GDP|PPP [per capita],USD_2017/yr,2065,JOR,25205.27345071159,25075.9,129.3734507115878,0.5159274471169042
OECD ENV-Growth 2023,SSP4,Jordan,GDP|PPP [per capita],USD_2017/yr,2070,JOR,28794.052377498625,28645,149.052377498625,0.5203434368951824
OECD ENV-Growth 2023,SSP4,Jordan,GDP|PPP [per capita],USD_2017/yr,2075,JOR,32623.61111209294,32445.1,178.51111209294322,0.5501943655373022
OECD ENV-Growth 2023,SSP4,Jordan,GDP|PPP [per capita],USD_2017/yr,2080,JOR,36775.74620867837,36558.3,217.44620867836784,0.5947929982476423
OECD ENV-Growth 2023,SSP4,Jordan,GDP|PPP [per capita],USD_2017/yr,2085,JOR,41291.89894665812,41026.1,265.79894665812026,0.6478776843475745
OECD ENV-Growth 2023,SSP4,Jordan,GDP|PPP [per capita],USD_2017/yr,2090,JOR,46169.889317655405,45852.5,317.38931765540474,0.6921963200597672
OECD ENV-Growth 2023,SSP4,Jordan,GDP|PPP [per capita],USD_2017/yr,2095,JOR,51353.50883772748,50985.3,368.20883772747766,0.7221862727638705
OECD ENV-Growth 2023,SSP4,Jordan,GDP|PPP [per capita],USD_2017/yr,2100,JOR,56829.21610760368,56410.4,418.81610760367766,0.7424448463469107
OECD ENV-Growth 2023,SSP4,Kazakhstan,GDP|PPP [per capita],USD_2017/yr,2025,KAZ,29409.528247992264,29283.6,125.92824799226582,0.43002994164742664
OECD ENV-Growth 2023,SSP4,Kazakhstan,GDP|PPP [per capita],USD_2017/yr,2030,KAZ,32235.92086737113,32082.4,153.52086737112768,0.47852052019527114
OECD ENV-Growth 2023,SSP4,Kazakhstan,GDP|PPP [per capita],USD_2017/yr,2035,KAZ,35730.93824909112,35565.1,165.83824909112445,0.4662949045303527
OECD ENV-Growth 2023,SSP4,Kazakhstan,GDP|PPP [per capita],USD_2017/yr,2040,KAZ,38848.672557854894,38678.3,170.37255785489106,0.4404861585304707
OECD ENV-Growth 2023,SSP4,Kazakhstan,GDP|PPP [per capita],USD_2017/yr,2045,KAZ,41462.11994128262,41264.3,197.8199412826143,0.4793973029534351
OECD ENV-Growth 2023,SSP4,Kazakhstan,GDP|PPP [per capita],USD_2017/yr,2050,KAZ,43661.77801525183,43413.6,248.17801525183313,0.5716596072471141
OECD ENV-Growth 2023,SSP4,Kazakhstan,GDP|PPP [per capita],USD_2017/yr,2055,KAZ,46095.16910365618,45793.6,301.56910365618387,0.6585398476122949
OECD ENV-Growth 2023,SSP4,Kazakhstan,GDP|PPP [per capita],USD_2017/yr,2060,KAZ,49164.44741288958,48815.9,348.5474128895803,0.7140038653176123
OECD ENV-Growth 2023,SSP4,Kazakhstan,GDP|PPP [per capita],USD_2017/yr,2065,KAZ,52995.86864525187,52609.6,386.2686452518683,0.734217035012371
OECD ENV-Growth 2023,SSP4,Kazakhstan,GDP|PPP [per capita],USD_2017/yr,2070,KAZ,57349.60880357816,56926.9,422.7088035781562,0.7425466757862386
OECD ENV-Growth 2023,SSP4,Kazakhstan,GDP|PPP [per capita],USD_2017/yr,2075,KAZ,62040.98247350808,61570.1,470.88247350807796,0.7647908213695901
OECD ENV-Growth 2023,SSP4,Kazakhstan,GDP|PPP [per capita],USD_2017/yr,2080,KAZ,67051.21043248828,66515.2,536.010432488285,0.8058465320532525
OECD ENV-Growth 2023,SSP4,Kazakhstan,GDP|PPP [per capita],USD_2017/yr,2085,KAZ,72539.62949073971,71924,615.6294907397096,0.8559444562867882
OECD ENV-Growth 2023,SSP4,Kazakhstan,GDP|PPP [per capita],USD_2017/yr,2090,KAZ,78621.8304537594,77919.3,702.5304537593911,0.9016128914908002
OECD ENV-Growth 2023,SSP4,Kazakhstan,GDP|PPP [per capita],USD_2017/yr,2095,KAZ,85335.08038979604,84545.1,789.9803897960373,0.9343893256924852
OECD ENV-Growth 2023,SSP4,Kazakhstan,GDP|PPP [per capita],USD_2017/yr,2100,KAZ,92630.3774034146,91759.3,871.0774034146016,0.9493069404568273
OECD ENV-Growth 2023,SSP4,Kenya,GDP|PPP [per capita],USD_2017/yr,2025,KEN,5402.3840484060365,5392.48,9.904048406036964,0.1836640730431446
OECD ENV-Growth 2023,SSP4,Kenya,GDP|PPP [per capita],USD_2017/yr,2030,KEN,6374.520947539752,6356.7,17.820947539752524,0.28034904179452425
OECD ENV-Growth 2023,SSP4,Kenya,GDP|PPP [per capita],USD_2017/yr,2035,KEN,7363.416235335515,7338.09,25.326235335514866,0.3451338881850027
OECD ENV-Growth 2023,SSP4,Kenya,GDP|PPP [per capita],USD_2017/yr,2040,KEN,8324.954703012427,8290.86,34.09470301242618,0.4112324054733306
OECD ENV-Growth 2023,SSP4,Kenya,GDP|PPP [per capita],USD_2017/yr,2045,KEN,9335.971756451629,9287.9,48.07175645162897,0.5175740097506323
OECD ENV-Growth 2023,SSP4,Kenya,GDP|PPP [per capita],USD_2017/yr,2050,KEN,10449.783786828952,10382.2,67.5837868289509,0.6509582441963255
OECD ENV-Growth 2023,SSP4,Kenya,GDP|PPP [per capita],USD_2017/yr,2055,KEN,11707.515988363084,11618.9,88.6159883630844,0.7626882782628683
OECD ENV-Growth 2023,SSP4,Kenya,GDP|PPP [per capita],USD_2017/yr,2060,KEN,13066.186959669958,12957.3,108.88695966995874,0.8403522313287395
OECD ENV-Growth 2023,SSP4,Kenya,GDP|PPP [per capita],USD_2017/yr,2065,KEN,14596.256819393571,14466.5,129.75681939357128,0.8969468730762193
OECD ENV-Growth 2023,SSP4,Kenya,GDP|PPP [per capita],USD_2017/yr,2070,KEN,16280.465325812002,16126.8,153.66532581200227,0.9528568954287414
OECD ENV-Growth 2023,SSP4,Kenya,GDP|PPP [per capita],USD_2017/yr,2075,KEN,18129.007577029766,17947.1,181.9075770297677,1.0135764386991086
OECD ENV-Growth 2023,SSP4,Kenya,GDP|PPP [per capita],USD_2017/yr,2080,KEN,20097.51723224151,19883.8,213.71723224150992,1.0748309289044846
OECD ENV-Growth 2023,SSP4,Kenya,GDP|PPP [per capita],USD_2017/yr,2085,KEN,22175.777411342373,21929.1,246.6774113423744,1.1248861619600183
OECD ENV-Growth 2023,SSP4,Kenya,GDP|PPP [per capita],USD_2017/yr,2090,KEN,24388.732963274782,24109.2,279.53296327478165,1.1594452046305213
OECD ENV-Growth 2023,SSP4,Kenya,GDP|PPP [per capita],USD_2017/yr,2095,KEN,26802.25634730564,26488.7,313.55634730563906,1.1837362622765144
OECD ENV-Growth 2023,SSP4,Kenya,GDP|PPP [per capita],USD_2017/yr,2100,KEN,29456.150432621005,29106.7,349.45043262100444,1.200584170039903
OECD ENV-Growth 2023,SSP4,Kiribati,GDP|PPP [per capita],USD_2017/yr,2025,KIR,1858.8877701754184,1847.33,11.557770175418455,0.6256472950376194
OECD ENV-Growth 2023,SSP4,Kiribati,GDP|PPP [per capita],USD_2017/yr,2030,KIR,1972.153621117801,1957.56,14.593621117801149,0.7455005781585826
OECD ENV-Growth 2023,SSP4,Kiribati,GDP|PPP [per capita],USD_2017/yr,2035,KIR,2335.8687764948504,2317.61,18.25877649485028,0.7878278267202108
OECD ENV-Growth 2023,SSP4,Kiribati,GDP|PPP [per capita],USD_2017/yr,2040,KIR,2787.6572798082693,2765.14,22.51727980826945,0.8143269349208161
OECD ENV-Growth 2023,SSP4,Kiribati,GDP|PPP [per capita],USD_2017/yr,2045,KIR,3289.618632062107,3261.36,28.2586320621067,0.8664677331575384
OECD ENV-Growth 2023,SSP4,Kiribati,GDP|PPP [per capita],USD_2017/yr,2050,KIR,3917.4739185166377,3878.59,38.88391851663755,1.002527168807158
OECD ENV-Growth 2023,SSP4,Kiribati,GDP|PPP [per capita],USD_2017/yr,2055,KIR,4762.511833057662,4702.56,59.95183305766204,1.2748765152951167
OECD ENV-Growth 2023,SSP4,Kiribati,GDP|PPP [per capita],USD_2017/yr,2060,KIR,5912.503602287263,5825.14,87.36360228726244,1.4997682851787673
OECD ENV-Growth 2023,SSP4,Kiribati,GDP|PPP [per capita],USD_2017/yr,2065,KIR,7447.263123012321,7328.38,118.88312301232054,1.62222923773495
OECD ENV-Growth 2023,SSP4,Kiribati,GDP|PPP [per capita],USD_2017/yr,2070,KIR,9430.124223602485,9271.19,158.93422360248405,1.714280729900736
OECD ENV-Growth 2023,SSP4,Kiribati,GDP|PPP [per capita],USD_2017/yr,2075,KIR,11938.951009304565,11725,213.95100930456465,1.8247420836210206
OECD ENV-Growth 2023,SSP4,Kiribati,GDP|PPP [per capita],USD_2017/yr,2080,KIR,15071.45399037291,14777.9,293.55399037290954,1.9864391447560854
OECD ENV-Growth 2023,SSP4,Kiribati,GDP|PPP [per capita],USD_2017/yr,2085,KIR,19000.009220754073,18591.7,408.30922075407216,2.1961908849329115
OECD ENV-Growth 2023,SSP4,Kiribati,GDP|PPP [per capita],USD_2017/yr,2090,KIR,23954.555186566995,23391.8,562.7551865669957,2.4057797457527665
OECD ENV-Growth 2023,SSP4,Kiribati,GDP|PPP [per capita],USD_2017/yr,2095,KIR,30139.55524663637,29383.9,755.6552466363682,2.571664233258241
OECD ENV-Growth 2023,SSP4,Kiribati,GDP|PPP [per capita],USD_2017/yr,2100,KIR,37730.28347401115,36747.4,982.8834740111488,2.6747020850758116
OECD ENV-Growth 2023,SSP4,Kuwait,GDP|PPP [per capita],USD_2017/yr,2025,KWT,47704.270381124574,47597.1,107.17038112457521,0.22516157733260053
OECD ENV-Growth 2023,SSP4,Kyrgyzstan,GDP|PPP [per capita],USD_2017/yr,2025,KGZ,5725.75684495941,5700.36,25.396844959410373,0.44553054472718173
OECD ENV-Growth 2023,SSP4,Kyrgyzstan,GDP|PPP [per capita],USD_2017/yr,2030,KGZ,6465.095164915654,6439.42,25.675164915654022,0.39871859446431546
OECD ENV-Growth 2023,SSP4,Kyrgyzstan,GDP|PPP [per capita],USD_2017/yr,2035,KGZ,7267.063845780469,7239.89,27.173845780468582,0.3753350642132488
OECD ENV-Growth 2023,SSP4,Kyrgyzstan,GDP|PPP [per capita],USD_2017/yr,2040,KGZ,7979.960662198856,7949.9,30.060662198856335,0.3781262933981099
OECD ENV-Growth 2023,SSP4,Kyrgyzstan,GDP|PPP [per capita],USD_2017/yr,2045,KGZ,8604.447959738083,8565.41,39.03795973808337,0.45576288511680557
OECD ENV-Growth 2023,SSP4,Kyrgyzstan,GDP|PPP [per capita],USD_2017/yr,2050,KGZ,9283.780064345376,9232.74,51.04006434537587,0.5528160041913437
OECD ENV-Growth 2023,SSP4,Kyrgyzstan,GDP|PPP [per capita],USD_2017/yr,2055,KGZ,10094.124643223167,10033.2,60.92464322316664,0.6072304272133181
OECD ENV-Growth 2023,SSP4,Kyrgyzstan,GDP|PPP [per capita],USD_2017/yr,2060,KGZ,11042.084494785862,10972,70.08449478586226,0.6387576994701263
OECD ENV-Growth 2023,SSP4,Kyrgyzstan,GDP|PPP [per capita],USD_2017/yr,2065,KGZ,12137.938233787758,12058.7,79.23823378775705,0.6571042797959735
OECD ENV-Growth 2023,SSP4,Kyrgyzstan,GDP|PPP [per capita],USD_2017/yr,2070,KGZ,13344.298237687704,13254.5,89.79823768770439,0.6774924568086641
OECD ENV-Growth 2023,SSP4,Kyrgyzstan,GDP|PPP [per capita],USD_2017/yr,2075,KGZ,14652.2592068902,14548.5,103.7592068901995,0.71319522212049
OECD ENV-Growth 2023,SSP4,Kyrgyzstan,GDP|PPP [per capita],USD_2017/yr,2080,KGZ,16070.527304261252,15950.2,120.3273042612509,0.7543937020303877
OECD ENV-Growth 2023,SSP4,Kyrgyzstan,GDP|PPP [per capita],USD_2017/yr,2085,KGZ,17632.24223175507,17493,139.24223175506995,0.7959882910596807
OECD ENV-Growth 2023,SSP4,Kyrgyzstan,GDP|PPP [per capita],USD_2017/yr,2090,KGZ,19390.60099694881,19230.4,160.20099694880992,0.8330611789084466
OECD ENV-Growth 2023,SSP4,Kyrgyzstan,GDP|PPP [per capita],USD_2017/yr,2095,KGZ,21345.44354173017,21162.6,182.84354173016982,0.8639937518554895
OECD ENV-Growth 2023,SSP4,Kyrgyzstan,GDP|PPP [per capita],USD_2017/yr,2100,KGZ,23496.512336049505,23289.8,206.71233604950612,0.8875659561245959
OECD ENV-Growth 2023,SSP4,Laos,GDP|PPP [per capita],USD_2017/yr,2025,LAO,8450.914738510137,8410.23,40.68473851013732,0.48375298309484194
OECD ENV-Growth 2023,SSP4,Laos,GDP|PPP [per capita],USD_2017/yr,2030,LAO,9884.637922524653,9832.25,52.38792252465282,0.5328172343527964
OECD ENV-Growth 2023,SSP4,Laos,GDP|PPP [per capita],USD_2017/yr,2035,LAO,11526.15089706118,11466.5,59.65089706117942,0.5202188729008801
OECD ENV-Growth 2023,SSP4,Laos,GDP|PPP [per capita],USD_2017/yr,2040,LAO,13130.869337265984,13061.6,69.26933726598327,0.5303281165093346
OECD ENV-Growth 2023,SSP4,Laos,GDP|PPP [per capita],USD_2017/yr,2045,LAO,14798.295163707891,14708.7,89.5951637078906,0.6091304038282827
OECD ENV-Growth 2023,SSP4,Laos,GDP|PPP [per capita],USD_2017/yr,2050,LAO,16640.844424453033,16520.9,119.94442445303139,0.7260162851480935
OECD ENV-Growth 2023,SSP4,Laos,GDP|PPP [per capita],USD_2017/yr,2055,LAO,18661.317481527363,18510.8,150.517481527364,0.8131333142131297
OECD ENV-Growth 2023,SSP4,Laos,GDP|PPP [per capita],USD_2017/yr,2060,LAO,20819.918213262667,20642.4,177.51821326266509,0.8599688663269052
OECD ENV-Growth 2023,SSP4,Laos,GDP|PPP [per capita],USD_2017/yr,2065,LAO,23160.727922113896,22955.6,205.1279221138975,0.8935855395367471
OECD ENV-Growth 2023,SSP4,Laos,GDP|PPP [per capita],USD_2017/yr,2070,LAO,25629.5871205844,25391.3,238.28712058440215,0.9384597109419452
OECD ENV-Growth 2023,SSP4,Laos,GDP|PPP [per capita],USD_2017/yr,2075,LAO,28285.631742346115,28005.5,280.13174234611506,1.0002740259810219
OECD ENV-Growth 2023,SSP4,Laos,GDP|PPP [per capita],USD_2017/yr,2080,LAO,31088.505808997394,30760.6,327.90580899739507,1.0659928902472482
OECD ENV-Growth 2023,SSP4,Laos,GDP|PPP [per capita],USD_2017/yr,2085,LAO,34058.86112449387,33680.6,378.2611244938744,1.1230830938103074
OECD ENV-Growth 2023,SSP4,Laos,GDP|PPP [per capita],USD_2017/yr,2090,LAO,37218.30293534488,36788.1,430.20293534488155,1.1694078665244512
OECD ENV-Growth 2023,SSP4,Laos,GDP|PPP [per capita],USD_2017/yr,2095,LAO,40619.97027015307,40136.6,483.37027015307103,1.2043129466698004
OECD ENV-Growth 2023,SSP4,Laos,GDP|PPP [per capita],USD_2017/yr,2100,LAO,44311.73492417248,43773.9,537.8349241724791,1.2286657669809613
OECD ENV-Growth 2023,SSP4,Lebanon,GDP|PPP [per capita],USD_2017/yr,2025,LBN,11772.705929335125,11731,41.70592933512489,0.3555189611723203
OECD ENV-Growth 2023,SSP4,Lebanon,GDP|PPP [per capita],USD_2017/yr,2030,LBN,12565.257948691877,12507.9,57.35794869187703,0.45857377091179996
OECD ENV-Growth 2023,SSP4,Lebanon,GDP|PPP [per capita],USD_2017/yr,2035,LBN,13381.526422849418,13313.9,67.6264228494183,0.5079384917223225
OECD ENV-Growth 2023,SSP4,Lebanon,GDP|PPP [per capita],USD_2017/yr,2040,LBN,14331.314762403808,14256.7,74.61476240380762,0.5233662937692988
OECD ENV-Growth 2023,SSP4,Lebanon,GDP|PPP [per capita],USD_2017/yr,2045,LBN,15471.33771570206,15388.1,83.23771570206009,0.5409226330869964
OECD ENV-Growth 2023,SSP4,Lebanon,GDP|PPP [per capita],USD_2017/yr,2050,LBN,16868.96007334085,16766.9,102.06007334085007,0.6086997199294447
OECD ENV-Growth 2023,SSP4,Lebanon,GDP|PPP [per capita],USD_2017/yr,2055,LBN,18513.762270139025,18381.5,132.26227013902462,0.7195401362186145
OECD ENV-Growth 2023,SSP4,Lebanon,GDP|PPP [per capita],USD_2017/yr,2060,LBN,20283.4748443651,20120.2,163.27484436509985,0.8114971241096005
OECD ENV-Growth 2023,SSP4,Lebanon,GDP|PPP [per capita],USD_2017/yr,2065,LBN,22133.91706929334,21946.9,187.01706929333886,0.8521343301028338
OECD ENV-Growth 2023,SSP4,Lebanon,GDP|PPP [per capita],USD_2017/yr,2070,LBN,24032.87048210698,23826.4,206.47048210697903,0.8665618058413316
OECD ENV-Growth 2023,SSP4,Lebanon,GDP|PPP [per capita],USD_2017/yr,2075,LBN,26043.574077339075,25815.2,228.37407733907457,0.8846496534563921
OECD ENV-Growth 2023,SSP4,Lebanon,GDP|PPP [per capita],USD_2017/yr,2080,LBN,28202.328454148996,27943.5,258.82845414899566,0.9262563893177148
OECD ENV-Growth 2023,SSP4,Lebanon,GDP|PPP [per capita],USD_2017/yr,2085,LBN,30559.44800379668,30259.1,300.34800379668013,0.9925873664341641
OECD ENV-Growth 2023,SSP4,Lebanon,GDP|PPP [per capita],USD_2017/yr,2090,LBN,33087.742984028184,32737.5,350.24298402818386,1.0698525667145746
OECD ENV-Growth 2023,SSP4,Lebanon,GDP|PPP [per capita],USD_2017/yr,2095,LBN,35736.894614742436,35334.4,402.49461474243435,1.139101314137029
OECD ENV-Growth 2023,SSP4,Lebanon,GDP|PPP [per capita],USD_2017/yr,2100,LBN,38516.79191619968,38065.7,451.09191619968624,1.1850351266354915
OECD ENV-Growth 2023,SSP4,Lesotho,GDP|PPP [per capita],USD_2017/yr,2040,LSO,3433.439719172111,3426.51,6.929719172110708,0.20223840502758517
OECD ENV-Growth 2023,SSP4,Lesotho,GDP|PPP [per capita],USD_2017/yr,2045,LSO,3797.0660887127383,3782.4,14.666088712738201,0.38774557721917835
OECD ENV-Growth 2023,SSP4,Lesotho,GDP|PPP [per capita],USD_2017/yr,2050,LSO,4193.765680411121,4170.93,22.835680411120848,0.5474961318248172
OECD ENV-Growth 2023,SSP4,Lesotho,GDP|PPP [per capita],USD_2017/yr,2055,LSO,4655.21632606208,4624.48,30.73632606208048,0.6646439396879321
OECD ENV-Growth 2023,SSP4,Lesotho,GDP|PPP [per capita],USD_2017/yr,2060,LSO,5192.345282409532,5153.49,38.855282409532265,0.7539605667136691
OECD ENV-Growth 2023,SSP4,Lesotho,GDP|PPP [per capita],USD_2017/yr,2065,LSO,5828.376573156155,5780.66,47.71657315615539,0.8254519926125286
OECD ENV-Growth 2023,SSP4,Lesotho,GDP|PPP [per capita],USD_2017/yr,2070,LSO,6550.059482396464,6492.41,57.64948239646401,0.8879519684749424
OECD ENV-Growth 2023,SSP4,Lesotho,GDP|PPP [per capita],USD_2017/yr,2075,LSO,7354.90708639361,7286.25,68.65708639361037,0.9422828806808765
OECD ENV-Growth 2023,SSP4,Lesotho,GDP|PPP [per capita],USD_2017/yr,2080,LSO,8240.74971622978,8159.8,80.94971622978028,0.9920551512265041
OECD ENV-Growth 2023,SSP4,Lesotho,GDP|PPP [per capita],USD_2017/yr,2085,LSO,9230.870116433263,9136.66,94.21011643326347,1.0311220559073389
OECD ENV-Growth 2023,SSP4,Lesotho,GDP|PPP [per capita],USD_2017/yr,2090,LSO,10350.113485347849,10241.6,108.51348534784847,1.0595364527793358
OECD ENV-Growth 2023,SSP4,Lesotho,GDP|PPP [per capita],USD_2017/yr,2095,LSO,11620.982898179844,11496.6,124.38289817984332,1.08191028808381
OECD ENV-Growth 2023,SSP4,Lesotho,GDP|PPP [per capita],USD_2017/yr,2100,LSO,13057.9293615572,12915.8,142.12936155720126,1.1004301828551175
OECD ENV-Growth 2023,SSP4,Liberia,GDP|PPP [per capita],USD_2017/yr,2025,LBR,1572.8500278679046,1570.26,2.5900278679046096,0.16494261255490236
OECD ENV-Growth 2023,SSP4,Liberia,GDP|PPP [per capita],USD_2017/yr,2030,LBR,1918.873680370991,1914.44,4.433680370990942,0.23159150305002724
OECD ENV-Growth 2023,SSP4,Liberia,GDP|PPP [per capita],USD_2017/yr,2035,LBR,2242.5840564453215,2236.91,5.674056445321639,0.25365600070282845
OECD ENV-Growth 2023,SSP4,Liberia,GDP|PPP [per capita],USD_2017/yr,2040,LBR,2540.9998986944374,2533.66,7.339898694437579,0.2896954877306971
OECD ENV-Growth 2023,SSP4,Liberia,GDP|PPP [per capita],USD_2017/yr,2045,LBR,2820.291956450847,2810.42,9.871956450846938,0.35126267429234553
OECD ENV-Growth 2023,SSP4,Liberia,GDP|PPP [per capita],USD_2017/yr,2050,LBR,3108.7342369950984,3096.48,12.254236995098381,0.3957473322966201
OECD ENV-Growth 2023,SSP4,Liberia,GDP|PPP [per capita],USD_2017/yr,2055,LBR,3413.941487221995,3399.05,14.891487221994794,0.43810733063634816
OECD ENV-Growth 2023,SSP4,Liberia,GDP|PPP [per capita],USD_2017/yr,2060,LBR,3731.905550735423,3713.99,17.91555073542304,0.4823801554506889
OECD ENV-Growth 2023,SSP4,Liberia,GDP|PPP [per capita],USD_2017/yr,2065,LBR,4057.940545955266,4037.18,20.760545955266025,0.514233845289683
OECD ENV-Growth 2023,SSP4,Liberia,GDP|PPP [per capita],USD_2017/yr,2070,LBR,4402.690073529536,4379.26,23.430073529535548,0.5350235777171382
OECD ENV-Growth 2023,SSP4,Liberia,GDP|PPP [per capita],USD_2017/yr,2075,LBR,4768.171752462113,4741.95,26.221752462112818,0.5529740394165442
OECD ENV-Growth 2023,SSP4,Liberia,GDP|PPP [per capita],USD_2017/yr,2080,LBR,5151.709047720487,5122.48,29.22904772048787,0.5706034522435983
OECD ENV-Growth 2023,SSP4,Liberia,GDP|PPP [per capita],USD_2017/yr,2085,LBR,5537.209317678082,5504.94,32.26931767808219,0.5861883631444156
OECD ENV-Growth 2023,SSP4,Liberia,GDP|PPP [per capita],USD_2017/yr,2090,LBR,5922.982452129651,5887.7,35.282452129651574,0.5992569616259589
OECD ENV-Growth 2023,SSP4,Liberia,GDP|PPP [per capita],USD_2017/yr,2095,LBR,6308.907009296177,6270.64,38.26700929617709,0.6102568365617719
OECD ENV-Growth 2023,SSP4,Liberia,GDP|PPP [per capita],USD_2017/yr,2100,LBR,6703.050618322936,6661.85,41.20061832293595,0.6184561093830685
OECD ENV-Growth 2023,SSP4,Libya,GDP|PPP [per capita],USD_2017/yr,2025,LBY,22226.242344353468,22136.6,89.64234435346953,0.4049508251197995
OECD ENV-Growth 2023,SSP4,Libya,GDP|PPP [per capita],USD_2017/yr,2030,LBY,23823.41755160482,23701.4,122.01755160481844,0.5148115790831699
OECD ENV-Growth 2023,SSP4,Libya,GDP|PPP [per capita],USD_2017/yr,2035,LBY,24098.219357332386,23947.5,150.7193573323857,0.6293740780139292
OECD ENV-Growth 2023,SSP4,Libya,GDP|PPP [per capita],USD_2017/yr,2040,LBY,26228.66210019632,26039.8,188.862100196322,0.7252824530001075
OECD ENV-Growth 2023,SSP4,Libya,GDP|PPP [per capita],USD_2017/yr,2045,LBY,30184.616776267147,29949.7,234.9167762671459,0.7843710496837896
OECD ENV-Growth 2023,SSP4,Libya,GDP|PPP [per capita],USD_2017/yr,2050,LBY,35800.35432840811,35502.3,298.0543284081068,0.8395352650620012
OECD ENV-Growth 2023,SSP4,Libya,GDP|PPP [per capita],USD_2017/yr,2055,LBY,42971.29531545927,42577.6,393.6953154592702,0.9246536100185783
OECD ENV-Growth 2023,SSP4,Libya,GDP|PPP [per capita],USD_2017/yr,2060,LBY,51290.36574325766,50771,519.3657432576583,1.0229574821407068
OECD ENV-Growth 2023,SSP4,Libya,GDP|PPP [per capita],USD_2017/yr,2065,LBY,60316.87358371294,59659,657.8735837129425,1.1027231158969184
OECD ENV-Growth 2023,SSP4,Libya,GDP|PPP [per capita],USD_2017/yr,2070,LBY,69714.31278498253,68919.1,795.2127849825192,1.153835126956851
OECD ENV-Growth 2023,SSP4,Libya,GDP|PPP [per capita],USD_2017/yr,2075,LBY,79603.55924319402,78666.2,937.3592431940197,1.1915654286008726
OECD ENV-Growth 2023,SSP4,Libya,GDP|PPP [per capita],USD_2017/yr,2080,LBY,90277.27258857872,89181.6,1095.6725885787164,1.2285859286878866
OECD ENV-Growth 2023,SSP4,Libya,GDP|PPP [per capita],USD_2017/yr,2085,LBY,101954.56794443612,100672,1282.5679444361158,1.2740066199500515
OECD ENV-Growth 2023,SSP4,Libya,GDP|PPP [per capita],USD_2017/yr,2090,LBY,114669.63954529712,113167,1502.6395452971192,1.3278071746154967
OECD ENV-Growth 2023,SSP4,Libya,GDP|PPP [per capita],USD_2017/yr,2095,LBY,128224.81745795735,126475,1749.8174579573533,1.3835283320477196
OECD ENV-Growth 2023,SSP4,Libya,GDP|PPP [per capita],USD_2017/yr,2100,LBY,142514.3095330418,140502,2012.3095330417855,1.432228390372938
OECD ENV-Growth 2023,SSP4,Madagascar,GDP|PPP [per capita],USD_2017/yr,2025,MDG,1622.329735328031,1610.98,11.349735328030874,0.7045236643552915
OECD ENV-Growth 2023,SSP4,Madagascar,GDP|PPP [per capita],USD_2017/yr,2030,MDG,1816.3699742266224,1802.7,13.669974226622344,0.7583055542587421
OECD ENV-Growth 2023,SSP4,Madagascar,GDP|PPP [per capita],USD_2017/yr,2035,MDG,2085.726948670102,2070.56,15.166948670102101,0.7325046687901873
OECD ENV-Growth 2023,SSP4,Madagascar,GDP|PPP [per capita],USD_2017/yr,2040,MDG,2361.919458958165,2344.57,17.349458958164632,0.7399846862394653
OECD ENV-Growth 2023,SSP4,Madagascar,GDP|PPP [per capita],USD_2017/yr,2045,MDG,2642.0302157641386,2620.29,21.74021576413861,0.8296873920115182
OECD ENV-Growth 2023,SSP4,Madagascar,GDP|PPP [per capita],USD_2017/yr,2050,MDG,2947.66615015306,2919.58,28.08615015305986,0.961992826127726
OECD ENV-Growth 2023,SSP4,Madagascar,GDP|PPP [per capita],USD_2017/yr,2055,MDG,3289.6407442514897,3254.98,34.66074425148963,1.064852756437509
OECD ENV-Growth 2023,SSP4,Madagascar,GDP|PPP [per capita],USD_2017/yr,2060,MDG,3663.8621051446385,3623.51,40.352105144638244,1.1136192571467511
OECD ENV-Growth 2023,SSP4,Madagascar,GDP|PPP [per capita],USD_2017/yr,2065,MDG,4088.22423368185,4042.08,46.14423368184998,1.141596249501494
OECD ENV-Growth 2023,SSP4,Madagascar,GDP|PPP [per capita],USD_2017/yr,2070,MDG,4566.126317453601,4512.89,53.23631745360035,1.17965023418697
OECD ENV-Growth 2023,SSP4,Madagascar,GDP|PPP [per capita],USD_2017/yr,2075,MDG,5104.762120464345,5042.61,62.15212046434499,1.2325387143630975
OECD ENV-Growth 2023,SSP4,Madagascar,GDP|PPP [per capita],USD_2017/yr,2080,MDG,5690.882873992494,5618.55,72.33287399249366,1.2873939716206788
OECD ENV-Growth 2023,SSP4,Madagascar,GDP|PPP [per capita],USD_2017/yr,2085,MDG,6319.493251634943,6236.49,83.0032516349429,1.330928962203786
OECD ENV-Growth 2023,SSP4,Madagascar,GDP|PPP [per capita],USD_2017/yr,2090,MDG,7002.315787182566,6908.39,93.92578718256573,1.3595901097443215
OECD ENV-Growth 2023,SSP4,Madagascar,GDP|PPP [per capita],USD_2017/yr,2095,MDG,7762.440968382634,7656.93,105.51096838263402,1.3779800570546423
OECD ENV-Growth 2023,SSP4,Madagascar,GDP|PPP [per capita],USD_2017/yr,2100,MDG,8624.656886433155,8506.35,118.30688643315443,1.390806708319719
OECD ENV-Growth 2023,SSP4,Malawi,GDP|PPP [per capita],USD_2017/yr,2025,MWI,1528.3136691289983,1523.09,5.223669128998381,0.34296523048528854
OECD ENV-Growth 2023,SSP4,Malawi,GDP|PPP [per capita],USD_2017/yr,2030,MWI,1683.8396135438102,1676.74,7.099613543810165,0.4234176761936952
OECD ENV-Growth 2023,SSP4,Malawi,GDP|PPP [per capita],USD_2017/yr,2035,MWI,1907.1222361876016,1898.61,8.51223618760173,0.44834042734430607
OECD ENV-Growth 2023,SSP4,Malawi,GDP|PPP [per capita],USD_2017/yr,2040,MWI,2221.5250683852596,2209.96,11.565068385259565,0.5233157335544337
OECD ENV-Growth 2023,SSP4,Malawi,GDP|PPP [per capita],USD_2017/yr,2045,MWI,2569.4843593772316,2552.43,17.054359377231776,0.6681616881650732
OECD ENV-Growth 2023,SSP4,Malawi,GDP|PPP [per capita],USD_2017/yr,2050,MWI,2934.663397084014,2911.43,23.233397084014086,0.7980063777598667
OECD ENV-Growth 2023,SSP4,Malawi,GDP|PPP [per capita],USD_2017/yr,2055,MWI,3304.74991124548,3275.64,29.109911245479907,0.888678586336713
OECD ENV-Growth 2023,SSP4,Malawi,GDP|PPP [per capita],USD_2017/yr,2060,MWI,3664.1395897916113,3629.67,34.46958979161127,0.9496618092446771
OECD ENV-Growth 2023,SSP4,Malawi,GDP|PPP [per capita],USD_2017/yr,2065,MWI,4023.395333065024,3983.8,39.595333065023624,0.9939086566851654
OECD ENV-Growth 2023,SSP4,Malawi,GDP|PPP [per capita],USD_2017/yr,2070,MWI,4383.359346550837,4338.37,44.98934655083667,1.0370103645110185
OECD ENV-Growth 2023,SSP4,Malawi,GDP|PPP [per capita],USD_2017/yr,2075,MWI,4759.465290523458,4708.49,50.97529052345817,1.0826250140375826
OECD ENV-Growth 2023,SSP4,Malawi,GDP|PPP [per capita],USD_2017/yr,2080,MWI,5139.091294639522,5082,57.09129463952195,1.1234020983770552
OECD ENV-Growth 2023,SSP4,Malawi,GDP|PPP [per capita],USD_2017/yr,2085,MWI,5520.413498793475,5457.45,62.96349879347508,1.1537164572002507
OECD ENV-Growth 2023,SSP4,Malawi,GDP|PPP [per capita],USD_2017/yr,2090,MWI,5885.693390137138,5817.47,68.22339013713736,1.1727329945343483
OECD ENV-Growth 2023,SSP4,Malawi,GDP|PPP [per capita],USD_2017/yr,2095,MWI,6229.858918202356,6156.82,73.0389182023564,1.1863091368978858
OECD ENV-Growth 2023,SSP4,Malawi,GDP|PPP [per capita],USD_2017/yr,2100,MWI,6556.028596391146,6478.53,77.49859639114584,1.1962373623514262
OECD ENV-Growth 2023,SSP4,Malaysia,GDP|PPP [per capita],USD_2017/yr,2025,MYS,31396.843336927977,31315.2,81.64333692797663,0.26071472297151743
OECD ENV-Growth 2023,SSP4,Malaysia,GDP|PPP [per capita],USD_2017/yr,2030,MYS,36387.19608694051,36273.5,113.6960869405084,0.31344118141483013
OECD ENV-Growth 2023,SSP4,Malaysia,GDP|PPP [per capita],USD_2017/yr,2035,MYS,41057.069735862584,40912.5,144.5697358625839,0.3533632407273667
OECD ENV-Growth 2023,SSP4,Malaysia,GDP|PPP [per capita],USD_2017/yr,2040,MYS,44873.36667033788,44706.4,166.96667033787526,0.373473753954412
OECD ENV-Growth 2023,SSP4,Malaysia,GDP|PPP [per capita],USD_2017/yr,2045,MYS,48245.47915620907,48063.7,181.77915620907152,0.3782046663262952
OECD ENV-Growth 2023,SSP4,Malaysia,GDP|PPP [per capita],USD_2017/yr,2050,MYS,51410.540611765486,51201.8,208.74061176548275,0.40768217477800145
OECD ENV-Growth 2023,SSP4,Malaysia,GDP|PPP [per capita],USD_2017/yr,2055,MYS,54570.21863910822,54309.5,260.7186391082214,0.4800608348598705
OECD ENV-Growth 2023,SSP4,Malaysia,GDP|PPP [per capita],USD_2017/yr,2060,MYS,57786.26070093693,57467.7,318.56070093693415,0.5543299991768144
OECD ENV-Growth 2023,SSP4,Malaysia,GDP|PPP [per capita],USD_2017/yr,2065,MYS,61120.13746159191,60762.9,357.2374615919107,0.587920361918063
OECD ENV-Growth 2023,SSP4,Malaysia,GDP|PPP [per capita],USD_2017/yr,2070,MYS,64507.28195795722,64129.1,378.1819579572184,0.5897197340321607
OECD ENV-Growth 2023,SSP4,Malaysia,GDP|PPP [per capita],USD_2017/yr,2075,MYS,68035.28469640818,67638.8,396.48469640818075,0.5861793769377647
OECD ENV-Growth 2023,SSP4,Malaysia,GDP|PPP [per capita],USD_2017/yr,2080,MYS,71770.1266267989,71345.7,424.42662679890054,0.5948874659564635
OECD ENV-Growth 2023,SSP4,Malaysia,GDP|PPP [per capita],USD_2017/yr,2085,MYS,75749.5720109187,75279.2,470.3720109186979,0.6248366227572795
OECD ENV-Growth 2023,SSP4,Malaysia,GDP|PPP [per capita],USD_2017/yr,2090,MYS,79976.02316175486,79440.9,535.1231617548619,0.6736116556520155
OECD ENV-Growth 2023,SSP4,Malaysia,GDP|PPP [per capita],USD_2017/yr,2095,MYS,84438.25411043891,83828.6,609.6541104389034,0.7272626650557249
OECD ENV-Growth 2023,SSP4,Malaysia,GDP|PPP [per capita],USD_2017/yr,2100,MYS,89155.13435888973,88471.6,683.5343588897231,0.7726031391878557
OECD ENV-Growth 2023,SSP4,Maldives,GDP|PPP [per capita],USD_2017/yr,2025,MDV,24560.401876591495,24491.8,68.60187659149597,0.2801014077834049
OECD ENV-Growth 2023,SSP4,Maldives,GDP|PPP [per capita],USD_2017/yr,2030,MDV,29832.506809606988,29739.3,93.20680960698883,0.3134129236632632
OECD ENV-Growth 2023,SSP4,Maldives,GDP|PPP [per capita],USD_2017/yr,2035,MDV,34939.35621669786,34824,115.35621669785905,0.3312549296400731
OECD ENV-Growth 2023,SSP4,Maldives,GDP|PPP [per capita],USD_2017/yr,2040,MDV,39741.29485054446,39607.5,133.7948505444583,0.3378018065882934
OECD ENV-Growth 2023,SSP4,Maldives,GDP|PPP [per capita],USD_2017/yr,2045,MDV,44088.25129679954,43930.6,157.65129679954407,0.35886442889362785
OECD ENV-Growth 2023,SSP4,Maldives,GDP|PPP [per capita],USD_2017/yr,2050,MDV,48024.01699214829,47822.3,201.7169921482855,0.4218052919836258
OECD ENV-Growth 2023,SSP4,Maldives,GDP|PPP [per capita],USD_2017/yr,2055,MDV,51924.944304123186,51663.3,261.64430412318325,0.506441330931596
OECD ENV-Growth 2023,SSP4,Maldives,GDP|PPP [per capita],USD_2017/yr,2060,MDV,56066.622778143595,55752.5,314.1227781435955,0.5634236637704058
OECD ENV-Growth 2023,SSP4,Maldives,GDP|PPP [per capita],USD_2017/yr,2065,MDV,60541.150817435875,60190.1,351.0508174358765,0.5832368071092697
OECD ENV-Growth 2023,SSP4,Maldives,GDP|PPP [per capita],USD_2017/yr,2070,MDV,64687.80835889561,64304.2,383.60835889560985,0.5965525718314043
OECD ENV-Growth 2023,SSP4,Maldives,GDP|PPP [per capita],USD_2017/yr,2075,MDV,68602.34058465107,68175.4,426.9405846510781,0.6262384740699404
OECD ENV-Growth 2023,SSP4,Maldives,GDP|PPP [per capita],USD_2017/yr,2080,MDV,72255.76885712435,71769.2,486.5688571243518,0.677963328453364
OECD ENV-Growth 2023,SSP4,Maldives,GDP|PPP [per capita],USD_2017/yr,2085,MDV,75857.33637303163,75302.9,554.43637303164,0.7362749283648305
OECD ENV-Growth 2023,SSP4,Maldives,GDP|PPP [per capita],USD_2017/yr,2090,MDV,79534.93727730404,78915.8,619.1372773040348,0.7845542683518824
OECD ENV-Growth 2023,SSP4,Maldives,GDP|PPP [per capita],USD_2017/yr,2095,MDV,83409.17342214343,82731.1,678.073422143425,0.8196112733221544
OECD ENV-Growth 2023,SSP4,Maldives,GDP|PPP [per capita],USD_2017/yr,2100,MDV,87418.22908572007,86683,735.2290857200715,0.8481814031817905
OECD ENV-Growth 2023,SSP4,Mali,GDP|PPP [per capita],USD_2017/yr,2025,MLI,2280.361004822781,2261.77,18.591004822781088,0.8219670798879235
OECD ENV-Growth 2023,SSP4,Mali,GDP|PPP [per capita],USD_2017/yr,2030,MLI,2528.2275283068643,2508.67,19.557528306864242,0.7795974881855422
OECD ENV-Growth 2023,SSP4,Mali,GDP|PPP [per capita],USD_2017/yr,2035,MLI,2936.2338297133024,2916.15,20.083829713302293,0.6887104474496268
OECD ENV-Growth 2023,SSP4,Mali,GDP|PPP [per capita],USD_2017/yr,2040,MLI,3386.434714998525,3363.41,23.02471499852527,0.6845646233591881
OECD ENV-Growth 2023,SSP4,Mali,GDP|PPP [per capita],USD_2017/yr,2045,MLI,3880.2329311180474,3851.18,29.05293111804758,0.7543903717314585
OECD ENV-Growth 2023,SSP4,Mali,GDP|PPP [per capita],USD_2017/yr,2050,MLI,4425.411081239963,4388.8,36.611081239962914,0.8341934296382362
OECD ENV-Growth 2023,SSP4,Mali,GDP|PPP [per capita],USD_2017/yr,2055,MLI,5010.597905309551,4966.05,44.547905309550515,0.8970490693720464
OECD ENV-Growth 2023,SSP4,Mali,GDP|PPP [per capita],USD_2017/yr,2060,MLI,5618.900064064839,5567.56,51.34006406483877,0.9221286176500796
OECD ENV-Growth 2023,SSP4,Mali,GDP|PPP [per capita],USD_2017/yr,2065,MLI,6247.737982135647,6190.12,57.61798213564725,0.9308055762351497
OECD ENV-Growth 2023,SSP4,Mali,GDP|PPP [per capita],USD_2017/yr,2070,MLI,6905.3783410877095,6840.57,64.80834108770978,0.9474114158280638
OECD ENV-Growth 2023,SSP4,Mali,GDP|PPP [per capita],USD_2017/yr,2075,MLI,7604.009575170099,7530.98,73.02957517009963,0.9697220703029306
OECD ENV-Growth 2023,SSP4,Mali,GDP|PPP [per capita],USD_2017/yr,2080,MLI,8327.772136800366,8246.13,81.64213680036664,0.9900660891880998
OECD ENV-Growth 2023,SSP4,Mali,GDP|PPP [per capita],USD_2017/yr,2085,MLI,9101.082796442994,9010.3,90.78279644299437,1.0075446593675501
OECD ENV-Growth 2023,SSP4,Mali,GDP|PPP [per capita],USD_2017/yr,2090,MLI,9917.253590335156,9817.12,100.13359033515553,1.0199894707934254
OECD ENV-Growth 2023,SSP4,Mali,GDP|PPP [per capita],USD_2017/yr,2095,MLI,10794.37332616122,10684.7,109.67332616121894,1.0264520872015024
OECD ENV-Growth 2023,SSP4,Mali,GDP|PPP [per capita],USD_2017/yr,2100,MLI,11699.408724309666,11580.5,118.90872430966556,1.026801297954886
OECD ENV-Growth 2023,SSP4,Mauritania,GDP|PPP [per capita],USD_2017/yr,2025,MRT,6139.892773468382,6097.54,42.35277346838211,0.6945878742637541
OECD ENV-Growth 2023,SSP4,Mauritania,GDP|PPP [per capita],USD_2017/yr,2030,MRT,6760.65351841816,6713.07,47.583518418160565,0.7088190413351949
OECD ENV-Growth 2023,SSP4,Mauritania,GDP|PPP [per capita],USD_2017/yr,2035,MRT,7674.452095046986,7621.45,53.00209504698614,0.6954332187049203
OECD ENV-Growth 2023,SSP4,Mauritania,GDP|PPP [per capita],USD_2017/yr,2040,MRT,8535.866043029628,8476.32,59.54604302962798,0.7024987616044225
OECD ENV-Growth 2023,SSP4,Mauritania,GDP|PPP [per capita],USD_2017/yr,2045,MRT,9442.832719174556,9371.39,71.44271917455626,0.7623492264707399
OECD ENV-Growth 2023,SSP4,Mauritania,GDP|PPP [per capita],USD_2017/yr,2050,MRT,10481.222859858954,10393.1,88.12285985895323,0.8478977384895097
OECD ENV-Growth 2023,SSP4,Mauritania,GDP|PPP [per capita],USD_2017/yr,2055,MRT,11670.853992685672,11563.2,107.65399268567126,0.9310051948048227
OECD ENV-Growth 2023,SSP4,Mauritania,GDP|PPP [per capita],USD_2017/yr,2060,MRT,12996.572945928108,12867.5,129.0729459281083,1.003092643700084
OECD ENV-Growth 2023,SSP4,Mauritania,GDP|PPP [per capita],USD_2017/yr,2065,MRT,14473.517981877008,14324.3,149.21798187700915,1.041712208464003
OECD ENV-Growth 2023,SSP4,Mauritania,GDP|PPP [per capita],USD_2017/yr,2070,MRT,16077.483753518978,15909.7,167.7837535189774,1.0546003602769214
OECD ENV-Growth 2023,SSP4,Mauritania,GDP|PPP [per capita],USD_2017/yr,2075,MRT,17897.88623336206,17708.4,189.48623336205856,1.070035877674203
OECD ENV-Growth 2023,SSP4,Mauritania,GDP|PPP [per capita],USD_2017/yr,2080,MRT,19951.2906501929,19734.6,216.69065019290065,1.0980240298404866
OECD ENV-Growth 2023,SSP4,Mauritania,GDP|PPP [per capita],USD_2017/yr,2085,MRT,22183.666190799777,21935.6,248.06619079977827,1.1308840004366338
OECD ENV-Growth 2023,SSP4,Mauritania,GDP|PPP [per capita],USD_2017/yr,2090,MRT,24558.604628460584,24277.3,281.30462846058435,1.1587146365558953
OECD ENV-Growth 2023,SSP4,Mauritania,GDP|PPP [per capita],USD_2017/yr,2095,MRT,27066.966742944136,26753,313.96674294413606,1.1735758342770384
OECD ENV-Growth 2023,SSP4,Mauritania,GDP|PPP [per capita],USD_2017/yr,2100,MRT,29764.59919489261,29418.9,345.6991948926079,1.1750921852707203
OECD ENV-Growth 2023,SSP4,Mauritius,GDP|PPP [per capita],USD_2017/yr,2025,MUS,24995.033227324177,24959.9,35.133227324175095,0.14075868622941234
OECD ENV-Growth 2023,SSP4,Mauritius,GDP|PPP [per capita],USD_2017/yr,2030,MUS,29447.120648969143,29388.2,58.92064896914235,0.2004908397558964
OECD ENV-Growth 2023,SSP4,Mauritius,GDP|PPP [per capita],USD_2017/yr,2035,MUS,34290.77443741548,34211,79.77443741547904,0.23318358836479214
OECD ENV-Growth 2023,SSP4,Mauritius,GDP|PPP [per capita],USD_2017/yr,2040,MUS,39587.354595052166,39484.5,102.85459505216568,0.2604935988860583
OECD ENV-Growth 2023,SSP4,Mauritius,GDP|PPP [per capita],USD_2017/yr,2045,MUS,45429.05066047094,45294.5,134.55066047093715,0.29705739211369403
OECD ENV-Growth 2023,SSP4,Mauritius,GDP|PPP [per capita],USD_2017/yr,2050,MUS,51612.92388946585,51425.7,187.22388946585124,0.3640667788009716
OECD ENV-Growth 2023,SSP4,Mauritius,GDP|PPP [per capita],USD_2017/yr,2055,MUS,58117.685101184754,57848.9,268.7851011847524,0.4646330374211997
OECD ENV-Growth 2023,SSP4,Mauritius,GDP|PPP [per capita],USD_2017/yr,2060,MUS,64560.12766063548,64204.5,355.6276606354804,0.5538983414487777
OECD ENV-Growth 2023,SSP4,Mauritius,GDP|PPP [per capita],USD_2017/yr,2065,MUS,70766.28575624603,70344.9,421.38575624603254,0.5990281544874363
OECD ENV-Growth 2023,SSP4,Mauritius,GDP|PPP [per capita],USD_2017/yr,2070,MUS,76914.37361515449,76440.4,473.973615154493,0.6200564297864651
OECD ENV-Growth 2023,SSP4,Mauritius,GDP|PPP [per capita],USD_2017/yr,2075,MUS,83126.2363001639,82591.8,534.4363001638994,0.6470815506671357
OECD ENV-Growth 2023,SSP4,Mauritius,GDP|PPP [per capita],USD_2017/yr,2080,MUS,89472.8570747479,88854,618.8570747478952,0.6964875804667153
OECD ENV-Growth 2023,SSP4,Mauritius,GDP|PPP [per capita],USD_2017/yr,2085,MUS,95863.08396104134,95132.4,730.6839610413444,0.7680705638051227
OECD ENV-Growth 2023,SSP4,Mauritius,GDP|PPP [per capita],USD_2017/yr,2090,MUS,102222.29074426425,101356,866.2907442642463,0.8547009987215817
OECD ENV-Growth 2023,SSP4,Mauritius,GDP|PPP [per capita],USD_2017/yr,2095,MUS,108527.8909074269,107521,1006.8909074269031,0.9364597682563435
OECD ENV-Growth 2023,SSP4,Mauritius,GDP|PPP [per capita],USD_2017/yr,2100,MUS,114909.79119277776,113769,1140.7911927777604,1.0027258680112865
OECD ENV-Growth 2023,SSP4,Mayotte,GDP|PPP [per capita],USD_2017/yr,2025,MYT,27106.97838780787,26841.2,265.7783878078699,0.9901881726892608
OECD ENV-Growth 2023,SSP4,Mayotte,GDP|PPP [per capita],USD_2017/yr,2030,MYT,30987.106171521173,30637.9,349.2061715211712,1.1397849445333108
OECD ENV-Growth 2023,SSP4,Mayotte,GDP|PPP [per capita],USD_2017/yr,2035,MYT,33710.67902659681,33318.4,392.27902659680694,1.1773645391039393
OECD ENV-Growth 2023,SSP4,Mayotte,GDP|PPP [per capita],USD_2017/yr,2040,MYT,36524.61902728217,36099.1,425.519027282171,1.1787524544439365
OECD ENV-Growth 2023,SSP4,Mayotte,GDP|PPP [per capita],USD_2017/yr,2045,MYT,39669.30416601779,39179.7,489.60416601779434,1.2496373530624134
OECD ENV-Growth 2023,SSP4,Mayotte,GDP|PPP [per capita],USD_2017/yr,2050,MYT,43040.60859266444,42452.1,588.5085926644388,1.3862885291056009
OECD ENV-Growth 2023,SSP4,Mayotte,GDP|PPP [per capita],USD_2017/yr,2055,MYT,46581.44659992687,45891.3,690.1465999268694,1.5038724113870587
OECD ENV-Growth 2023,SSP4,Mayotte,GDP|PPP [per capita],USD_2017/yr,2060,MYT,50124.20045954169,49344.9,779.300459541686,1.579292813526192
OECD ENV-Growth 2023,SSP4,Mayotte,GDP|PPP [per capita],USD_2017/yr,2065,MYT,53784.82243716716,52934.8,850.0224371671575,1.6057913455178021
OECD ENV-Growth 2023,SSP4,Mayotte,GDP|PPP [per capita],USD_2017/yr,2070,MYT,57601.38776076836,56687.7,913.6877607683637,1.6117919068305182
OECD ENV-Growth 2023,SSP4,Mayotte,GDP|PPP [per capita],USD_2017/yr,2075,MYT,61628.652426764136,60640.3,988.3524267641333,1.6298607143502477
OECD ENV-Growth 2023,SSP4,Mayotte,GDP|PPP [per capita],USD_2017/yr,2080,MYT,65876.09529458372,64797.5,1078.5952945837198,1.6645631306512132
OECD ENV-Growth 2023,SSP4,Mayotte,GDP|PPP [per capita],USD_2017/yr,2085,MYT,70372.71956013991,69196.1,1176.6195601399086,1.7004131159702764
OECD ENV-Growth 2023,SSP4,Mayotte,GDP|PPP [per capita],USD_2017/yr,2090,MYT,75161.89618597069,73887.6,1274.2961859706847,1.7246414634805904
OECD ENV-Growth 2023,SSP4,Mayotte,GDP|PPP [per capita],USD_2017/yr,2095,MYT,80298.65482479207,78929,1369.6548247920728,1.7352998578368823
OECD ENV-Growth 2023,SSP4,Mayotte,GDP|PPP [per capita],USD_2017/yr,2100,MYT,85859.40295180876,84389,1470.4029518087627,1.7424106836302868
OECD ENV-Growth 2023,SSP4,Mexico,GDP|PPP [per capita],USD_2017/yr,2025,MEX,20284.39731522751,20208.1,76.29731522751172,0.37755808427072174
OECD ENV-Growth 2023,SSP4,Mexico,GDP|PPP [per capita],USD_2017/yr,2030,MEX,22179.577974960197,22074.7,104.8779749601963,0.47510487100706367
OECD ENV-Growth 2023,SSP4,Mexico,GDP|PPP [per capita],USD_2017/yr,2035,MEX,24464.43715254036,24340.2,124.23715254035778,0.5104196043596921
OECD ENV-Growth 2023,SSP4,Mexico,GDP|PPP [per capita],USD_2017/yr,2040,MEX,27206.38634463316,27058,148.38634463315975,0.5484010075879953
OECD ENV-Growth 2023,SSP4,Mexico,GDP|PPP [per capita],USD_2017/yr,2045,MEX,30538.24213721531,30348.4,189.84213721530978,0.6255424905936056
OECD ENV-Growth 2023,SSP4,Mexico,GDP|PPP [per capita],USD_2017/yr,2050,MEX,34279.43319642476,34028.8,250.63319642475835,0.7365325736574853
OECD ENV-Growth 2023,SSP4,Mexico,GDP|PPP [per capita],USD_2017/yr,2055,MEX,38257.1512805013,37935.7,321.45128050130006,0.8473582417124241
OECD ENV-Growth 2023,SSP4,Mexico,GDP|PPP [per capita],USD_2017/yr,2060,MEX,42260.12500076406,41870.2,389.92500076406577,0.9312709295968632
OECD ENV-Growth 2023,SSP4,Mexico,GDP|PPP [per capita],USD_2017/yr,2065,MEX,46348.54894736433,45895.1,453.44894736433343,0.9880116774216278
OECD ENV-Growth 2023,SSP4,Mexico,GDP|PPP [per capita],USD_2017/yr,2070,MEX,50561.37033975444,50042,519.3703397544377,1.0378688696583624
OECD ENV-Growth 2023,SSP4,Mexico,GDP|PPP [per capita],USD_2017/yr,2075,MEX,54874.40139286863,54278.2,596.2013928686356,1.0984177678490363
OECD ENV-Growth 2023,SSP4,Mexico,GDP|PPP [per capita],USD_2017/yr,2080,MEX,59181.82310990062,58497.3,684.5231099006196,1.1701789824498217
OECD ENV-Growth 2023,SSP4,Mexico,GDP|PPP [per capita],USD_2017/yr,2085,MEX,63410.30932391728,62631.4,778.9093239172798,1.2436402889242133
OECD ENV-Growth 2023,SSP4,Mexico,GDP|PPP [per capita],USD_2017/yr,2090,MEX,67498.57333747373,66625.7,872.8733374737349,1.3101150719222985
OECD ENV-Growth 2023,SSP4,Mexico,GDP|PPP [per capita],USD_2017/yr,2095,MEX,71391.6029534034,70428.4,963.2029534034082,1.367634297248565
OECD ENV-Growth 2023,SSP4,Mexico,GDP|PPP [per capita],USD_2017/yr,2100,MEX,75149.99670904188,74099.4,1050.5967090418853,1.4178208042735643
OECD ENV-Growth 2023,SSP4,Mongolia,GDP|PPP [per capita],USD_2017/yr,2025,MNG,13348.334430568935,13279.8,68.53443056893593,0.5160802916379459
OECD ENV-Growth 2023,SSP4,Mongolia,GDP|PPP [per capita],USD_2017/yr,2030,MNG,14973.47309969505,14890.8,82.67309969505004,0.5551958235625355
OECD ENV-Growth 2023,SSP4,Mongolia,GDP|PPP [per capita],USD_2017/yr,2035,MNG,16667.328749403503,16593.2,74.1287494035023,0.4467417339844171
OECD ENV-Growth 2023,SSP4,Mongolia,GDP|PPP [per capita],USD_2017/yr,2040,MNG,18057.569870638552,17999.9,57.66987063855049,0.32038995015833693
OECD ENV-Growth 2023,SSP4,Mongolia,GDP|PPP [per capita],USD_2017/yr,2045,MNG,19246.615452692866,19212.3,34.31545269286653,0.17861189286481333
OECD ENV-Growth 2023,SSP4,Mongolia,GDP|PPP [per capita],USD_2017/yr,2050,MNG,20525.573205823865,20501,24.573205823864555,0.11986344970423178
OECD ENV-Growth 2023,SSP4,Morocco,GDP|PPP [per capita],USD_2017/yr,2025,MAR,8761.717615636433,8729.19,32.52761563643253,0.3726304002597323
OECD ENV-Growth 2023,SSP4,Morocco,GDP|PPP [per capita],USD_2017/yr,2030,MAR,9895.367350960016,9849.6,45.76735096001539,0.4646620264783889
OECD ENV-Growth 2023,SSP4,Morocco,GDP|PPP [per capita],USD_2017/yr,2035,MAR,11262.617835721345,11204,58.61783572134482,0.5231866808402786
OECD ENV-Growth 2023,SSP4,Morocco,GDP|PPP [per capita],USD_2017/yr,2040,MAR,12649.863588228294,12578.9,70.96358822829461,0.564147804881942
OECD ENV-Growth 2023,SSP4,Morocco,GDP|PPP [per capita],USD_2017/yr,2045,MAR,14093.672034666486,14007.4,86.27203466648643,0.6159032701749535
OECD ENV-Growth 2023,SSP4,Morocco,GDP|PPP [per capita],USD_2017/yr,2050,MAR,15731.69706845713,15622.4,109.29706845713008,0.6996176545033419
OECD ENV-Growth 2023,SSP4,Morocco,GDP|PPP [per capita],USD_2017/yr,2055,MAR,17626.287744650024,17486.9,139.3877446500228,0.7970980828507214
OECD ENV-Growth 2023,SSP4,Morocco,GDP|PPP [per capita],USD_2017/yr,2060,MAR,19774.605717604943,19600.9,173.70571760494204,0.8862129677971012
OECD ENV-Growth 2023,SSP4,Morocco,GDP|PPP [per capita],USD_2017/yr,2065,MAR,22165.73223435755,21957.2,208.5322343575499,0.949721432411919
OECD ENV-Growth 2023,SSP4,Morocco,GDP|PPP [per capita],USD_2017/yr,2070,MAR,24751.63082685149,24508.8,242.83082685149202,0.9907903563270827
OECD ENV-Growth 2023,SSP4,Morocco,GDP|PPP [per capita],USD_2017/yr,2075,MAR,27605.393076753855,27325.5,279.893076753855,1.0242926085665587
OECD ENV-Growth 2023,SSP4,Morocco,GDP|PPP [per capita],USD_2017/yr,2080,MAR,30804.612053755573,30480.5,324.11205375557256,1.0633423131365056
OECD ENV-Growth 2023,SSP4,Morocco,GDP|PPP [per capita],USD_2017/yr,2085,MAR,34354.07620536181,33976.5,377.5762053618091,1.1112863460386124
OECD ENV-Growth 2023,SSP4,Morocco,GDP|PPP [per capita],USD_2017/yr,2090,MAR,38307.27848010202,37865.1,442.1784801020185,1.1677731739834796
OECD ENV-Growth 2023,SSP4,Morocco,GDP|PPP [per capita],USD_2017/yr,2095,MAR,42711.6904167354,42194.7,516.9904167354034,1.2252496563203517
OECD ENV-Growth 2023,SSP4,Morocco,GDP|PPP [per capita],USD_2017/yr,2100,MAR,47634.25180920608,47035.4,598.8518092060767,1.2731938267901979
OECD ENV-Growth 2023,SSP4,Mozambique,GDP|PPP [per capita],USD_2017/yr,2025,MOZ,1379.3207164154437,1374.63,4.690716415443603,0.34123483522428605
OECD ENV-Growth 2023,SSP4,Mozambique,GDP|PPP [per capita],USD_2017/yr,2030,MOZ,1962.214584479154,1953.82,8.394584479153991,0.42964983873406926
OECD ENV-Growth 2023,SSP4,Mozambique,GDP|PPP [per capita],USD_2017/yr,2035,MOZ,2598.3550372858617,2586.57,11.785037285861563,0.45562413875756547
OECD ENV-Growth 2023,SSP4,Mozambique,GDP|PPP [per capita],USD_2017/yr,2040,MOZ,3072.893302202778,3056.63,16.26330220277805,0.5320664327307542
OECD ENV-Growth 2023,SSP4,Mozambique,GDP|PPP [per capita],USD_2017/yr,2045,MOZ,3407.756594450523,3385.07,22.68659445052299,0.6701957256577555
OECD ENV-Growth 2023,SSP4,Mozambique,GDP|PPP [per capita],USD_2017/yr,2050,MOZ,3698.752881202168,3669.5,29.252881202167828,0.7971898406368123
OECD ENV-Growth 2023,SSP4,Mozambique,GDP|PPP [per capita],USD_2017/yr,2055,MOZ,3980.3235385576886,3945.26,35.06353855768839,0.8887510216738158
OECD ENV-Growth 2023,SSP4,Mozambique,GDP|PPP [per capita],USD_2017/yr,2060,MOZ,4254.91505951523,4214.75,40.165059515229586,0.952964221252259
OECD ENV-Growth 2023,SSP4,Mozambique,GDP|PPP [per capita],USD_2017/yr,2065,MOZ,4539.755298645888,4494.78,44.97529864588796,1.000611790696941
OECD ENV-Growth 2023,SSP4,Mozambique,GDP|PPP [per capita],USD_2017/yr,2070,MOZ,4831.433494993816,4781.81,49.62349499381526,1.037755473216528
OECD ENV-Growth 2023,SSP4,Mozambique,GDP|PPP [per capita],USD_2017/yr,2075,MOZ,5151.524978401451,5096.91,54.61497840145148,1.0715311512553976
OECD ENV-Growth 2023,SSP4,Mozambique,GDP|PPP [per capita],USD_2017/yr,2080,MOZ,5484.466813153639,5424.48,59.98681315363956,1.1058537067818401
OECD ENV-Growth 2023,SSP4,Mozambique,GDP|PPP [per capita],USD_2017/yr,2085,MOZ,5826.840268869134,5761.49,65.3502688691342,1.1342598680052243
OECD ENV-Growth 2023,SSP4,Mozambique,GDP|PPP [per capita],USD_2017/yr,2090,MOZ,6156.451157085479,6086.29,70.16115708547932,1.1527738094221491
OECD ENV-Growth 2023,SSP4,Mozambique,GDP|PPP [per capita],USD_2017/yr,2095,MOZ,6469.508455136915,6395.31,74.19845513691416,1.160201071361891
OECD ENV-Growth 2023,SSP4,Mozambique,GDP|PPP [per capita],USD_2017/yr,2100,MOZ,6771.708502382049,6694.14,77.56850238204879,1.1587523174306003
OECD ENV-Growth 2023,SSP4,Myanmar,GDP|PPP [per capita],USD_2017/yr,2025,MMR,4345.314459289043,4330.06,15.254459289042643,0.35229209962547037
OECD ENV-Growth 2023,SSP4,Myanmar,GDP|PPP [per capita],USD_2017/yr,2030,MMR,4927.821892479306,4906.53,21.291892479306625,0.433950112998527
OECD ENV-Growth 2023,SSP4,Myanmar,GDP|PPP [per capita],USD_2017/yr,2035,MMR,5644.327530942256,5617.14,27.187530942255762,0.48401020701381414
OECD ENV-Growth 2023,SSP4,Myanmar,GDP|PPP [per capita],USD_2017/yr,2040,MMR,6348.393955088653,6316.03,32.3639550886528,0.5124097746314189
OECD ENV-Growth 2023,SSP4,Myanmar,GDP|PPP [per capita],USD_2017/yr,2045,MMR,7037.87068757453,6999.18,38.690687574529875,0.5527888634744338
OECD ENV-Growth 2023,SSP4,Myanmar,GDP|PPP [per capita],USD_2017/yr,2050,MMR,7778.461708330017,7728.95,49.51170833001743,0.6406007068232739
OECD ENV-Growth 2023,SSP4,Myanmar,GDP|PPP [per capita],USD_2017/yr,2055,MMR,8608.552428836507,8544.39,64.16242883650739,0.7509304799582813
OECD ENV-Growth 2023,SSP4,Myanmar,GDP|PPP [per capita],USD_2017/yr,2060,MMR,9514.745444817388,9434.32,80.42544481738878,0.8524773891217255
OECD ENV-Growth 2023,SSP4,Myanmar,GDP|PPP [per capita],USD_2017/yr,2065,MMR,10523.339411852414,10427,96.33941185241383,0.9239418035140868
OECD ENV-Growth 2023,SSP4,Myanmar,GDP|PPP [per capita],USD_2017/yr,2070,MMR,11637.806700697734,11525.4,112.40670069773478,0.9752954404856646
OECD ENV-Growth 2023,SSP4,Myanmar,GDP|PPP [per capita],USD_2017/yr,2075,MMR,12843.906407793553,12713.2,130.706407793552,1.0281157206175628
OECD ENV-Growth 2023,SSP4,Myanmar,GDP|PPP [per capita],USD_2017/yr,2080,MMR,14134.27561837456,13981.2,153.07561837455978,1.0948675247801318
OECD ENV-Growth 2023,SSP4,Myanmar,GDP|PPP [per capita],USD_2017/yr,2085,MMR,15520.211942935295,15340.4,179.81194293529552,1.1721463777691292
OECD ENV-Growth 2023,SSP4,Myanmar,GDP|PPP [per capita],USD_2017/yr,2090,MMR,17010.535805437492,16801.4,209.1358054374905,1.2447522553923511
OECD ENV-Growth 2023,SSP4,Myanmar,GDP|PPP [per capita],USD_2017/yr,2095,MMR,18632.36985135809,18394.2,238.16985135808864,1.2948095125533516
OECD ENV-Growth 2023,SSP4,Myanmar,GDP|PPP [per capita],USD_2017/yr,2100,MMR,20404.04176355074,20139.8,264.24176355074087,1.3120376744095814
OECD ENV-Growth 2023,SSP4,Namibia,GDP|PPP [per capita],USD_2017/yr,2025,NAM,9861.936766800332,9851.43,10.506766800332116,0.10665219973478081
OECD ENV-Growth 2023,SSP4,Namibia,GDP|PPP [per capita],USD_2017/yr,2030,NAM,10457.74433846528,10436.3,21.444338465280453,0.20547836364689068
OECD ENV-Growth 2023,SSP4,Namibia,GDP|PPP [per capita],USD_2017/yr,2035,NAM,11455.291690683687,11421.7,33.591690683686465,0.29410412358656296
OECD ENV-Growth 2023,SSP4,Namibia,GDP|PPP [per capita],USD_2017/yr,2040,NAM,12825.291191349172,12776.5,48.79119134917164,0.38188229444035254
OECD ENV-Growth 2023,SSP4,Namibia,GDP|PPP [per capita],USD_2017/yr,2045,NAM,14565.93994259617,14492.6,73.33994259616884,0.5060509680538263
OECD ENV-Growth 2023,SSP4,Namibia,GDP|PPP [per capita],USD_2017/yr,2050,NAM,16618.238834807955,16511.4,106.83883480795339,0.6470610293975881
OECD ENV-Growth 2023,SSP4,Namibia,GDP|PPP [per capita],USD_2017/yr,2055,NAM,19009.305558236963,18865.8,143.50555823696413,0.760665109547245
OECD ENV-Growth 2023,SSP4,Namibia,GDP|PPP [per capita],USD_2017/yr,2060,NAM,21753.86058823042,21571.5,182.36058823041822,0.8453774110767365
OECD ENV-Growth 2023,SSP4,Namibia,GDP|PPP [per capita],USD_2017/yr,2065,NAM,24853.157130523046,24631.1,222.05713052304782,0.9015315212193034
OECD ENV-Growth 2023,SSP4,Namibia,GDP|PPP [per capita],USD_2017/yr,2070,NAM,28293.00752550233,28028.5,264.5075255023294,0.9437091728145615
OECD ENV-Growth 2023,SSP4,Namibia,GDP|PPP [per capita],USD_2017/yr,2075,NAM,31964.338365652544,31651,313.33836565254387,0.9899793550047198
OECD ENV-Growth 2023,SSP4,Namibia,GDP|PPP [per capita],USD_2017/yr,2080,NAM,35838.88981787271,35469.3,369.5898178727075,1.041999187671331
OECD ENV-Growth 2023,SSP4,Namibia,GDP|PPP [per capita],USD_2017/yr,2085,NAM,39916.64275142031,39486.4,430.2427514203082,1.0895973079853019
OECD ENV-Growth 2023,SSP4,Namibia,GDP|PPP [per capita],USD_2017/yr,2090,NAM,44269.7506992704,43777.7,492.05069927040313,1.1239756754475523
OECD ENV-Growth 2023,SSP4,Namibia,GDP|PPP [per capita],USD_2017/yr,2095,NAM,48993.60589896079,48438.9,554.7058989607904,1.1451661762773109
OECD ENV-Growth 2023,SSP4,Namibia,GDP|PPP [per capita],USD_2017/yr,2100,NAM,54089.180291569115,53469.9,619.2802915691136,1.1581848695604697
OECD ENV-Growth 2023,SSP4,Nepal,GDP|PPP [per capita],USD_2017/yr,2025,NPL,4446.650406897791,4425.98,20.67040689779151,0.4670244081037761
OECD ENV-Growth 2023,SSP4,Nepal,GDP|PPP [per capita],USD_2017/yr,2030,NPL,5423.654745858564,5394.09,29.564745858563583,0.5480951533727391
OECD ENV-Growth 2023,SSP4,Nepal,GDP|PPP [per capita],USD_2017/yr,2035,NPL,6529.088166410266,6491.3,37.78816641026606,0.5821355723855939
OECD ENV-Growth 2023,SSP4,Nepal,GDP|PPP [per capita],USD_2017/yr,2040,NPL,7668.105013161332,7620.3,47.80501316133177,0.6273376791114755
OECD ENV-Growth 2023,SSP4,Nepal,GDP|PPP [per capita],USD_2017/yr,2045,NPL,8845.032659471592,8779.96,65.07265947159249,0.7411498397668382
OECD ENV-Growth 2023,SSP4,Nepal,GDP|PPP [per capita],USD_2017/yr,2050,NPL,10141.634804300536,10052.7,88.93480430053569,0.88468574910756
OECD ENV-Growth 2023,SSP4,Nepal,GDP|PPP [per capita],USD_2017/yr,2055,NPL,11611.05320484616,11499.2,111.8532048461584,0.9727042302608738
OECD ENV-Growth 2023,SSP4,Nepal,GDP|PPP [per capita],USD_2017/yr,2060,NPL,13302.272638744102,13168.4,133.872638744102,1.0166203847399988
OECD ENV-Growth 2023,SSP4,Nepal,GDP|PPP [per capita],USD_2017/yr,2065,NPL,15295.870820730606,15134.7,161.17082073060556,1.0649092531110993
OECD ENV-Growth 2023,SSP4,Nepal,GDP|PPP [per capita],USD_2017/yr,2070,NPL,17624.374824029153,17426.1,198.27482402915484,1.137803777260287
OECD ENV-Growth 2023,SSP4,Nepal,GDP|PPP [per capita],USD_2017/yr,2075,NPL,20319.366236355443,20074.9,244.46623635544165,1.2177706307649934
OECD ENV-Growth 2023,SSP4,Nepal,GDP|PPP [per capita],USD_2017/yr,2080,NPL,23346.512815713853,23049.4,297.1128157138519,1.2890262467302918
OECD ENV-Growth 2023,SSP4,Nepal,GDP|PPP [per capita],USD_2017/yr,2085,NPL,26732.856057987297,26376.3,356.5560579872981,1.3518046806690025
OECD ENV-Growth 2023,SSP4,Nepal,GDP|PPP [per capita],USD_2017/yr,2090,NPL,30531.559154394017,30106.6,424.9591543940187,1.4115149315898132
OECD ENV-Growth 2023,SSP4,Nepal,GDP|PPP [per capita],USD_2017/yr,2095,NPL,34803.22411938961,34298.5,504.7241193896116,1.4715632444264664
OECD ENV-Growth 2023,SSP4,Nepal,GDP|PPP [per capita],USD_2017/yr,2100,NPL,39587.22421356795,38991.5,595.724213567948,1.527830972309216
OECD ENV-Growth 2023,SSP4,Nicaragua,GDP|PPP [per capita],USD_2017/yr,2025,NIC,6220.451900365072,6186.26,34.19190036507189,0.552707134279385
OECD ENV-Growth 2023,SSP4,Nicaragua,GDP|PPP [per capita],USD_2017/yr,2030,NIC,6938.8548684165935,6898.88,39.97486841659338,0.5794399731056835
OECD ENV-Growth 2023,SSP4,Nicaragua,GDP|PPP [per capita],USD_2017/yr,2035,NIC,7849.6146659216065,7816.25,33.3646659216065,0.4268628296383368
OECD ENV-Growth 2023,SSP4,Nicaragua,GDP|PPP [per capita],USD_2017/yr,2040,NIC,8941.533525162264,8916.79,24.743525162262813,0.27749364022549383
OECD ENV-Growth 2023,SSP4,Nicaragua,GDP|PPP [per capita],USD_2017/yr,2045,NIC,10220.711377196209,10199,21.71137719620856,0.21287750952258613
OECD ENV-Growth 2023,SSP4,Nicaragua,GDP|PPP [per capita],USD_2017/yr,2050,NIC,11737.367620863652,11715.5,21.86762086365161,0.18665546381845938
OECD ENV-Growth 2023,SSP4,Nicaragua,GDP|PPP [per capita],USD_2017/yr,2055,NIC,13499.121109258012,13483.3,15.821109258013166,0.11733855404843893
OECD ENV-Growth 2023,SSP4,Niger,GDP|PPP [per capita],USD_2017/yr,2025,NER,1439.0389650667391,1425.46,13.578965066739102,0.9526023225302079
OECD ENV-Growth 2023,SSP4,Niger,GDP|PPP [per capita],USD_2017/yr,2030,NER,1624.0951427252055,1610.22,13.875142725205478,0.861692360373457
OECD ENV-Growth 2023,SSP4,Niger,GDP|PPP [per capita],USD_2017/yr,2035,NER,1913.156305805871,1899.14,14.016305805870843,0.7380343632312965
OECD ENV-Growth 2023,SSP4,Niger,GDP|PPP [per capita],USD_2017/yr,2040,NER,2176.7044599826418,2160.84,15.86445998264162,0.73418022540501
OECD ENV-Growth 2023,SSP4,Niger,GDP|PPP [per capita],USD_2017/yr,2045,NER,2429.021700495387,2408.43,20.59170049538716,0.8549843879783577
OECD ENV-Growth 2023,SSP4,Niger,GDP|PPP [per capita],USD_2017/yr,2050,NER,2693.593578132568,2667.82,25.773578132567764,0.9660913454643778
OECD ENV-Growth 2023,SSP4,Niger,GDP|PPP [per capita],USD_2017/yr,2055,NER,2989.3552541101667,2959.24,30.115254110166916,1.0176685267219596
OECD ENV-Growth 2023,SSP4,Niger,GDP|PPP [per capita],USD_2017/yr,2060,NER,3317.874094106355,3283.74,34.134094106355406,1.0394883305729261
OECD ENV-Growth 2023,SSP4,Niger,GDP|PPP [per capita],USD_2017/yr,2065,NER,3698.973712652833,3660.73,38.24371265283298,1.0447018122842433
OECD ENV-Growth 2023,SSP4,Niger,GDP|PPP [per capita],USD_2017/yr,2070,NER,4140.63518922576,4097.45,43.18518922576004,1.0539528054219098
OECD ENV-Growth 2023,SSP4,Niger,GDP|PPP [per capita],USD_2017/yr,2075,NER,4652.362352282488,4602.88,49.48235228248814,1.0750302480726879
OECD ENV-Growth 2023,SSP4,Niger,GDP|PPP [per capita],USD_2017/yr,2080,NER,5240.816033336274,5183.95,56.866033336274086,1.0969633838342208
OECD ENV-Growth 2023,SSP4,Niger,GDP|PPP [per capita],USD_2017/yr,2085,NER,5897.473342834134,5832.6,64.87334283413384,1.1122542748368451
OECD ENV-Growth 2023,SSP4,Niger,GDP|PPP [per capita],USD_2017/yr,2090,NER,6645.422736621277,6571.82,73.60273662127747,1.119974932686493
OECD ENV-Growth 2023,SSP4,Niger,GDP|PPP [per capita],USD_2017/yr,2095,NER,7501.403981088967,7418.28,83.12398108896741,1.1205290321876151
OECD ENV-Growth 2023,SSP4,Niger,GDP|PPP [per capita],USD_2017/yr,2100,NER,8520.824038257524,8426.6,94.22403825752372,1.1181738572796112
OECD ENV-Growth 2023,SSP4,Nigeria,GDP|PPP [per capita],USD_2017/yr,2025,NGA,5105.142114796926,5067.63,37.512114796925744,0.7402299456930703
OECD ENV-Growth 2023,SSP4,Nigeria,GDP|PPP [per capita],USD_2017/yr,2030,NGA,5358.136616839287,5318.41,39.72661683928709,0.7469641648403769
OECD ENV-Growth 2023,SSP4,Nigeria,GDP|PPP [per capita],USD_2017/yr,2035,NGA,5942.005065004203,5899.3,42.70506500420288,0.7239005475938312
OECD ENV-Growth 2023,SSP4,Nigeria,GDP|PPP [per capita],USD_2017/yr,2040,NGA,6471.207645366055,6424.09,47.1176453660546,0.7334524479895923
OECD ENV-Growth 2023,SSP4,Nigeria,GDP|PPP [per capita],USD_2017/yr,2045,NGA,7010.18896635645,6953.4,56.788966356450146,0.8167078890391772
OECD ENV-Growth 2023,SSP4,Nigeria,GDP|PPP [per capita],USD_2017/yr,2050,NGA,7617.17353759899,7547.8,69.37353759898997,0.9191226264473088
OECD ENV-Growth 2023,SSP4,Nigeria,GDP|PPP [per capita],USD_2017/yr,2055,NGA,8334.618780834227,8253.54,81.07878083422656,0.9823515828871799
OECD ENV-Growth 2023,SSP4,Nigeria,GDP|PPP [per capita],USD_2017/yr,2060,NGA,9148.875326825617,9055.64,93.23532682561745,1.0295829651534012
OECD ENV-Growth 2023,SSP4,Nigeria,GDP|PPP [per capita],USD_2017/yr,2065,NGA,10077.696043527823,9971.93,105.76604352782306,1.0606376451481614
OECD ENV-Growth 2023,SSP4,Nigeria,GDP|PPP [per capita],USD_2017/yr,2070,NGA,11121.675430173496,11003.1,118.57543017349599,1.0776547534194543
OECD ENV-Growth 2023,SSP4,Nigeria,GDP|PPP [per capita],USD_2017/yr,2075,NGA,12290.142394820949,12156.2,133.9423948209478,1.1018442837477815
OECD ENV-Growth 2023,SSP4,Nigeria,GDP|PPP [per capita],USD_2017/yr,2080,NGA,13591.046404817176,13438.9,152.14640481717652,1.1321343623151934
OECD ENV-Growth 2023,SSP4,Nigeria,GDP|PPP [per capita],USD_2017/yr,2085,NGA,15052.448222972786,14879.5,172.94822297278552,1.16232550134605
OECD ENV-Growth 2023,SSP4,Nigeria,GDP|PPP [per capita],USD_2017/yr,2090,NGA,16681.00459323354,16485.7,195.3045932335408,1.1846909335578155
OECD ENV-Growth 2023,SSP4,Nigeria,GDP|PPP [per capita],USD_2017/yr,2095,NGA,18520.64835986168,18302,218.64835986167964,1.194669215723307
OECD ENV-Growth 2023,SSP4,Nigeria,GDP|PPP [per capita],USD_2017/yr,2100,NGA,20584.606410056705,20341.3,243.30641005670623,1.1961202580794061
OECD ENV-Growth 2023,SSP4,Oman,GDP|PPP [per capita],USD_2017/yr,2025,OMN,34676.12748951618,34513.8,162.32748951617396,0.47032633183298833
OECD ENV-Growth 2023,SSP4,Oman,GDP|PPP [per capita],USD_2017/yr,2030,OMN,37592.29896227828,37372.5,219.79896227827703,0.5881302087852753
OECD ENV-Growth 2023,SSP4,Oman,GDP|PPP [per capita],USD_2017/yr,2035,OMN,41506.94411698624,41222.8,284.14411698623735,0.6892887358118258
OECD ENV-Growth 2023,SSP4,Oman,GDP|PPP [per capita],USD_2017/yr,2040,OMN,45989.467213415875,45645.4,344.067213415874,0.7537828859334653
OECD ENV-Growth 2023,SSP4,Oman,GDP|PPP [per capita],USD_2017/yr,2045,OMN,50695.21536647723,50286.7,408.5153664772297,0.812372588531818
OECD ENV-Growth 2023,SSP4,Oman,GDP|PPP [per capita],USD_2017/yr,2050,OMN,55343.70581741793,54856.7,487.00581741793576,0.8877781882941114
OECD ENV-Growth 2023,SSP4,Oman,GDP|PPP [per capita],USD_2017/yr,2055,OMN,60562.48338071159,59974.9,587.583380711585,0.9797154821626799
OECD ENV-Growth 2023,SSP4,Oman,GDP|PPP [per capita],USD_2017/yr,2060,OMN,66518.2073711204,65799.3,718.9073711203964,1.092576016949111
OECD ENV-Growth 2023,SSP4,Oman,GDP|PPP [per capita],USD_2017/yr,2065,OMN,73297.36649450044,72428.9,868.4664945004479,1.1990607264509718
OECD ENV-Growth 2023,SSP4,Oman,GDP|PPP [per capita],USD_2017/yr,2070,OMN,80461.48309918768,79444.9,1016.5830991876865,1.2796077522757112
OECD ENV-Growth 2023,SSP4,Oman,GDP|PPP [per capita],USD_2017/yr,2075,OMN,87889.91442262991,86721.9,1168.0144226299162,1.3468505909463657
OECD ENV-Growth 2023,SSP4,Oman,GDP|PPP [per capita],USD_2017/yr,2080,OMN,95319.98066686714,93992.5,1327.4806668671372,1.4123261609885227
OECD ENV-Growth 2023,SSP4,Oman,GDP|PPP [per capita],USD_2017/yr,2085,OMN,102843.78318841316,101345,1498.7831884131592,1.4788920898052782
OECD ENV-Growth 2023,SSP4,Oman,GDP|PPP [per capita],USD_2017/yr,2090,OMN,110737.38211517848,109046,1691.3821151784796,1.5510721302739023
OECD ENV-Growth 2023,SSP4,Oman,GDP|PPP [per capita],USD_2017/yr,2095,OMN,119323.1010720294,117415,1908.1010720293998,1.6250914040194182
OECD ENV-Growth 2023,SSP4,Oman,GDP|PPP [per capita],USD_2017/yr,2100,OMN,128726.27884739835,126583,2143.278847398353,1.6931806383150603
OECD ENV-Growth 2023,SSP4,Pakistan,GDP|PPP [per capita],USD_2017/yr,2025,PAK,5470.070110921851,5439.9,30.17011092185112,0.5546078222366426
OECD ENV-Growth 2023,SSP4,Pakistan,GDP|PPP [per capita],USD_2017/yr,2030,PAK,6247.656739968496,6215.27,32.38673996849593,0.5210833957092118
OECD ENV-Growth 2023,SSP4,Pakistan,GDP|PPP [per capita],USD_2017/yr,2035,PAK,7122.605969293702,7087.7,34.90596929370258,0.4924865512606711
OECD ENV-Growth 2023,SSP4,Pakistan,GDP|PPP [per capita],USD_2017/yr,2040,PAK,8146.008509895332,8107.34,38.668509895332136,0.47695680575049443
OECD ENV-Growth 2023,SSP4,Pakistan,GDP|PPP [per capita],USD_2017/yr,2045,PAK,9332.719526404017,9282.98,49.73952640401694,0.5358142148751472
OECD ENV-Growth 2023,SSP4,Pakistan,GDP|PPP [per capita],USD_2017/yr,2050,PAK,10680.43583903544,10611.1,69.33583903543877,0.653427439525014
OECD ENV-Growth 2023,SSP4,Pakistan,GDP|PPP [per capita],USD_2017/yr,2055,PAK,12187.699025941269,12097.2,90.49902594126797,0.7480989480315112
OECD ENV-Growth 2023,SSP4,Pakistan,GDP|PPP [per capita],USD_2017/yr,2060,PAK,13809.711809275772,13703.2,106.51180927577116,0.777276908136575
OECD ENV-Growth 2023,SSP4,Pakistan,GDP|PPP [per capita],USD_2017/yr,2065,PAK,15620.091022072733,15500.8,119.29102207273354,0.7695797769968876
OECD ENV-Growth 2023,SSP4,Pakistan,GDP|PPP [per capita],USD_2017/yr,2070,PAK,17618.49879104795,17481.8,136.6987910479511,0.7819491759884629
OECD ENV-Growth 2023,SSP4,Pakistan,GDP|PPP [per capita],USD_2017/yr,2075,PAK,19864.83364481859,19703.1,161.73364481859244,0.820853798735186
OECD ENV-Growth 2023,SSP4,Pakistan,GDP|PPP [per capita],USD_2017/yr,2080,PAK,22329.024308673543,22136.7,192.32430867354196,0.8688029772890355
OECD ENV-Growth 2023,SSP4,Pakistan,GDP|PPP [per capita],USD_2017/yr,2085,PAK,24959.377572351907,24736.2,223.17757235190584,0.9022306269835538
OECD ENV-Growth 2023,SSP4,Pakistan,GDP|PPP [per capita],USD_2017/yr,2090,PAK,27738.300548144063,27486.7,251.6005481440625,0.9153537825350533
OECD ENV-Growth 2023,SSP4,Pakistan,GDP|PPP [per capita],USD_2017/yr,2095,PAK,30683.95264556589,30405.4,278.55264556588736,0.9161288638396053
OECD ENV-Growth 2023,SSP4,Pakistan,GDP|PPP [per capita],USD_2017/yr,2100,PAK,33860.5599551673,33553,307.55995516730036,0.9166392130876534
OECD ENV-Growth 2023,SSP4,Panama,GDP|PPP [per capita],USD_2017/yr,2025,PAN,37034.646842375834,36865.5,169.14684237583424,0.4588215062208141
OECD ENV-Growth 2023,SSP4,Panama,GDP|PPP [per capita],USD_2017/yr,2030,PAN,42287.14202787778,42048.4,238.74202787777904,0.5677791018868233
OECD ENV-Growth 2023,SSP4,Panama,GDP|PPP [per capita],USD_2017/yr,2035,PAN,47528.276155760934,47248.8,279.47615576093085,0.5914989497319103
OECD ENV-Growth 2023,SSP4,Panama,GDP|PPP [per capita],USD_2017/yr,2040,PAN,52600.69377511546,52274,326.6937751154619,0.6249641793539081
OECD ENV-Growth 2023,SSP4,Panama,GDP|PPP [per capita],USD_2017/yr,2045,PAN,57822.3009771192,57411.5,410.800977119201,0.7155377879330813
OECD ENV-Growth 2023,SSP4,Panama,GDP|PPP [per capita],USD_2017/yr,2050,PAN,63095.872822990714,62591.6,504.2728229907152,0.8056557477212841
OECD ENV-Growth 2023,SSP4,Panama,GDP|PPP [per capita],USD_2017/yr,2055,PAN,68347.4370538804,67766.5,580.9370538804069,0.8572628863530017
OECD ENV-Growth 2023,SSP4,Panama,GDP|PPP [per capita],USD_2017/yr,2060,PAN,73616.23237032609,72948.7,667.5323703260947,0.9150709612729147
OECD ENV-Growth 2023,SSP4,Panama,GDP|PPP [per capita],USD_2017/yr,2065,PAN,79046.12777389465,78298.5,747.6277738946519,0.9548430351726431
OECD ENV-Growth 2023,SSP4,Panama,GDP|PPP [per capita],USD_2017/yr,2070,PAN,84657.87591216965,83833,824.8759121696494,0.9839513224740251
OECD ENV-Growth 2023,SSP4,Panama,GDP|PPP [per capita],USD_2017/yr,2075,PAN,90749.92709342546,89798,951.92709342546,1.0600760522789596
OECD ENV-Growth 2023,SSP4,Panama,GDP|PPP [per capita],USD_2017/yr,2080,PAN,97222.8197138888,96157.3,1065.5197138888034,1.1081006994672304
OECD ENV-Growth 2023,SSP4,Panama,GDP|PPP [per capita],USD_2017/yr,2085,PAN,104155.81109544248,102957,1198.8110954424774,1.1643803679618456
OECD ENV-Growth 2023,SSP4,Panama,GDP|PPP [per capita],USD_2017/yr,2090,PAN,111472.75116186854,110137,1335.7511618685385,1.2128087399044267
OECD ENV-Growth 2023,SSP4,Panama,GDP|PPP [per capita],USD_2017/yr,2095,PAN,119269.67037401607,117789,1480.6703740160738,1.2570531832480738
OECD ENV-Growth 2023,SSP4,Panama,GDP|PPP [per capita],USD_2017/yr,2100,PAN,127588.58704862554,125964,1624.5870486255444,1.289723292865854
OECD ENV-Growth 2023,SSP4,Papua New Guinea,GDP|PPP [per capita],USD_2017/yr,2025,PNG,3468.6412442894234,3449.85,18.791244289423503,0.5446974300164791
OECD ENV-Growth 2023,SSP4,Papua New Guinea,GDP|PPP [per capita],USD_2017/yr,2030,PNG,3718.443195814762,3695.95,22.493195814762203,0.6085903709401427
OECD ENV-Growth 2023,SSP4,Papua New Guinea,GDP|PPP [per capita],USD_2017/yr,2035,PNG,4207.281384496586,4180.63,26.651384496585706,0.6374968484794327
OECD ENV-Growth 2023,SSP4,Papua New Guinea,GDP|PPP [per capita],USD_2017/yr,2040,PNG,4780.424553744063,4749.05,31.374553744062723,0.6606490507377838
OECD ENV-Growth 2023,SSP4,Papua New Guinea,GDP|PPP [per capita],USD_2017/yr,2045,PNG,5429.576738335751,5390.53,39.04673833575089,0.724358056364604
OECD ENV-Growth 2023,SSP4,Papua New Guinea,GDP|PPP [per capita],USD_2017/yr,2050,PNG,6209.925741151976,6159.63,50.29574115197556,0.8165383497381428
OECD ENV-Growth 2023,SSP4,Papua New Guinea,GDP|PPP [per capita],USD_2017/yr,2055,PNG,7169.621753788019,7105.68,63.941753788019014,0.899868186971817
OECD ENV-Growth 2023,SSP4,Papua New Guinea,GDP|PPP [per capita],USD_2017/yr,2060,PNG,8310.832200622932,8231.05,79.78220062293258,0.9692833918264692
OECD ENV-Growth 2023,SSP4,Papua New Guinea,GDP|PPP [per capita],USD_2017/yr,2065,PNG,9667.024529553186,9569.48,97.5445295531863,1.0193294677786704
OECD ENV-Growth 2023,SSP4,Papua New Guinea,GDP|PPP [per capita],USD_2017/yr,2070,PNG,11208.795893228304,11091.2,117.59589322830288,1.060263030405212
OECD ENV-Growth 2023,SSP4,Papua New Guinea,GDP|PPP [per capita],USD_2017/yr,2075,PNG,12947.50416348117,12806.4,141.10416348116996,1.1018253645143832
OECD ENV-Growth 2023,SSP4,Papua New Guinea,GDP|PPP [per capita],USD_2017/yr,2080,PNG,14896.250882468725,14727.3,168.95088246872547,1.147195225660681
OECD ENV-Growth 2023,SSP4,Papua New Guinea,GDP|PPP [per capita],USD_2017/yr,2085,PNG,17103.967150297023,16902.1,201.86715029702464,1.1943317711824248
OECD ENV-Growth 2023,SSP4,Papua New Guinea,GDP|PPP [per capita],USD_2017/yr,2090,PNG,19612.481275112583,19373.1,239.38127511258426,1.2356374308323619
OECD ENV-Growth 2023,SSP4,Papua New Guinea,GDP|PPP [per capita],USD_2017/yr,2095,PNG,22461.208772507576,22180.9,280.30877250757476,1.2637393996978246
OECD ENV-Growth 2023,SSP4,Papua New Guinea,GDP|PPP [per capita],USD_2017/yr,2100,PNG,25667.402818273793,25344.2,323.2028182737922,1.2752535817812052
OECD ENV-Growth 2023,SSP4,Paraguay,GDP|PPP [per capita],USD_2017/yr,2025,PRY,14747.840976623062,14679.6,68.24097662306121,0.4648694557280935
OECD ENV-Growth 2023,SSP4,Paraguay,GDP|PPP [per capita],USD_2017/yr,2030,PRY,16416.427971900153,16331.3,85.12797190015408,0.5212565558170756
OECD ENV-Growth 2023,SSP4,Paraguay,GDP|PPP [per capita],USD_2017/yr,2035,PRY,18347.36948620888,18248.9,98.46948620887997,0.5395913518561665
OECD ENV-Growth 2023,SSP4,Paraguay,GDP|PPP [per capita],USD_2017/yr,2040,PRY,20491.278601707425,20373.5,117.77860170742497,0.578097046199352
OECD ENV-Growth 2023,SSP4,Paraguay,GDP|PPP [per capita],USD_2017/yr,2045,PRY,23071.861922985943,22921,150.86192298594324,0.6581821167747622
OECD ENV-Growth 2023,SSP4,Paraguay,GDP|PPP [per capita],USD_2017/yr,2050,PRY,26004.97713043417,25810.5,194.47713043417025,0.7534806781510248
OECD ENV-Growth 2023,SSP4,Paraguay,GDP|PPP [per capita],USD_2017/yr,2055,PRY,29355.070559305812,29110.5,244.5705593058119,0.8401455121204099
OECD ENV-Growth 2023,SSP4,Paraguay,GDP|PPP [per capita],USD_2017/yr,2060,PRY,33081.049784272764,32784.1,296.9497842727651,0.9057737875151831
OECD ENV-Growth 2023,SSP4,Paraguay,GDP|PPP [per capita],USD_2017/yr,2065,PRY,37204.565714900666,36852.6,351.9657149006671,0.9550634552261362
OECD ENV-Growth 2023,SSP4,Paraguay,GDP|PPP [per capita],USD_2017/yr,2070,PRY,41603.35201357732,41190.7,412.6520135773244,1.0018086936549377
OECD ENV-Growth 2023,SSP4,Paraguay,GDP|PPP [per capita],USD_2017/yr,2075,PRY,46327.282294133125,45843.2,484.082294133128,1.0559522331188225
OECD ENV-Growth 2023,SSP4,Paraguay,GDP|PPP [per capita],USD_2017/yr,2080,PRY,51371.03375960804,50802.9,568.1337596080411,1.1183097020210286
OECD ENV-Growth 2023,SSP4,Paraguay,GDP|PPP [per capita],USD_2017/yr,2085,PRY,56753.5831192275,56090.1,663.4831192275014,1.182888101870921
OECD ENV-Growth 2023,SSP4,Paraguay,GDP|PPP [per capita],USD_2017/yr,2090,PRY,62507.104093071976,61738,769.1040930719755,1.2457547913310691
OECD ENV-Growth 2023,SSP4,Paraguay,GDP|PPP [per capita],USD_2017/yr,2095,PRY,68611.23816895958,67728.9,882.3381689595844,1.3027498880973771
OECD ENV-Growth 2023,SSP4,Paraguay,GDP|PPP [per capita],USD_2017/yr,2100,PRY,75109.74667343391,74108.1,1001.6466734339047,1.3516021506878526
OECD ENV-Growth 2023,SSP4,Peru,GDP|PPP [per capita],USD_2017/yr,2025,PER,13737.702776961494,13681,56.70277696149424,0.41446368658354094
OECD ENV-Growth 2023,SSP4,Peru,GDP|PPP [per capita],USD_2017/yr,2030,PER,15217.495616990424,15133.4,84.09561699042388,0.5556954616307233
OECD ENV-Growth 2023,SSP4,Peru,GDP|PPP [per capita],USD_2017/yr,2035,PER,17021.41376433577,16914.7,106.71376433577097,0.630893627056767
OECD ENV-Growth 2023,SSP4,Peru,GDP|PPP [per capita],USD_2017/yr,2040,PER,19299.80941537497,19167.8,132.00941537497056,0.6887040524993508
OECD ENV-Growth 2023,SSP4,Peru,GDP|PPP [per capita],USD_2017/yr,2045,PER,22098.047880623064,21931.5,166.54788062306397,0.759400317456918
OECD ENV-Growth 2023,SSP4,Peru,GDP|PPP [per capita],USD_2017/yr,2050,PER,25329.95147262404,25113.7,216.25147262404062,0.861089654746376
OECD ENV-Growth 2023,SSP4,Peru,GDP|PPP [per capita],USD_2017/yr,2055,PER,28924.23686808571,28643.1,281.1368680857122,0.9815169031484449
OECD ENV-Growth 2023,SSP4,Peru,GDP|PPP [per capita],USD_2017/yr,2060,PER,32835.01553361976,32479.4,355.6155336197553,1.094895637295502
OECD ENV-Growth 2023,SSP4,Peru,GDP|PPP [per capita],USD_2017/yr,2065,PER,37112.554601921394,36679.2,433.35460192139726,1.1814723383317993
OECD ENV-Growth 2023,SSP4,Peru,GDP|PPP [per capita],USD_2017/yr,2070,PER,41760.691696259935,41245.4,515.2916962599338,1.249331310303534
OECD ENV-Growth 2023,SSP4,Peru,GDP|PPP [per capita],USD_2017/yr,2075,PER,46814.515686156614,46206.1,608.4156861566153,1.3167432138973323
OECD ENV-Growth 2023,SSP4,Peru,GDP|PPP [per capita],USD_2017/yr,2080,PER,52241.00327521141,51522.2,718.8032752114159,1.3951331177849857
OECD ENV-Growth 2023,SSP4,Peru,GDP|PPP [per capita],USD_2017/yr,2085,PER,58017.74052428721,57171.3,846.440524287209,1.480533981713218
OECD ENV-Growth 2023,SSP4,Peru,GDP|PPP [per capita],USD_2017/yr,2090,PER,64113.7516467014,63125.8,987.9516467013964,1.5650520812431628
OECD ENV-Growth 2023,SSP4,Peru,GDP|PPP [per capita],USD_2017/yr,2095,PER,70550.1536534752,69411.9,1138.2536534751998,1.6398537620713451
OECD ENV-Growth 2023,SSP4,Peru,GDP|PPP [per capita],USD_2017/yr,2100,PER,77379.38987625124,76087.6,1291.789876251234,1.6977666219610474
OECD ENV-Growth 2023,SSP4,Philippines,GDP|PPP [per capita],USD_2017/yr,2025,PHL,9797.802100129777,9752.46,45.342100129777464,0.46492987543427466
OECD ENV-Growth 2023,SSP4,Philippines,GDP|PPP [per capita],USD_2017/yr,2030,PHL,12349.69879242382,12281.8,67.89879242382085,0.55284072712323
OECD ENV-Growth 2023,SSP4,Philippines,GDP|PPP [per capita],USD_2017/yr,2035,PHL,14797.65914031436,14707.9,89.75914031435968,0.6102784239378817
OECD ENV-Growth 2023,SSP4,Philippines,GDP|PPP [per capita],USD_2017/yr,2040,PHL,16792.686053731828,16682.5,110.186053731828,0.6604888579758909
OECD ENV-Growth 2023,SSP4,Philippines,GDP|PPP [per capita],USD_2017/yr,2045,PHL,18567.054801971164,18431.1,135.95480197116558,0.7376380247037105
OECD ENV-Growth 2023,SSP4,Philippines,GDP|PPP [per capita],USD_2017/yr,2050,PHL,20347.23964825296,20183,164.23964825295843,0.8137524067430929
OECD ENV-Growth 2023,SSP4,Philippines,GDP|PPP [per capita],USD_2017/yr,2055,PHL,22231.370540668013,22035.6,195.7705406680143,0.8884284551726039
OECD ENV-Growth 2023,SSP4,Philippines,GDP|PPP [per capita],USD_2017/yr,2060,PHL,24231.99282094877,23999.6,232.39282094877126,0.9683195592792015
OECD ENV-Growth 2023,SSP4,Philippines,GDP|PPP [per capita],USD_2017/yr,2065,PHL,26326.442132239576,26057.9,268.54213223957413,1.0305593783059037
OECD ENV-Growth 2023,SSP4,Philippines,GDP|PPP [per capita],USD_2017/yr,2070,PHL,28449.17575811616,28146.8,302.375758116159,1.0742811194031259
OECD ENV-Growth 2023,SSP4,Philippines,GDP|PPP [per capita],USD_2017/yr,2075,PHL,30627.41243779244,30290.4,337.0124377924403,1.1126047783866846
OECD ENV-Growth 2023,SSP4,Philippines,GDP|PPP [per capita],USD_2017/yr,2080,PHL,32893.31674849583,32518.6,374.7167484958336,1.152315131942438
OECD ENV-Growth 2023,SSP4,Philippines,GDP|PPP [per capita],USD_2017/yr,2085,PHL,35325.35734898809,34906.9,418.45734898808587,1.1987811836286977
OECD ENV-Growth 2023,SSP4,Philippines,GDP|PPP [per capita],USD_2017/yr,2090,PHL,37932.322154870475,37462.4,469.9221548704736,1.254383474818681
OECD ENV-Growth 2023,SSP4,Philippines,GDP|PPP [per capita],USD_2017/yr,2095,PHL,40708.01993352025,40180.3,527.7199335202458,1.3133797744672036
OECD ENV-Growth 2023,SSP4,Philippines,GDP|PPP [per capita],USD_2017/yr,2100,PHL,43614.52545547678,43028.8,585.7254554767787,1.3612405074665774
OECD ENV-Growth 2023,SSP4,Puerto Rico,GDP|PPP [per capita],USD_2017/yr,2035,PRI,42118.91406262294,42065.4,53.5140626229404,0.12721634080013597
OECD ENV-Growth 2023,SSP4,Puerto Rico,GDP|PPP [per capita],USD_2017/yr,2040,PRI,45835.81662506799,45758.5,77.3166250679933,0.16896669486104943
OECD ENV-Growth 2023,SSP4,Puerto Rico,GDP|PPP [per capita],USD_2017/yr,2045,PRI,49498.30304585689,49385.4,112.90304585688864,0.22861624256741594
OECD ENV-Growth 2023,SSP4,Puerto Rico,GDP|PPP [per capita],USD_2017/yr,2050,PRI,52894.49712710796,52732.3,162.1971271079601,0.3075859143408501
OECD ENV-Growth 2023,SSP4,Puerto Rico,GDP|PPP [per capita],USD_2017/yr,2055,PRI,56288.7240192969,56090.3,198.42401929689368,0.3537581708368357
OECD ENV-Growth 2023,SSP4,Puerto Rico,GDP|PPP [per capita],USD_2017/yr,2060,PRI,59632.56769438792,59408.7,223.86769438792544,0.3768264486311356
OECD ENV-Growth 2023,SSP4,Puerto Rico,GDP|PPP [per capita],USD_2017/yr,2065,PRI,62998.50069346439,62766.3,232.20069346438686,0.3699448485323921
OECD ENV-Growth 2023,SSP4,Puerto Rico,GDP|PPP [per capita],USD_2017/yr,2070,PRI,66305.14484322396,66080.1,225.04484322395,0.34056371467953284
OECD ENV-Growth 2023,SSP4,Puerto Rico,GDP|PPP [per capita],USD_2017/yr,2075,PRI,69554.07646573201,69338.9,215.17646573201637,0.3103257561513326
OECD ENV-Growth 2023,SSP4,Puerto Rico,GDP|PPP [per capita],USD_2017/yr,2080,PRI,72808.14183149365,72605.8,202.34183149364253,0.27868549274802085
OECD ENV-Growth 2023,SSP4,Puerto Rico,GDP|PPP [per capita],USD_2017/yr,2085,PRI,76211.82347403797,76028.3,183.5234740379674,0.24138836990695225
OECD ENV-Growth 2023,SSP4,Puerto Rico,GDP|PPP [per capita],USD_2017/yr,2090,PRI,79841.014949753,79688.1,152.914949752987,0.19189182544569014
OECD ENV-Growth 2023,SSP4,Puerto Rico,GDP|PPP [per capita],USD_2017/yr,2095,PRI,83738.57342028846,83632.9,105.67342028846906,0.12635388739176695
OECD ENV-Growth 2023,SSP4,Qatar,GDP|PPP [per capita],USD_2017/yr,2025,QAT,90873.31814571096,90732,141.31814571096038,0.15575336784261382
OECD ENV-Growth 2023,SSP4,Qatar,GDP|PPP [per capita],USD_2017/yr,2065,QAT,115152.64746123692,115023,129.6474612369202,0.11271437993872549
OECD ENV-Growth 2023,SSP4,Qatar,GDP|PPP [per capita],USD_2017/yr,2070,QAT,119923.93598609064,119710,213.93598609064065,0.17871187544118342
OECD ENV-Growth 2023,SSP4,Qatar,GDP|PPP [per capita],USD_2017/yr,2075,QAT,124610.54615697014,124252,358.5461569701438,0.28856369070127147
OECD ENV-Growth 2023,SSP4,Qatar,GDP|PPP [per capita],USD_2017/yr,2080,QAT,129428.80528407906,128877,551.8052840790624,0.42816428383579874
OECD ENV-Growth 2023,SSP4,Qatar,GDP|PPP [per capita],USD_2017/yr,2085,QAT,134465.50201933715,133673,792.5020193371456,0.5928661878892114
OECD ENV-Growth 2023,SSP4,Qatar,GDP|PPP [per capita],USD_2017/yr,2090,QAT,139790.58996083128,138727,1063.5899608312757,0.7666784121557272
OECD ENV-Growth 2023,SSP4,Qatar,GDP|PPP [per capita],USD_2017/yr,2095,QAT,145528.37839341428,144165,1363.3783934142848,0.9457069284599485
OECD ENV-Growth 2023,SSP4,Qatar,GDP|PPP [per capita],USD_2017/yr,2100,QAT,151794.9851766246,150105,1689.9851766246138,1.125868676342969
OECD ENV-Growth 2023,SSP4,Rwanda,GDP|PPP [per capita],USD_2017/yr,2025,RWA,2717.9311765725656,2712.24,5.691176572565837,0.20983307423258404
OECD ENV-Growth 2023,SSP4,Rwanda,GDP|PPP [per capita],USD_2017/yr,2030,RWA,3435.1596463415667,3427.34,7.819646341566568,0.22815496395357818
OECD ENV-Growth 2023,SSP4,Rwanda,GDP|PPP [per capita],USD_2017/yr,2035,RWA,4131.87503406505,4121.81,10.065034065049986,0.2441896658276336
OECD ENV-Growth 2023,SSP4,Rwanda,GDP|PPP [per capita],USD_2017/yr,2040,RWA,4740.294145634313,4727.6,12.694145634312918,0.26851141455099664
OECD ENV-Growth 2023,SSP4,Rwanda,GDP|PPP [per capita],USD_2017/yr,2045,RWA,5273.8674502295025,5256.09,17.777450229502392,0.3382257577306019
OECD ENV-Growth 2023,SSP4,Rwanda,GDP|PPP [per capita],USD_2017/yr,2050,RWA,5781.829872133286,5756.31,25.51987213328539,0.4433373486362859
OECD ENV-Growth 2023,SSP4,Rwanda,GDP|PPP [per capita],USD_2017/yr,2055,RWA,6295.996777959085,6262.45,33.546777959085375,0.5356813700562141
OECD ENV-Growth 2023,SSP4,Rwanda,GDP|PPP [per capita],USD_2017/yr,2060,RWA,6803.698782040217,6763.49,40.20878204021756,0.5944975455011771
OECD ENV-Growth 2023,SSP4,Rwanda,GDP|PPP [per capita],USD_2017/yr,2065,RWA,7323.254700361177,7278.1,45.154700361176765,0.620418795580945
OECD ENV-Growth 2023,SSP4,Rwanda,GDP|PPP [per capita],USD_2017/yr,2070,RWA,7845.520258229606,7795.92,49.60025822960597,0.6362335456188105
OECD ENV-Growth 2023,SSP4,Rwanda,GDP|PPP [per capita],USD_2017/yr,2075,RWA,8400.62125637003,8345.19,55.43125637002959,0.6642300099821524
OECD ENV-Growth 2023,SSP4,Rwanda,GDP|PPP [per capita],USD_2017/yr,2080,RWA,8966.841772699607,8904.33,62.51177269960681,0.7020379152570357
OECD ENV-Growth 2023,SSP4,Rwanda,GDP|PPP [per capita],USD_2017/yr,2085,RWA,9513.091384178242,9443.32,69.77138417824244,0.7388437983489117
OECD ENV-Growth 2023,SSP4,Rwanda,GDP|PPP [per capita],USD_2017/yr,2090,RWA,10024.941236592387,9948.87,76.07123659238641,0.7646218775839508
OECD ENV-Growth 2023,SSP4,Rwanda,GDP|PPP [per capita],USD_2017/yr,2095,RWA,10510.905876387727,10429.9,81.00587638772777,0.7766697320945337
OECD ENV-Growth 2023,SSP4,Rwanda,GDP|PPP [per capita],USD_2017/yr,2100,RWA,10998.038626556963,10912.9,85.13862655696357,0.7801650024921293
OECD ENV-Growth 2023,SSP4,Saint Lucia,GDP|PPP [per capita],USD_2017/yr,2025,LCA,16319.45174261993,16282.2,37.251742619930155,0.22878814054568888
OECD ENV-Growth 2023,SSP4,Saint Lucia,GDP|PPP [per capita],USD_2017/yr,2030,LCA,17320.12547106106,17267.4,52.72547106105776,0.3053469026087179
OECD ENV-Growth 2023,SSP4,Saint Lucia,GDP|PPP [per capita],USD_2017/yr,2035,LCA,18652.826047192244,18596.6,56.22604719224546,0.30234584382223345
OECD ENV-Growth 2023,SSP4,Saint Lucia,GDP|PPP [per capita],USD_2017/yr,2040,LCA,20736.349403963603,20673,63.349403963602526,0.30643546637451036
OECD ENV-Growth 2023,SSP4,Saint Lucia,GDP|PPP [per capita],USD_2017/yr,2045,LCA,23630.08138764873,23552.2,77.88138764872929,0.33067563815154966
OECD ENV-Growth 2023,SSP4,Saint Lucia,GDP|PPP [per capita],USD_2017/yr,2050,LCA,27161.482465490735,27053.1,108.38246549073665,0.40062863587070113
OECD ENV-Growth 2023,SSP4,Saint Lucia,GDP|PPP [per capita],USD_2017/yr,2055,LCA,31246.886817318707,31101.6,145.28681731870893,0.4671361515764749
OECD ENV-Growth 2023,SSP4,Saint Lucia,GDP|PPP [per capita],USD_2017/yr,2060,LCA,35872.662535186915,35679.9,192.76253518691374,0.5402552562841088
OECD ENV-Growth 2023,SSP4,Saint Lucia,GDP|PPP [per capita],USD_2017/yr,2065,LCA,41146.95087521175,40905.1,241.85087521174864,0.5912487078915555
OECD ENV-Growth 2023,SSP4,Saint Lucia,GDP|PPP [per capita],USD_2017/yr,2070,LCA,47040.63859875185,46759.2,281.43859875185444,0.6018892512101457
OECD ENV-Growth 2023,SSP4,Saint Lucia,GDP|PPP [per capita],USD_2017/yr,2075,LCA,53572.33540898374,53237.2,335.1354089837405,0.6295135900906518
OECD ENV-Growth 2023,SSP4,Saint Lucia,GDP|PPP [per capita],USD_2017/yr,2080,LCA,60677.352780067835,60274.3,403.0527800678319,0.6686975710507329
OECD ENV-Growth 2023,SSP4,Saint Lucia,GDP|PPP [per capita],USD_2017/yr,2085,LCA,68308.69548284438,67825.7,482.9954828443879,0.712112787401218
OECD ENV-Growth 2023,SSP4,Saint Lucia,GDP|PPP [per capita],USD_2017/yr,2090,LCA,76456.17657728046,75890.2,565.9765772804676,0.7457834836124659
OECD ENV-Growth 2023,SSP4,Saint Lucia,GDP|PPP [per capita],USD_2017/yr,2095,LCA,85141.67396848962,84496.5,645.1739684896165,0.7635511157143983
OECD ENV-Growth 2023,SSP4,Saint Lucia,GDP|PPP [per capita],USD_2017/yr,2100,LCA,94427.21873069069,93724.4,702.8187306906912,0.7498780794442975
OECD ENV-Growth 2023,SSP4,Saint Vincent and the Grenadines,GDP|PPP [per capita],USD_2017/yr,2025,VCT,17304.422852548705,17228.3,76.12285254870585,0.44184773047082915
OECD ENV-Growth 2023,SSP4,Saint Vincent and the Grenadines,GDP|PPP [per capita],USD_2017/yr,2030,VCT,19919.396312999444,19801.8,117.59631299944522,0.5938667848349404
OECD ENV-Growth 2023,SSP4,Saint Vincent and the Grenadines,GDP|PPP [per capita],USD_2017/yr,2035,VCT,22855.228686278824,22699,156.22868627882417,0.6882624180749116
OECD ENV-Growth 2023,SSP4,Saint Vincent and the Grenadines,GDP|PPP [per capita],USD_2017/yr,2040,VCT,26333.974099554835,26140,193.97409955483454,0.7420585292839883
OECD ENV-Growth 2023,SSP4,Saint Vincent and the Grenadines,GDP|PPP [per capita],USD_2017/yr,2045,VCT,30455.38126495937,30216.6,238.7812649593725,0.7902320742882141
OECD ENV-Growth 2023,SSP4,Saint Vincent and the Grenadines,GDP|PPP [per capita],USD_2017/yr,2050,VCT,35157.05108083788,34846.9,310.1510808378807,0.8900392311450394
OECD ENV-Growth 2023,SSP4,Saint Vincent and the Grenadines,GDP|PPP [per capita],USD_2017/yr,2055,VCT,40507.664572288064,40100.4,407.2645722880625,1.0156122439877469
OECD ENV-Growth 2023,SSP4,Saint Vincent and the Grenadines,GDP|PPP [per capita],USD_2017/yr,2060,VCT,46452.352244707254,45929.3,523.0522447072508,1.1388204146530663
OECD ENV-Growth 2023,SSP4,Saint Vincent and the Grenadines,GDP|PPP [per capita],USD_2017/yr,2065,VCT,52872.686026407595,52238.5,634.1860264075949,1.214020361242369
OECD ENV-Growth 2023,SSP4,Saint Vincent and the Grenadines,GDP|PPP [per capita],USD_2017/yr,2070,VCT,59719.11799045935,58968.8,750.317990459349,1.2723982690157318
OECD ENV-Growth 2023,SSP4,Saint Vincent and the Grenadines,GDP|PPP [per capita],USD_2017/yr,2075,VCT,66991.38413337809,66110.2,881.1841333780903,1.3329019324976938
OECD ENV-Growth 2023,SSP4,Saint Vincent and the Grenadines,GDP|PPP [per capita],USD_2017/yr,2080,VCT,74651.6874109157,73631.8,1019.8874109157041,1.3851181295523185
OECD ENV-Growth 2023,SSP4,Saint Vincent and the Grenadines,GDP|PPP [per capita],USD_2017/yr,2085,VCT,82791.3711053245,81605.2,1186.171105324509,1.4535484323603263
OECD ENV-Growth 2023,SSP4,Saint Vincent and the Grenadines,GDP|PPP [per capita],USD_2017/yr,2090,VCT,91415.09856129586,90061.5,1353.5985612958611,1.5029713710029935
OECD ENV-Growth 2023,SSP4,Saint Vincent and the Grenadines,GDP|PPP [per capita],USD_2017/yr,2095,VCT,100570.10374620532,99013.3,1556.803746205318,1.572317805997091
OECD ENV-Growth 2023,SSP4,Saint Vincent and the Grenadines,GDP|PPP [per capita],USD_2017/yr,2100,VCT,110263.67112178664,108484,1779.6711217866396,1.6404917976721354
OECD ENV-Growth 2023,SSP4,Samoa,GDP|PPP [per capita],USD_2017/yr,2025,WSM,5114.612927702977,5078.49,36.122927702976995,0.711292681544652
OECD ENV-Growth 2023,SSP4,Samoa,GDP|PPP [per capita],USD_2017/yr,2030,WSM,5461.78125998034,5408.18,53.60125998033982,0.9911145705272348
OECD ENV-Growth 2023,SSP4,Samoa,GDP|PPP [per capita],USD_2017/yr,2035,WSM,5977.787789160285,5906.41,71.37778916028492,1.208480094681624
OECD ENV-Growth 2023,SSP4,Samoa,GDP|PPP [per capita],USD_2017/yr,2040,WSM,6617.218070538571,6530.15,87.06807053857119,1.3333242044757194
OECD ENV-Growth 2023,SSP4,Samoa,GDP|PPP [per capita],USD_2017/yr,2045,WSM,7359.189705767413,7257.88,101.3097057674131,1.3958580986102431
OECD ENV-Growth 2023,SSP4,Samoa,GDP|PPP [per capita],USD_2017/yr,2050,WSM,8303.340229349627,8182.28,121.06022934962766,1.479541513485577
OECD ENV-Growth 2023,SSP4,Samoa,GDP|PPP [per capita],USD_2017/yr,2055,WSM,9528.099170800451,9378.68,149.41917080045096,1.5931791126304655
OECD ENV-Growth 2023,SSP4,Samoa,GDP|PPP [per capita],USD_2017/yr,2060,WSM,11042.782928571196,10857.3,185.48292857119668,1.7083706683171385
OECD ENV-Growth 2023,SSP4,Samoa,GDP|PPP [per capita],USD_2017/yr,2065,WSM,12892.29619504468,12665.1,227.19619504468028,1.7938760455478462
OECD ENV-Growth 2023,SSP4,Samoa,GDP|PPP [per capita],USD_2017/yr,2070,WSM,15113.17487702467,14840.9,272.2748770246708,1.8346251037650734
OECD ENV-Growth 2023,SSP4,Samoa,GDP|PPP [per capita],USD_2017/yr,2075,WSM,17745.849395647434,17422.7,323.14939564743327,1.8547607181862356
OECD ENV-Growth 2023,SSP4,Samoa,GDP|PPP [per capita],USD_2017/yr,2080,WSM,20809.071037593258,20426.4,382.6710375932562,1.8734140014552547
OECD ENV-Growth 2023,SSP4,Samoa,GDP|PPP [per capita],USD_2017/yr,2085,WSM,24329.779019528098,23875.6,454.17901952809916,1.9022726948353097
OECD ENV-Growth 2023,SSP4,Samoa,GDP|PPP [per capita],USD_2017/yr,2090,WSM,28351.960538561056,27812,539.9605385610557,1.9414660526429446
OECD ENV-Growth 2023,SSP4,Samoa,GDP|PPP [per capita],USD_2017/yr,2095,WSM,32925.56750768954,32285.5,640.0675076895423,1.9825231379087895
OECD ENV-Growth 2023,SSP4,Samoa,GDP|PPP [per capita],USD_2017/yr,2100,WSM,38146.970983916486,37391.8,755.1709839164832,2.019616557417624
OECD ENV-Growth 2023,SSP4,Sao Tome and Principe,GDP|PPP [per capita],USD_2017/yr,2025,STP,3494.4079972376853,3471.01,23.397997237685104,0.6740976614208862
OECD ENV-Growth 2023,SSP4,Sao Tome and Principe,GDP|PPP [per capita],USD_2017/yr,2030,STP,3811.719584796211,3784.17,27.549584796211093,0.7280218593829318
OECD ENV-Growth 2023,SSP4,Sao Tome and Principe,GDP|PPP [per capita],USD_2017/yr,2035,STP,4210.283245886042,4180.97,29.31324588604184,0.7011111269882787
OECD ENV-Growth 2023,SSP4,Sao Tome and Principe,GDP|PPP [per capita],USD_2017/yr,2040,STP,4673.345072552835,4640.85,32.495072552834245,0.7001965707323926
OECD ENV-Growth 2023,SSP4,Sao Tome and Principe,GDP|PPP [per capita],USD_2017/yr,2045,STP,5225.594313948889,5185.22,40.37431394888881,0.7786422552734273
OECD ENV-Growth 2023,SSP4,Sao Tome and Principe,GDP|PPP [per capita],USD_2017/yr,2050,STP,5899.833691550314,5848.43,51.40369155031385,0.8789314662279252
OECD ENV-Growth 2023,SSP4,Sao Tome and Principe,GDP|PPP [per capita],USD_2017/yr,2055,STP,6722.700036259956,6660.18,62.520036259955305,0.9387139125362274
OECD ENV-Growth 2023,SSP4,Sao Tome and Principe,GDP|PPP [per capita],USD_2017/yr,2060,STP,7688.740424413313,7613.36,75.38042441331345,0.990107185438669
OECD ENV-Growth 2023,SSP4,Sao Tome and Principe,GDP|PPP [per capita],USD_2017/yr,2065,STP,8819.503950969525,8728.41,91.0939509695254,1.0436488543678104
OECD ENV-Growth 2023,SSP4,Sao Tome and Principe,GDP|PPP [per capita],USD_2017/yr,2070,STP,10125.109233239846,10016.6,108.50923323984534,1.0832940642517954
OECD ENV-Growth 2023,SSP4,Sao Tome and Principe,GDP|PPP [per capita],USD_2017/yr,2075,STP,11638.138124828252,11510.2,127.9381248282516,1.111519563763024
OECD ENV-Growth 2023,SSP4,Sao Tome and Principe,GDP|PPP [per capita],USD_2017/yr,2080,STP,13342.181633426337,13190.7,151.48163342633597,1.1483972300661525
OECD ENV-Growth 2023,SSP4,Sao Tome and Principe,GDP|PPP [per capita],USD_2017/yr,2085,STP,15224.70026694157,15045.2,179.50026694156986,1.1930733186768527
OECD ENV-Growth 2023,SSP4,Sao Tome and Principe,GDP|PPP [per capita],USD_2017/yr,2090,STP,17314.162058776652,17102.7,211.46205877665125,1.236425001763764
OECD ENV-Growth 2023,SSP4,Sao Tome and Principe,GDP|PPP [per capita],USD_2017/yr,2095,STP,19652.450991157544,19404.1,248.35099115754565,1.2798892561754767
OECD ENV-Growth 2023,SSP4,Sao Tome and Principe,GDP|PPP [per capita],USD_2017/yr,2100,STP,22280.67297778611,21992.2,288.4729777861103,1.3117058674716957
OECD ENV-Growth 2023,SSP4,Saudi Arabia,GDP|PPP [per capita],USD_2017/yr,2025,SAU,49511.998794498446,49298.3,213.69879449844302,0.4334810622241396
OECD ENV-Growth 2023,SSP4,Saudi Arabia,GDP|PPP [per capita],USD_2017/yr,2030,SAU,57244.64696012755,56940.5,304.14696012755303,0.5341487344290146
OECD ENV-Growth 2023,SSP4,Saudi Arabia,GDP|PPP [per capita],USD_2017/yr,2035,SAU,64081.765033513395,63693.4,388.3650335133934,0.609741407293995
OECD ENV-Growth 2023,SSP4,Saudi Arabia,GDP|PPP [per capita],USD_2017/yr,2040,SAU,69823.77477105417,69376.5,447.27477105417347,0.6447064511097755
OECD ENV-Growth 2023,SSP4,Saudi Arabia,GDP|PPP [per capita],USD_2017/yr,2045,SAU,74464.33285388359,73982,482.3328538835922,0.6519597386980511
OECD ENV-Growth 2023,SSP4,Saudi Arabia,GDP|PPP [per capita],USD_2017/yr,2050,SAU,78074.31294135623,77524.6,549.7129413562216,0.7090819447713648
OECD ENV-Growth 2023,SSP4,Saudi Arabia,GDP|PPP [per capita],USD_2017/yr,2055,SAU,81116.10596529707,80466.9,649.2059652970784,0.8067987772575785
OECD ENV-Growth 2023,SSP4,Saudi Arabia,GDP|PPP [per capita],USD_2017/yr,2060,SAU,83592.93258359763,82843.1,749.8325835976284,0.9051237623865215
OECD ENV-Growth 2023,SSP4,Saudi Arabia,GDP|PPP [per capita],USD_2017/yr,2065,SAU,85905.10602982264,85071.5,833.6060298226366,0.9798887169294495
OECD ENV-Growth 2023,SSP4,Saudi Arabia,GDP|PPP [per capita],USD_2017/yr,2070,SAU,88111.57910645196,87221.3,890.2791064519552,1.0207129525149878
OECD ENV-Growth 2023,SSP4,Saudi Arabia,GDP|PPP [per capita],USD_2017/yr,2075,SAU,90303.56567503852,89367.8,935.7656750385213,1.0470948988769122
OECD ENV-Growth 2023,SSP4,Saudi Arabia,GDP|PPP [per capita],USD_2017/yr,2080,SAU,92612.5850537374,91624.3,988.2850537374034,1.078627671630128
OECD ENV-Growth 2023,SSP4,Saudi Arabia,GDP|PPP [per capita],USD_2017/yr,2085,SAU,95032.3715600727,93976.4,1055.9715600727068,1.1236561094835584
OECD ENV-Growth 2023,SSP4,Saudi Arabia,GDP|PPP [per capita],USD_2017/yr,2090,SAU,97527.06275368849,96393.8,1133.262753688483,1.1756593823342196
OECD ENV-Growth 2023,SSP4,Saudi Arabia,GDP|PPP [per capita],USD_2017/yr,2095,SAU,100110.61930145734,98902.2,1208.4193014573393,1.2218325795152578
OECD ENV-Growth 2023,SSP4,Saudi Arabia,GDP|PPP [per capita],USD_2017/yr,2100,SAU,102744.5542260346,101472,1272.5542260345974,1.254093962900699
OECD ENV-Growth 2023,SSP4,Senegal,GDP|PPP [per capita],USD_2017/yr,2025,SEN,4187.199747160661,4157.05,30.14974716066081,0.7252678500537836
OECD ENV-Growth 2023,SSP4,Senegal,GDP|PPP [per capita],USD_2017/yr,2030,SEN,4846.420495632511,4809.98,36.440495632511556,0.7576018119100612
OECD ENV-Growth 2023,SSP4,Senegal,GDP|PPP [per capita],USD_2017/yr,2035,SEN,5722.728202295818,5680.69,42.03820229581834,0.7400192986383405
OECD ENV-Growth 2023,SSP4,Senegal,GDP|PPP [per capita],USD_2017/yr,2040,SEN,6489.349951482229,6441.8,47.54995148222861,0.738146969515176
OECD ENV-Growth 2023,SSP4,Senegal,GDP|PPP [per capita],USD_2017/yr,2045,SEN,7246.507027562673,7189.3,57.20702756267292,0.7957245846281685
OECD ENV-Growth 2023,SSP4,Senegal,GDP|PPP [per capita],USD_2017/yr,2050,SEN,8097.449408140411,8025.05,72.39940814041074,0.9021676891783945
OECD ENV-Growth 2023,SSP4,Senegal,GDP|PPP [per capita],USD_2017/yr,2055,SEN,9098.268429302068,9008.09,90.17842930206825,1.0010826856977257
OECD ENV-Growth 2023,SSP4,Senegal,GDP|PPP [per capita],USD_2017/yr,2060,SEN,10251.196161377957,10143,108.19616137795674,1.0667076937588162
OECD ENV-Growth 2023,SSP4,Senegal,GDP|PPP [per capita],USD_2017/yr,2065,SEN,11578.930895490514,11452.4,126.53089549051401,1.104841740513028
OECD ENV-Growth 2023,SSP4,Senegal,GDP|PPP [per capita],USD_2017/yr,2070,SEN,13064.18267686562,12918.5,145.68267686561921,1.1277058239394606
OECD ENV-Growth 2023,SSP4,Senegal,GDP|PPP [per capita],USD_2017/yr,2075,SEN,14769.015869890784,14601.1,167.91586989078314,1.150022052384979
OECD ENV-Growth 2023,SSP4,Senegal,GDP|PPP [per capita],USD_2017/yr,2080,SEN,16741.743847955968,16546.1,195.64384795596925,1.182416690071795
OECD ENV-Growth 2023,SSP4,Senegal,GDP|PPP [per capita],USD_2017/yr,2085,SEN,19011.53353743836,18782.6,228.9335374383627,1.2188596756485401
OECD ENV-Growth 2023,SSP4,Senegal,GDP|PPP [per capita],USD_2017/yr,2090,SEN,21564.985752905533,21298.6,266.3857529055349,1.2507195445030892
OECD ENV-Growth 2023,SSP4,Senegal,GDP|PPP [per capita],USD_2017/yr,2095,SEN,24389.75925350744,24083.3,306.45925350744074,1.272496931514538
OECD ENV-Growth 2023,SSP4,Senegal,GDP|PPP [per capita],USD_2017/yr,2100,SEN,27507.178050596856,27159.8,347.37805059685707,1.2790154956842725
OECD ENV-Growth 2023,SSP4,Seychelles,GDP|PPP [per capita],USD_2017/yr,2025,SYC,33744.55559936547,33642.8,101.75559936546779,0.3024587708676679
OECD ENV-Growth 2023,SSP4,Seychelles,GDP|PPP [per capita],USD_2017/yr,2030,SYC,38989.07851637339,38835.4,153.67851637338754,0.3957176091230875
OECD ENV-Growth 2023,SSP4,Seychelles,GDP|PPP [per capita],USD_2017/yr,2035,SYC,44366.117839858656,44170.3,195.81783985865331,0.44332467712162543
OECD ENV-Growth 2023,SSP4,Seychelles,GDP|PPP [per capita],USD_2017/yr,2040,SYC,49660.70495758812,49425.5,235.2049575881174,0.47587775052982245
OECD ENV-Growth 2023,SSP4,Seychelles,GDP|PPP [per capita],USD_2017/yr,2045,SYC,55109.651970651255,54809.5,300.1519706512554,0.5476276387328025
OECD ENV-Growth 2023,SSP4,Seychelles,GDP|PPP [per capita],USD_2017/yr,2050,SYC,60667.11375103787,60278.3,388.8137510378656,0.6450310493790727
OECD ENV-Growth 2023,SSP4,Seychelles,GDP|PPP [per capita],USD_2017/yr,2055,SYC,66323.94854110571,65834.6,489.3485411057045,0.7432999381870695
OECD ENV-Growth 2023,SSP4,Seychelles,GDP|PPP [per capita],USD_2017/yr,2060,SYC,71930.31949204572,71346.7,583.6194920457201,0.8180048860644152
OECD ENV-Growth 2023,SSP4,Seychelles,GDP|PPP [per capita],USD_2017/yr,2065,SYC,77733.5022457676,77070.8,662.7022457675921,0.8598616412021053
OECD ENV-Growth 2023,SSP4,Seychelles,GDP|PPP [per capita],USD_2017/yr,2070,SYC,83718.12294540567,82971.1,747.022945405668,0.9003411373426023
OECD ENV-Growth 2023,SSP4,Seychelles,GDP|PPP [per capita],USD_2017/yr,2075,SYC,89926.53907400175,89089.9,836.6390740017523,0.9390953115917207
OECD ENV-Growth 2023,SSP4,Seychelles,GDP|PPP [per capita],USD_2017/yr,2080,SYC,96425.62367550282,95467.3,958.3236755028192,1.0038240062333585
OECD ENV-Growth 2023,SSP4,Seychelles,GDP|PPP [per capita],USD_2017/yr,2085,SYC,103259.67705119612,102177,1082.6770511961222,1.0596093555263144
OECD ENV-Growth 2023,SSP4,Seychelles,GDP|PPP [per capita],USD_2017/yr,2090,SYC,110491.3533203396,109264,1227.3533203395928,1.1232915876588745
OECD ENV-Growth 2023,SSP4,Seychelles,GDP|PPP [per capita],USD_2017/yr,2095,SYC,118186.6295466574,116807,1379.6295466573938,1.1811188941222648
OECD ENV-Growth 2023,SSP4,Seychelles,GDP|PPP [per capita],USD_2017/yr,2100,SYC,126360.8165620717,124831,1529.8165620717045,1.2255101393657863
OECD ENV-Growth 2023,SSP4,Sierra Leone,GDP|PPP [per capita],USD_2017/yr,2025,SLE,1764.540894346285,1752.99,11.550894346285077,0.6589252845871953
OECD ENV-Growth 2023,SSP4,Sierra Leone,GDP|PPP [per capita],USD_2017/yr,2030,SLE,1994.4256075815697,1980.83,13.595607581569766,0.686359131352502
OECD ENV-Growth 2023,SSP4,Sierra Leone,GDP|PPP [per capita],USD_2017/yr,2035,SLE,2314.59254241166,2300.02,14.572542411659924,0.6335832910870307
OECD ENV-Growth 2023,SSP4,Sierra Leone,GDP|PPP [per capita],USD_2017/yr,2040,SLE,2697.033856221367,2679.18,17.853856221367096,0.6663925612077986
OECD ENV-Growth 2023,SSP4,Sierra Leone,GDP|PPP [per capita],USD_2017/yr,2045,SLE,3098.7204283178567,3075.15,23.570428317856567,0.7664806047788422
OECD ENV-Growth 2023,SSP4,Sierra Leone,GDP|PPP [per capita],USD_2017/yr,2050,SLE,3512.686229190089,3481.71,30.976229190088816,0.8896843559655692
OECD ENV-Growth 2023,SSP4,Sierra Leone,GDP|PPP [per capita],USD_2017/yr,2055,SLE,3935.1059305168737,3896.93,38.175930516873905,0.9796411666843876
OECD ENV-Growth 2023,SSP4,Sierra Leone,GDP|PPP [per capita],USD_2017/yr,2060,SLE,4352.51629588627,4308.26,44.25629588626998,1.0272429214176948
OECD ENV-Growth 2023,SSP4,Sierra Leone,GDP|PPP [per capita],USD_2017/yr,2065,SLE,4766.752121656256,4716.95,49.80212165625653,1.0558119474714918
OECD ENV-Growth 2023,SSP4,Sierra Leone,GDP|PPP [per capita],USD_2017/yr,2070,SLE,5177.947216921089,5122.07,55.87721692108971,1.0909108411460544
OECD ENV-Growth 2023,SSP4,Sierra Leone,GDP|PPP [per capita],USD_2017/yr,2075,SLE,5589.181725651846,5526.2,62.98172565184632,1.1396932006052318
OECD ENV-Growth 2023,SSP4,Sierra Leone,GDP|PPP [per capita],USD_2017/yr,2080,SLE,5977.817105490993,5907.54,70.27710549099265,1.1896170908871146
OECD ENV-Growth 2023,SSP4,Sierra Leone,GDP|PPP [per capita],USD_2017/yr,2085,SLE,6332.980469570981,6256.17,76.81046957098079,1.2277554729328133
OECD ENV-Growth 2023,SSP4,Sierra Leone,GDP|PPP [per capita],USD_2017/yr,2090,SLE,6658.438800543423,6576.25,82.18880054342299,1.2497821789534003
OECD ENV-Growth 2023,SSP4,Sierra Leone,GDP|PPP [per capita],USD_2017/yr,2095,SLE,6966.467596598224,6879.97,86.49759659822394,1.257237990837517
OECD ENV-Growth 2023,SSP4,Sierra Leone,GDP|PPP [per capita],USD_2017/yr,2100,SLE,7269.593593402738,7179.4,90.19359340273877,1.256283162976555
OECD ENV-Growth 2023,SSP4,Solomon Islands,GDP|PPP [per capita],USD_2017/yr,2025,SLB,2001.2236476415517,1987.64,13.583647641551579,0.6834058301076441
OECD ENV-Growth 2023,SSP4,Solomon Islands,GDP|PPP [per capita],USD_2017/yr,2030,SLB,2086.597194360975,2070.67,15.927194360975136,0.7691807173994473
OECD ENV-Growth 2023,SSP4,Solomon Islands,GDP|PPP [per capita],USD_2017/yr,2035,SLB,2351.772859193768,2332.12,19.65285919376811,0.8427035998905763
OECD ENV-Growth 2023,SSP4,Solomon Islands,GDP|PPP [per capita],USD_2017/yr,2040,SLB,2740.885477041436,2715.92,24.96547704143586,0.9192272615333242
OECD ENV-Growth 2023,SSP4,Solomon Islands,GDP|PPP [per capita],USD_2017/yr,2045,SLB,3232.5783722930028,3198.93,33.64837229300292,1.05186335096432
OECD ENV-Growth 2023,SSP4,Solomon Islands,GDP|PPP [per capita],USD_2017/yr,2050,SLB,3874.5353360209674,3829.35,45.1853360209675,1.1799740431396322
OECD ENV-Growth 2023,SSP4,Solomon Islands,GDP|PPP [per capita],USD_2017/yr,2055,SLB,4712.523394721271,4653.73,58.7933947212714,1.263360674582999
OECD ENV-Growth 2023,SSP4,Solomon Islands,GDP|PPP [per capita],USD_2017/yr,2060,SLB,5781.251543731315,5704.44,76.8115437313154,1.3465220728295046
OECD ENV-Growth 2023,SSP4,Solomon Islands,GDP|PPP [per capita],USD_2017/yr,2065,SLB,7132.971322325244,7032.93,100.04132232524353,1.4224700420058713
OECD ENV-Growth 2023,SSP4,Solomon Islands,GDP|PPP [per capita],USD_2017/yr,2070,SLB,8839.674097662693,8711.07,128.60409766269368,1.4763295170707351
OECD ENV-Growth 2023,SSP4,Solomon Islands,GDP|PPP [per capita],USD_2017/yr,2075,SLB,10962.970560856926,10798.3,164.6705608569264,1.524967456515622
OECD ENV-Growth 2023,SSP4,Solomon Islands,GDP|PPP [per capita],USD_2017/yr,2080,SLB,13583.28665301597,13372.8,210.48665301597066,1.57399088460136
OECD ENV-Growth 2023,SSP4,Solomon Islands,GDP|PPP [per capita],USD_2017/yr,2085,SLB,16735.504839447694,16468.1,267.40483944769585,1.6237746883228537
OECD ENV-Growth 2023,SSP4,Solomon Islands,GDP|PPP [per capita],USD_2017/yr,2090,SLB,20485.82042823469,20150.2,335.620428234688,1.6655935337350893
OECD ENV-Growth 2023,SSP4,Solomon Islands,GDP|PPP [per capita],USD_2017/yr,2095,SLB,24904.608499301237,24489.4,415.20849930123586,1.6954621154509126
OECD ENV-Growth 2023,SSP4,Solomon Islands,GDP|PPP [per capita],USD_2017/yr,2100,SLB,30121.670005638814,29614.7,506.97000563881375,1.7118863457634679
OECD ENV-Growth 2023,SSP4,Somalia,GDP|PPP [per capita],USD_2017/yr,2025,SOM,1484.3975091535033,1471.66,12.737509153503197,0.8655198315849582
OECD ENV-Growth 2023,SSP4,Somalia,GDP|PPP [per capita],USD_2017/yr,2030,SOM,1564.1302871988612,1552.02,12.110287198861215,0.7802919549272055
OECD ENV-Growth 2023,SSP4,Somalia,GDP|PPP [per capita],USD_2017/yr,2035,SOM,1754.6883163594148,1742.79,11.898316359414821,0.6827165842938518
OECD ENV-Growth 2023,SSP4,Somalia,GDP|PPP [per capita],USD_2017/yr,2040,SOM,2044.487669434777,2031.52,12.967669434777008,0.6383234934815807
OECD ENV-Growth 2023,SSP4,Somalia,GDP|PPP [per capita],USD_2017/yr,2045,SOM,2425.6728757594165,2408.79,16.882875759416493,0.7008861610774079
OECD ENV-Growth 2023,SSP4,Somalia,GDP|PPP [per capita],USD_2017/yr,2050,SOM,2889.8564862965845,2865.44,24.41648629658448,0.8521025146778324
OECD ENV-Growth 2023,SSP4,Somalia,GDP|PPP [per capita],USD_2017/yr,2055,SOM,3427.625416206953,3395.22,32.405416206953305,0.9544423102760148
OECD ENV-Growth 2023,SSP4,Somalia,GDP|PPP [per capita],USD_2017/yr,2060,SOM,4035.408179403332,3997.31,38.09817940333187,0.9530954417678856
OECD ENV-Growth 2023,SSP4,Somalia,GDP|PPP [per capita],USD_2017/yr,2065,SOM,4732.42117881813,4689.16,43.26117881813025,0.9225784323446043
OECD ENV-Growth 2023,SSP4,Somalia,GDP|PPP [per capita],USD_2017/yr,2070,SOM,5535.878862196448,5485.36,50.518862196448026,0.9209762385048207
OECD ENV-Growth 2023,SSP4,Somalia,GDP|PPP [per capita],USD_2017/yr,2075,SOM,6468.219601828621,6406.88,61.3396018286212,0.9574020713455098
OECD ENV-Growth 2023,SSP4,Somalia,GDP|PPP [per capita],USD_2017/yr,2080,SOM,7532.319019090439,7457.61,74.70901909043914,1.0017823282585057
OECD ENV-Growth 2023,SSP4,Somalia,GDP|PPP [per capita],USD_2017/yr,2085,SOM,8745.660929938509,8657,88.66092993850907,1.0241530546206432
OECD ENV-Growth 2023,SSP4,Somalia,GDP|PPP [per capita],USD_2017/yr,2090,SOM,10139.022216567077,10036.4,102.62221656707698,1.0225002647072354
OECD ENV-Growth 2023,SSP4,Somalia,GDP|PPP [per capita],USD_2017/yr,2095,SOM,11781.981601129271,11663.8,118.18160112927217,1.0132341186343403
OECD ENV-Growth 2023,SSP4,Somalia,GDP|PPP [per capita],USD_2017/yr,2100,SOM,13702.514303128932,13565.1,137.41430312893135,1.012998821453077
OECD ENV-Growth 2023,SSP4,South Africa,GDP|PPP [per capita],USD_2017/yr,2045,ZAF,20319.091983660983,20283.8,35.29198366098353,0.1739909862105894
OECD ENV-Growth 2023,SSP4,South Africa,GDP|PPP [per capita],USD_2017/yr,2050,ZAF,23685.964246337044,23618.9,67.06424633704228,0.2839431401845229
OECD ENV-Growth 2023,SSP4,South Africa,GDP|PPP [per capita],USD_2017/yr,2055,ZAF,27577.784996032296,27471,106.78499603229648,0.38871899833386653
OECD ENV-Growth 2023,SSP4,South Africa,GDP|PPP [per capita],USD_2017/yr,2060,ZAF,31952.405072251426,31801.4,151.00507225142428,0.4748378129623987
OECD ENV-Growth 2023,SSP4,South Africa,GDP|PPP [per capita],USD_2017/yr,2065,ZAF,36791.26894549571,36591.1,200.1689454957086,0.5470427111940024
OECD ENV-Growth 2023,SSP4,South Africa,GDP|PPP [per capita],USD_2017/yr,2070,ZAF,42116.16390065797,41858.6,257.56390065797314,0.6153189563386572
OECD ENV-Growth 2023,SSP4,South Africa,GDP|PPP [per capita],USD_2017/yr,2075,ZAF,47941.99519115037,47615.4,326.5951911503653,0.6859024415427892
OECD ENV-Growth 2023,SSP4,South Africa,GDP|PPP [per capita],USD_2017/yr,2080,ZAF,54319.581266248955,53913.4,406.18126624895376,0.7533957536511401
OECD ENV-Growth 2023,SSP4,South Africa,GDP|PPP [per capita],USD_2017/yr,2085,ZAF,61218.53797465664,60726.9,491.6379746566381,0.8095884602320194
OECD ENV-Growth 2023,SSP4,South Africa,GDP|PPP [per capita],USD_2017/yr,2090,ZAF,68648.52562835703,68069.9,578.6256283570401,0.8500462441652481
OECD ENV-Growth 2023,SSP4,South Africa,GDP|PPP [per capita],USD_2017/yr,2095,ZAF,76591.53671907159,75926,665.5367190715915,0.8765597016458019
OECD ENV-Growth 2023,SSP4,South Africa,GDP|PPP [per capita],USD_2017/yr,2100,ZAF,85070.25010773563,84316.7,753.5501077356312,0.8937139472199828
OECD ENV-Growth 2023,SSP4,South Sudan,GDP|PPP [per capita],USD_2017/yr,2025,SSD,578.3871208171431,574.991,3.396120817143128,0.590638952112838
OECD ENV-Growth 2023,SSP4,South Sudan,GDP|PPP [per capita],USD_2017/yr,2030,SSD,696.245832783157,691.727,4.518832783156995,0.6532682377812339
OECD ENV-Growth 2023,SSP4,South Sudan,GDP|PPP [per capita],USD_2017/yr,2035,SSD,778.5380837712011,772.992,5.546083771201097,0.7174826869102263
OECD ENV-Growth 2023,SSP4,South Sudan,GDP|PPP [per capita],USD_2017/yr,2040,SSD,824.0539475086562,817.974,6.079947508656119,0.7432934920493951
OECD ENV-Growth 2023,SSP4,South Sudan,GDP|PPP [per capita],USD_2017/yr,2045,SSD,866.0259575704172,859.539,6.486957570417189,0.7547019472551204
OECD ENV-Growth 2023,SSP4,South Sudan,GDP|PPP [per capita],USD_2017/yr,2050,SSD,927.9712616687676,920.331,7.640261668767607,0.8301645461000018
OECD ENV-Growth 2023,SSP4,South Sudan,GDP|PPP [per capita],USD_2017/yr,2055,SSD,1004.8959585621202,995.668,9.227958562120193,0.9268108006002194
OECD ENV-Growth 2023,SSP4,South Sudan,GDP|PPP [per capita],USD_2017/yr,2060,SSD,1075.9867906021625,1065.68,10.306790602162437,0.9671562384733162
OECD ENV-Growth 2023,SSP4,South Sudan,GDP|PPP [per capita],USD_2017/yr,2065,SSD,1138.9380708874874,1128.02,10.918070887487374,0.9678969244771702
OECD ENV-Growth 2023,SSP4,South Sudan,GDP|PPP [per capita],USD_2017/yr,2070,SSD,1202.4850827161797,1191.12,11.365082716179813,0.9541509433289521
OECD ENV-Growth 2023,SSP4,South Sudan,GDP|PPP [per capita],USD_2017/yr,2075,SSD,1277.9718341174205,1265.99,11.981834117420476,0.9464398705693153
OECD ENV-Growth 2023,SSP4,South Sudan,GDP|PPP [per capita],USD_2017/yr,2080,SSD,1362.078582838211,1349.27,12.808582838211123,0.9492972376330255
OECD ENV-Growth 2023,SSP4,South Sudan,GDP|PPP [per capita],USD_2017/yr,2085,SSD,1445.0468334514765,1431.42,13.626833451476386,0.9519800932973123
OECD ENV-Growth 2023,SSP4,South Sudan,GDP|PPP [per capita],USD_2017/yr,2090,SSD,1518.5842164801095,1504.32,14.264216480109553,0.9482169006667167
OECD ENV-Growth 2023,SSP4,South Sudan,GDP|PPP [per capita],USD_2017/yr,2095,SSD,1583.1670086601443,1568.36,14.807008660144447,0.9441077724594129
OECD ENV-Growth 2023,SSP4,South Sudan,GDP|PPP [per capita],USD_2017/yr,2100,SSD,1647.8085966039632,1632.26,15.548596603963233,0.9525808758386063
OECD ENV-Growth 2023,SSP4,Sri Lanka,GDP|PPP [per capita],USD_2017/yr,2025,LKA,12304.42641678076,12276.4,28.026416780759973,0.22829507657586892
OECD ENV-Growth 2023,SSP4,Sri Lanka,GDP|PPP [per capita],USD_2017/yr,2030,LKA,14093.285406491616,14047.7,45.585406491614776,0.324504413474197
OECD ENV-Growth 2023,SSP4,Sri Lanka,GDP|PPP [per capita],USD_2017/yr,2035,LKA,15834.862737357224,15771.9,62.96273735722389,0.399208322124943
OECD ENV-Growth 2023,SSP4,Sri Lanka,GDP|PPP [per capita],USD_2017/yr,2040,LKA,17351.501867160707,17272.3,79.20186716070748,0.45854846870832194
OECD ENV-Growth 2023,SSP4,Sri Lanka,GDP|PPP [per capita],USD_2017/yr,2045,LKA,18721.686171573452,18624.8,96.88617157345288,0.5201997958284271
OECD ENV-Growth 2023,SSP4,Sri Lanka,GDP|PPP [per capita],USD_2017/yr,2050,LKA,20184.27474958416,20059.4,124.87474958415987,0.6225248491189161
OECD ENV-Growth 2023,SSP4,Sri Lanka,GDP|PPP [per capita],USD_2017/yr,2055,LKA,21842.89896916091,21680.6,162.29896916091093,0.7485907639129495
OECD ENV-Growth 2023,SSP4,Sri Lanka,GDP|PPP [per capita],USD_2017/yr,2060,LKA,23625.452127858614,23428.6,196.85212785861586,0.8402214722971747
OECD ENV-Growth 2023,SSP4,Sri Lanka,GDP|PPP [per capita],USD_2017/yr,2065,LKA,25512.790624525875,25288.1,224.69062452587605,0.8885231572394766
OECD ENV-Growth 2023,SSP4,Sri Lanka,GDP|PPP [per capita],USD_2017/yr,2070,LKA,27516.3471862901,27263.7,252.64718629009803,0.9266797473934133
OECD ENV-Growth 2023,SSP4,Sri Lanka,GDP|PPP [per capita],USD_2017/yr,2075,LKA,29721.738754506623,29434.3,287.4387545066238,0.9765435376639628
OECD ENV-Growth 2023,SSP4,Sri Lanka,GDP|PPP [per capita],USD_2017/yr,2080,LKA,32153.575134031835,31821.4,332.1751340318333,1.0438734123320572
OECD ENV-Growth 2023,SSP4,Sri Lanka,GDP|PPP [per capita],USD_2017/yr,2085,LKA,34804.84662478338,34420.7,384.1466247833814,1.1160337377897063
OECD ENV-Growth 2023,SSP4,Sri Lanka,GDP|PPP [per capita],USD_2017/yr,2090,LKA,37643.15344350523,37205.6,437.5534435052323,1.176041895588923
OECD ENV-Growth 2023,SSP4,Sri Lanka,GDP|PPP [per capita],USD_2017/yr,2095,LKA,40661.99508656338,40171.3,490.6950865633771,1.2215066143325635
OECD ENV-Growth 2023,SSP4,Sri Lanka,GDP|PPP [per capita],USD_2017/yr,2100,LKA,43907.329083354714,43359.9,547.4290833547129,1.262523860421064
OECD ENV-Growth 2023,SSP4,Suriname,GDP|PPP [per capita],USD_2017/yr,2025,SUR,15639.326868117814,15553.1,86.22686811781386,0.5544030972462973
OECD ENV-Growth 2023,SSP4,Suriname,GDP|PPP [per capita],USD_2017/yr,2030,SUR,17232.82388422858,17092.3,140.52388422857985,0.8221473074342239
OECD ENV-Growth 2023,SSP4,Suriname,GDP|PPP [per capita],USD_2017/yr,2035,SUR,19119.632999787547,18940.8,178.83299978754803,0.9441681438352553
OECD ENV-Growth 2023,SSP4,Suriname,GDP|PPP [per capita],USD_2017/yr,2040,SUR,21573.228900482467,21357.1,216.12890048246845,1.011976815590452
OECD ENV-Growth 2023,SSP4,Suriname,GDP|PPP [per capita],USD_2017/yr,2045,SUR,24623.655913978495,24354.5,269.15591397849494,1.1051588576176679
OECD ENV-Growth 2023,SSP4,Suriname,GDP|PPP [per capita],USD_2017/yr,2050,SUR,28101.150675324578,27758.3,342.85067532457833,1.2351285032749784
OECD ENV-Growth 2023,SSP4,Suriname,GDP|PPP [per capita],USD_2017/yr,2055,SUR,31909.10964321805,31471.6,437.50964321805077,1.3901728644811537
OECD ENV-Growth 2023,SSP4,Suriname,GDP|PPP [per capita],USD_2017/yr,2060,SUR,35998.04891879585,35457,541.0489187958519,1.525929770696483
OECD ENV-Growth 2023,SSP4,Suriname,GDP|PPP [per capita],USD_2017/yr,2065,SUR,40306.88583289303,39665.5,641.3858328930291,1.6169866329506226
OECD ENV-Growth 2023,SSP4,Suriname,GDP|PPP [per capita],USD_2017/yr,2070,SUR,44780.56616423842,44039,741.5661642384221,1.6838851114657962
OECD ENV-Growth 2023,SSP4,Suriname,GDP|PPP [per capita],USD_2017/yr,2075,SUR,49477.42909884209,48626.1,851.3290988420922,1.7507657386508322
OECD ENV-Growth 2023,SSP4,Suriname,GDP|PPP [per capita],USD_2017/yr,2080,SUR,54395.86987747464,53416.4,979.4698774746357,1.8336501102182772
OECD ENV-Growth 2023,SSP4,Suriname,GDP|PPP [per capita],USD_2017/yr,2085,SUR,59518.73253923773,58389.1,1129.632539237733,1.934663386210325
OECD ENV-Growth 2023,SSP4,Suriname,GDP|PPP [per capita],USD_2017/yr,2090,SUR,64918.45027077923,63622.2,1296.25027077923,2.0374181822999367
OECD ENV-Growth 2023,SSP4,Suriname,GDP|PPP [per capita],USD_2017/yr,2095,SUR,70581.27077240011,69107.4,1473.8707724001142,2.1327249649098565
OECD ENV-Growth 2023,SSP4,Suriname,GDP|PPP [per capita],USD_2017/yr,2100,SUR,76589.630821906,74933.5,1656.130821906001,2.2101340814268666
OECD ENV-Growth 2023,SSP4,Taiwan,GDP|PPP [per capita],USD_2017/yr,2100,TWN,77175.20015687252,77080.3,94.90015687252162,0.12311856190559925
OECD ENV-Growth 2023,SSP4,Tajikistan,GDP|PPP [per capita],USD_2017/yr,2025,TJK,4611.021775277462,4586.94,24.08177527746284,0.5250074183979482
OECD ENV-Growth 2023,SSP4,Tajikistan,GDP|PPP [per capita],USD_2017/yr,2030,TJK,5249.8735802935735,5223.9,25.973580293573832,0.4972066902807067
OECD ENV-Growth 2023,SSP4,Tajikistan,GDP|PPP [per capita],USD_2017/yr,2035,TJK,5943.392198014906,5915.82,27.572198014906462,0.46607567530632205
OECD ENV-Growth 2023,SSP4,Tajikistan,GDP|PPP [per capita],USD_2017/yr,2040,TJK,6623.936104580542,6595.28,28.656104580541978,0.4344941318722174
OECD ENV-Growth 2023,SSP4,Tajikistan,GDP|PPP [per capita],USD_2017/yr,2045,TJK,7296.602125966358,7257.65,38.952125966357926,0.5367043873203851
OECD ENV-Growth 2023,SSP4,Tajikistan,GDP|PPP [per capita],USD_2017/yr,2050,TJK,8066.265322798238,8012.59,53.675322798238085,0.6698872998398531
OECD ENV-Growth 2023,SSP4,Tajikistan,GDP|PPP [per capita],USD_2017/yr,2055,TJK,8970.779519762522,8908.41,62.36951976252203,0.700119547287586
OECD ENV-Growth 2023,SSP4,Tajikistan,GDP|PPP [per capita],USD_2017/yr,2060,TJK,10009.34733512734,9941.01,68.33733512734034,0.6874284919474011
OECD ENV-Growth 2023,SSP4,Tajikistan,GDP|PPP [per capita],USD_2017/yr,2065,TJK,11179.81455489381,11102.3,77.51455489381078,0.698184654475296
OECD ENV-Growth 2023,SSP4,Tajikistan,GDP|PPP [per capita],USD_2017/yr,2070,TJK,12478.604113848072,12385.8,92.80411384807303,0.7492783174932022
OECD ENV-Growth 2023,SSP4,Tajikistan,GDP|PPP [per capita],USD_2017/yr,2075,TJK,13905.017178128574,13794.7,110.31717812857278,0.7997069753497559
OECD ENV-Growth 2023,SSP4,Tajikistan,GDP|PPP [per capita],USD_2017/yr,2080,TJK,15468.802562981396,15342.5,126.30256298139648,0.8232202247443147
OECD ENV-Growth 2023,SSP4,Tajikistan,GDP|PPP [per capita],USD_2017/yr,2085,TJK,17178.035406801806,17036,142.03540680180595,0.8337368326004105
OECD ENV-Growth 2023,SSP4,Tajikistan,GDP|PPP [per capita],USD_2017/yr,2090,TJK,19075.923977870953,18914.2,161.72397787095179,0.8550400115836344
OECD ENV-Growth 2023,SSP4,Tajikistan,GDP|PPP [per capita],USD_2017/yr,2095,TJK,21162.259238552942,20976.6,185.65923855294386,0.8850778417519707
OECD ENV-Growth 2023,SSP4,Tajikistan,GDP|PPP [per capita],USD_2017/yr,2100,TJK,23446.2954716213,23235.8,210.49547162129966,0.9059101542503364
OECD ENV-Growth 2023,SSP4,Tanzania,GDP|PPP [per capita],USD_2017/yr,2025,TZA,2983.2621070911487,2968.88,14.382107091148555,0.4844287101920103
OECD ENV-Growth 2023,SSP4,Tanzania,GDP|PPP [per capita],USD_2017/yr,2030,TZA,3632.26493756169,3611.1,21.164937561690294,0.5861077666553209
OECD ENV-Growth 2023,SSP4,Tanzania,GDP|PPP [per capita],USD_2017/yr,2035,TZA,4281.783779314522,4256.4,25.383779314522144,0.5963673365877772
OECD ENV-Growth 2023,SSP4,Tanzania,GDP|PPP [per capita],USD_2017/yr,2040,TZA,4821.563507469698,4790.56,31.00350746969798,0.6471791913617192
OECD ENV-Growth 2023,SSP4,Tanzania,GDP|PPP [per capita],USD_2017/yr,2045,TZA,5315.018750399495,5273.95,41.068750399495,0.7787095137324965
OECD ENV-Growth 2023,SSP4,Tanzania,GDP|PPP [per capita],USD_2017/yr,2050,TZA,5833.19717793454,5779.83,53.36717793454045,0.9233347336260833
OECD ENV-Growth 2023,SSP4,Tanzania,GDP|PPP [per capita],USD_2017/yr,2055,TZA,6431.76173335165,6367,64.76173335165004,1.017146746531334
OECD ENV-Growth 2023,SSP4,Tanzania,GDP|PPP [per capita],USD_2017/yr,2060,TZA,7113.236374036434,7037.6,75.63637403643406,1.0747467039393268
OECD ENV-Growth 2023,SSP4,Tanzania,GDP|PPP [per capita],USD_2017/yr,2065,TZA,7908.590160208061,7821.53,87.06016020806146,1.1130835042256626
OECD ENV-Growth 2023,SSP4,Tanzania,GDP|PPP [per capita],USD_2017/yr,2070,TZA,8825.480707508805,8725.67,99.81070750880463,1.143874424643662
OECD ENV-Growth 2023,SSP4,Tanzania,GDP|PPP [per capita],USD_2017/yr,2075,TZA,9875.785861842336,9760.15,115.63586184233645,1.1847754577781742
OECD ENV-Growth 2023,SSP4,Tanzania,GDP|PPP [per capita],USD_2017/yr,2080,TZA,11093.011407213802,10958.5,134.51140721380216,1.2274618534817918
OECD ENV-Growth 2023,SSP4,Tanzania,GDP|PPP [per capita],USD_2017/yr,2085,TZA,12507.640997683802,12351.8,155.84099768380293,1.2616865370537325
OECD ENV-Growth 2023,SSP4,Tanzania,GDP|PPP [per capita],USD_2017/yr,2090,TZA,14139.01984829336,13959.8,179.21984829335997,1.2838281944824423
OECD ENV-Growth 2023,SSP4,Tanzania,GDP|PPP [per capita],USD_2017/yr,2095,TZA,15972.009969991232,15767.6,204.40996999123126,1.2963924122328778
OECD ENV-Growth 2023,SSP4,Tanzania,GDP|PPP [per capita],USD_2017/yr,2100,TZA,17977.296081719673,17746.1,231.1960817196741,1.3027993853278983
OECD ENV-Growth 2023,SSP4,Thailand,GDP|PPP [per capita],USD_2017/yr,2025,THA,19045.53288022407,19018.7,26.832880224068504,0.14108682625031418
OECD ENV-Growth 2023,SSP4,Thailand,GDP|PPP [per capita],USD_2017/yr,2030,THA,22013.14719919772,21980.8,32.34719919772033,0.14716115517961278
OECD ENV-Growth 2023,SSP4,Thailand,GDP|PPP [per capita],USD_2017/yr,2035,THA,25190.65563195569,25154,36.655631955691206,0.14572486266872547
OECD ENV-Growth 2023,SSP4,Thailand,GDP|PPP [per capita],USD_2017/yr,2040,THA,28480.5642718085,28438.6,41.96427180850151,0.14756096224322404
OECD ENV-Growth 2023,SSP4,Thailand,GDP|PPP [per capita],USD_2017/yr,2045,THA,31960.058069804276,31902.3,57.7580698042766,0.18104672642498065
OECD ENV-Growth 2023,SSP4,Thailand,GDP|PPP [per capita],USD_2017/yr,2050,THA,35609.31482158742,35524.6,84.71482158741856,0.23846805196235443
OECD ENV-Growth 2023,SSP4,Thailand,GDP|PPP [per capita],USD_2017/yr,2055,THA,39311.82775466011,39184.3,127.52775466010644,0.3254562532955965
OECD ENV-Growth 2023,SSP4,Thailand,GDP|PPP [per capita],USD_2017/yr,2060,THA,43076.012903203715,42899.2,176.81290320371772,0.41215897546741603
OECD ENV-Growth 2023,SSP4,Thailand,GDP|PPP [per capita],USD_2017/yr,2065,THA,46906.61363904973,46684.8,221.81363904972386,0.47513031875412093
OECD ENV-Growth 2023,SSP4,Thailand,GDP|PPP [per capita],USD_2017/yr,2070,THA,50686.22213707465,50422.8,263.42213707464543,0.5224266345277244
OECD ENV-Growth 2023,SSP4,Thailand,GDP|PPP [per capita],USD_2017/yr,2075,THA,54567.87312415075,54243.8,324.07312415074557,0.5974380927419273
OECD ENV-Growth 2023,SSP4,Thailand,GDP|PPP [per capita],USD_2017/yr,2080,THA,58543.8539643464,58145.9,397.95396434640134,0.684405889918982
OECD ENV-Growth 2023,SSP4,Thailand,GDP|PPP [per capita],USD_2017/yr,2085,THA,62669.67946106179,62179.1,490.5794610617886,0.7889780666844464
OECD ENV-Growth 2023,SSP4,Thailand,GDP|PPP [per capita],USD_2017/yr,2090,THA,66909.42442740515,66356.3,553.1244274051423,0.8335673137368151
OECD ENV-Growth 2023,SSP4,Thailand,GDP|PPP [per capita],USD_2017/yr,2095,THA,71298.67010945863,70678.2,620.4701094586344,0.8778804630828663
OECD ENV-Growth 2023,SSP4,Thailand,GDP|PPP [per capita],USD_2017/yr,2100,THA,75854.19545311556,75202.6,651.5954531155585,0.866453358149264
OECD ENV-Growth 2023,SSP4,Timor-Leste,GDP|PPP [per capita],USD_2017/yr,2025,TLS,3000.9621020746536,2985.68,15.282102074653722,0.51184661700697065
OECD ENV-Growth 2023,SSP4,Timor-Leste,GDP|PPP [per capita],USD_2017/yr,2030,TLS,3232.6054956000785,3221.9,10.705495600078393,0.3322727458977123
OECD ENV-Growth 2023,SSP4,Togo,GDP|PPP [per capita],USD_2017/yr,2025,TGO,2430.7919701548585,2414.63,16.16197015485841,0.6693352668880288
OECD ENV-Growth 2023,SSP4,Togo,GDP|PPP [per capita],USD_2017/yr,2030,TGO,2855.0087483388043,2834.78,20.228748338804053,0.7135914723119273
OECD ENV-Growth 2023,SSP4,Togo,GDP|PPP [per capita],USD_2017/yr,2035,TGO,3358.931320680894,3334.35,24.581320680893896,0.7372147699219906
OECD ENV-Growth 2023,SSP4,Togo,GDP|PPP [per capita],USD_2017/yr,2040,TGO,3830.6288096680296,3800.82,29.808809668029426,0.7842731218008069
OECD ENV-Growth 2023,SSP4,Togo,GDP|PPP [per capita],USD_2017/yr,2045,TGO,4286.144747314587,4248.67,37.47474731458715,0.8820347853466413
OECD ENV-Growth 2023,SSP4,Togo,GDP|PPP [per capita],USD_2017/yr,2050,TGO,4763.483597208081,4716.21,47.2735972080809,1.002364127298846
OECD ENV-Growth 2023,SSP4,Togo,GDP|PPP [per capita],USD_2017/yr,2055,TGO,5277.235128650946,5220.13,57.10512865094552,1.0939407380840231
OECD ENV-Growth 2023,SSP4,Togo,GDP|PPP [per capita],USD_2017/yr,2060,TGO,5829.617148011625,5763.52,66.097148011625,1.1468190968648497
OECD ENV-Growth 2023,SSP4,Togo,GDP|PPP [per capita],USD_2017/yr,2065,TGO,6423.495657825012,6348.25,75.24565782501213,1.1852976462019003
OECD ENV-Growth 2023,SSP4,Togo,GDP|PPP [per capita],USD_2017/yr,2070,TGO,7085.710596191564,6999.99,85.72059619156425,1.2245816949961965
OECD ENV-Growth 2023,SSP4,Togo,GDP|PPP [per capita],USD_2017/yr,2075,TGO,7815.786800138984,7717.86,97.92680013898462,1.268833590386255
OECD ENV-Growth 2023,SSP4,Togo,GDP|PPP [per capita],USD_2017/yr,2080,TGO,8620.0433478016,8508.31,111.73334780160076,1.3132261024998002
OECD ENV-Growth 2023,SSP4,Togo,GDP|PPP [per capita],USD_2017/yr,2085,TGO,9479.53517870814,9353.17,126.36517870813987,1.3510411839851073
OECD ENV-Growth 2023,SSP4,Togo,GDP|PPP [per capita],USD_2017/yr,2090,TGO,10396.715318218032,10255.3,141.41531821803255,1.3789486238143456
OECD ENV-Growth 2023,SSP4,Togo,GDP|PPP [per capita],USD_2017/yr,2095,TGO,11389.6478537961,11232.6,157.04785379609893,1.3981433843998623
OECD ENV-Growth 2023,SSP4,Togo,GDP|PPP [per capita],USD_2017/yr,2100,TGO,12489.146427556936,12315.7,173.4464275569353,1.4083359253386758
OECD ENV-Growth 2023,SSP4,Tonga,GDP|PPP [per capita],USD_2017/yr,2025,TON,5635.398049801369,5603.57,31.82804980136916,0.5679959347588976
OECD ENV-Growth 2023,SSP4,Tonga,GDP|PPP [per capita],USD_2017/yr,2030,TON,5882.261680566757,5837.37,44.891680566756804,0.769039491530549
OECD ENV-Growth 2023,SSP4,Tonga,GDP|PPP [per capita],USD_2017/yr,2035,TON,6524.711059318718,6463.17,61.541059318718,0.9521807304885683
OECD ENV-Growth 2023,SSP4,Tonga,GDP|PPP [per capita],USD_2017/yr,2040,TON,7533.753314529878,7453.01,80.74331452987735,1.0833651709829633
OECD ENV-Growth 2023,SSP4,Tonga,GDP|PPP [per capita],USD_2017/yr,2045,TON,9013.365755214794,8911.28,102.08575521479361,1.1455790325833504
OECD ENV-Growth 2023,SSP4,Tonga,GDP|PPP [per capita],USD_2017/yr,2050,TON,11004.704575526406,10873.8,130.90457552640692,1.2038530736854358
OECD ENV-Growth 2023,SSP4,Tonga,GDP|PPP [per capita],USD_2017/yr,2055,TON,13611.434147928272,13435.9,175.53414792827243,1.3064561951806164
OECD ENV-Growth 2023,SSP4,Tonga,GDP|PPP [per capita],USD_2017/yr,2060,TON,16885.022816166886,16649,236.0228161668856,1.417639594971984
OECD ENV-Growth 2023,SSP4,Tonga,GDP|PPP [per capita],USD_2017/yr,2065,TON,20827.566532175897,20522.6,304.96653217589846,1.4860033922402547
OECD ENV-Growth 2023,SSP4,Tonga,GDP|PPP [per capita],USD_2017/yr,2070,TON,25393.25751421609,25012.6,380.65751421609093,1.5218630378932656
OECD ENV-Growth 2023,SSP4,Tonga,GDP|PPP [per capita],USD_2017/yr,2075,TON,30571.730604735236,30108.5,463.23060473523583,1.5385376379933768
OECD ENV-Growth 2023,SSP4,Tonga,GDP|PPP [per capita],USD_2017/yr,2080,TON,36409.583616655334,35855,554.5836166553345,1.546739971148611
OECD ENV-Growth 2023,SSP4,Tonga,GDP|PPP [per capita],USD_2017/yr,2085,TON,42945.90573861298,42284,661.9057386129789,1.5653810864936593
OECD ENV-Growth 2023,SSP4,Tonga,GDP|PPP [per capita],USD_2017/yr,2090,TON,50262.55315157579,49475.8,786.7531515757873,1.5901777264355246
OECD ENV-Growth 2023,SSP4,Tonga,GDP|PPP [per capita],USD_2017/yr,2095,TON,58305.47492743469,57373.6,931.8749274346919,1.6242225125052148
OECD ENV-Growth 2023,SSP4,Tonga,GDP|PPP [per capita],USD_2017/yr,2100,TON,67021.87443350052,65935.5,1086.3744335005176,1.647632054811926
OECD ENV-Growth 2023,SSP4,Trinidad and Tobago,GDP|PPP [per capita],USD_2017/yr,2025,TTO,24454.14704257653,24397.8,56.34704257652993,0.23095132584302655
OECD ENV-Growth 2023,SSP4,Trinidad and Tobago,GDP|PPP [per capita],USD_2017/yr,2030,TTO,26123.858417417425,26040.4,83.45841741742333,0.32049591180405573
OECD ENV-Growth 2023,SSP4,Trinidad and Tobago,GDP|PPP [per capita],USD_2017/yr,2035,TTO,28191.334803476457,28090.2,101.134803476456,0.3600358967770112
OECD ENV-Growth 2023,SSP4,Trinidad and Tobago,GDP|PPP [per capita],USD_2017/yr,2040,TTO,31078.928500751037,30960.8,118.12850075103779,0.3815421460396301
OECD ENV-Growth 2023,SSP4,Trinidad and Tobago,GDP|PPP [per capita],USD_2017/yr,2045,TTO,34701.72828269064,34556.3,145.42828269063466,0.4208444847701711
OECD ENV-Growth 2023,SSP4,Trinidad and Tobago,GDP|PPP [per capita],USD_2017/yr,2050,TTO,38871.65546366101,38674,197.65546366100898,0.5110809941071753
OECD ENV-Growth 2023,SSP4,Trinidad and Tobago,GDP|PPP [per capita],USD_2017/yr,2055,TTO,43608.858523295654,43339,269.85852329565387,0.622669012426807
OECD ENV-Growth 2023,SSP4,Trinidad and Tobago,GDP|PPP [per capita],USD_2017/yr,2060,TTO,48932.30380397244,48589,343.30380397244153,0.7065463458240374
OECD ENV-Growth 2023,SSP4,Trinidad and Tobago,GDP|PPP [per capita],USD_2017/yr,2065,TTO,54698.86738505171,54290.3,408.56738505170506,0.7525605587954111
OECD ENV-Growth 2023,SSP4,Trinidad and Tobago,GDP|PPP [per capita],USD_2017/yr,2070,TTO,60779.18782596174,60307.9,471.2878259617355,0.7814694691105734
OECD ENV-Growth 2023,SSP4,Trinidad and Tobago,GDP|PPP [per capita],USD_2017/yr,2075,TTO,67241.96207322004,66694.2,547.7620732200448,0.8213039113146944
OECD ENV-Growth 2023,SSP4,Trinidad and Tobago,GDP|PPP [per capita],USD_2017/yr,2080,TTO,74196.8573206903,73549,647.8573206902947,0.880851297353186
OECD ENV-Growth 2023,SSP4,Trinidad and Tobago,GDP|PPP [per capita],USD_2017/yr,2085,TTO,81645.65787272017,80872.5,773.1578727201704,0.956020739707775
OECD ENV-Growth 2023,SSP4,Trinidad and Tobago,GDP|PPP [per capita],USD_2017/yr,2090,TTO,89598.77890746479,88683.4,915.3789074647939,1.032187430189634
OECD ENV-Growth 2023,SSP4,Trinidad and Tobago,GDP|PPP [per capita],USD_2017/yr,2095,TTO,98078.57777284336,97011.7,1066.8777728433633,1.0997413434084378
OECD ENV-Growth 2023,SSP4,Trinidad and Tobago,GDP|PPP [per capita],USD_2017/yr,2100,TTO,107081.23642125778,105861,1220.2364212577813,1.152677965688763
OECD ENV-Growth 2023,SSP4,Tunisia,GDP|PPP [per capita],USD_2017/yr,2025,TUN,10834.012094598907,10799.6,34.41209459890706,0.3186423071123658
OECD ENV-Growth 2023,SSP4,Tunisia,GDP|PPP [per capita],USD_2017/yr,2030,TUN,11845.096018929373,11811.5,33.596018929372804,0.28443482139756004
OECD ENV-Growth 2023,SSP4,Tunisia,GDP|PPP [per capita],USD_2017/yr,2035,TUN,13064.407354312312,13047.1,17.307354312311872,0.13265288311051399
OECD ENV-Growth 2023,SSP4,Turkey,GDP|PPP [per capita],USD_2017/yr,2060,TUR,75398.24814249064,75290.5,107.74814249064366,0.14310987772779257
OECD ENV-Growth 2023,SSP4,Turkey,GDP|PPP [per capita],USD_2017/yr,2065,TUR,80051.59387613545,79864.7,186.89387613545114,0.23401311985827422
OECD ENV-Growth 2023,SSP4,Turkey,GDP|PPP [per capita],USD_2017/yr,2070,TUR,84279.60459359977,84002.4,277.20459359977394,0.32999604011287054
OECD ENV-Growth 2023,SSP4,Turkey,GDP|PPP [per capita],USD_2017/yr,2075,TUR,88155.91917541418,87791,364.91917541417934,0.41566809287305
OECD ENV-Growth 2023,SSP4,Turkey,GDP|PPP [per capita],USD_2017/yr,2080,TUR,91725.86281125087,91274.2,451.662811250877,0.49484170910386177
OECD ENV-Growth 2023,SSP4,Turkey,GDP|PPP [per capita],USD_2017/yr,2085,TUR,95132.87684026468,94590.1,542.7768402646761,0.5738199243522061
OECD ENV-Growth 2023,SSP4,Turkey,GDP|PPP [per capita],USD_2017/yr,2090,TUR,98508.17295974656,97860.7,647.472959746563,0.6616271493526645
OECD ENV-Growth 2023,SSP4,Turkey,GDP|PPP [per capita],USD_2017/yr,2095,TUR,101935.61533076924,101149,786.6153307692439,0.7776797899823467
OECD ENV-Growth 2023,SSP4,Turkey,GDP|PPP [per capita],USD_2017/yr,2100,TUR,105433.79571569838,104463,970.7957156983757,0.929320157087558
OECD ENV-Growth 2023,SSP4,Turkmenistan,GDP|PPP [per capita],USD_2017/yr,2025,TKM,15976.571150876383,15898.9,77.67115087638376,0.4885316020377747
OECD ENV-Growth 2023,SSP4,Turkmenistan,GDP|PPP [per capita],USD_2017/yr,2030,TKM,16561.421621463185,16476.9,84.52162146318369,0.5129704098658345
OECD ENV-Growth 2023,SSP4,Turkmenistan,GDP|PPP [per capita],USD_2017/yr,2035,TKM,17790.096546873257,17702.1,87.99654687325892,0.49709665448313434
OECD ENV-Growth 2023,SSP4,Turkmenistan,GDP|PPP [per capita],USD_2017/yr,2040,TKM,18851.860786296635,18764,87.86078629663461,0.4682412401227596
OECD ENV-Growth 2023,SSP4,Turkmenistan,GDP|PPP [per capita],USD_2017/yr,2045,TKM,19869.517269824493,19770.7,98.81726982449254,0.49981674813988647
OECD ENV-Growth 2023,SSP4,Turkmenistan,GDP|PPP [per capita],USD_2017/yr,2050,TKM,21017.41158109477,20893.3,124.11158109477037,0.5940257455489097
OECD ENV-Growth 2023,SSP4,Turkmenistan,GDP|PPP [per capita],USD_2017/yr,2055,TKM,22315.131530431245,22160.5,154.63153043124476,0.6977799708095249
OECD ENV-Growth 2023,SSP4,Turkmenistan,GDP|PPP [per capita],USD_2017/yr,2060,TKM,23894.02773739032,23714,180.0277373903191,0.7591622560104541
OECD ENV-Growth 2023,SSP4,Turkmenistan,GDP|PPP [per capita],USD_2017/yr,2065,TKM,25745.547605106585,25549,196.54760510658525,0.7692966656486957
OECD ENV-Growth 2023,SSP4,Turkmenistan,GDP|PPP [per capita],USD_2017/yr,2070,TKM,27707.507517518,27495.3,212.2075175179998,0.7717956069510055
OECD ENV-Growth 2023,SSP4,Turkmenistan,GDP|PPP [per capita],USD_2017/yr,2075,TKM,29738.92894347881,29504.6,234.32894347881302,0.7942115584648259
OECD ENV-Growth 2023,SSP4,Turkmenistan,GDP|PPP [per capita],USD_2017/yr,2080,TKM,31946.463785123964,31680.2,266.2637851239633,0.8404738136879291
OECD ENV-Growth 2023,SSP4,Turkmenistan,GDP|PPP [per capita],USD_2017/yr,2085,TKM,34438.07738608881,34132.6,305.477386088809,0.8949725074820231
OECD ENV-Growth 2023,SSP4,Turkmenistan,GDP|PPP [per capita],USD_2017/yr,2090,TKM,37307.52721274594,36960.4,347.12721274593787,0.939186839822994
OECD ENV-Growth 2023,SSP4,Turkmenistan,GDP|PPP [per capita],USD_2017/yr,2095,TKM,40557.57455901198,40170.6,386.9745590119783,0.9633278044439921
OECD ENV-Growth 2023,SSP4,Turkmenistan,GDP|PPP [per capita],USD_2017/yr,2100,TKM,44153.376583585145,43729.5,423.87658358514454,0.9693149557738929
OECD ENV-Growth 2023,SSP4,Uganda,GDP|PPP [per capita],USD_2017/yr,2025,UGA,2653.727011458031,2644.34,9.387011458030884,0.3549850419397991
OECD ENV-Growth 2023,SSP4,Uganda,GDP|PPP [per capita],USD_2017/yr,2030,UGA,3179.4807071364417,3167.79,11.690707136441688,0.36904930997451496
OECD ENV-Growth 2023,SSP4,Uganda,GDP|PPP [per capita],USD_2017/yr,2035,UGA,3717.0481020042303,3703.94,13.108102004230204,0.3538961755382162
OECD ENV-Growth 2023,SSP4,Uganda,GDP|PPP [per capita],USD_2017/yr,2040,UGA,4128.106044347065,4112.25,15.856044347065108,0.3855807489103315
OECD ENV-Growth 2023,SSP4,Uganda,GDP|PPP [per capita],USD_2017/yr,2045,UGA,4450.576088656358,4428.64,21.936088656357242,0.4953233646527431
OECD ENV-Growth 2023,SSP4,Uganda,GDP|PPP [per capita],USD_2017/yr,2050,UGA,4734.238876980866,4705.33,28.908876980865898,0.6143857493707328
OECD ENV-Growth 2023,SSP4,Uganda,GDP|PPP [per capita],USD_2017/yr,2055,UGA,5017.041710588339,4982.76,34.28171058833868,0.6880064580340751
OECD ENV-Growth 2023,SSP4,Uganda,GDP|PPP [per capita],USD_2017/yr,2060,UGA,5291.956518545415,5253.75,38.20651854541484,0.7272237648425379
OECD ENV-Growth 2023,SSP4,Uganda,GDP|PPP [per capita],USD_2017/yr,2065,UGA,5580.722918341018,5538.67,42.052918341018085,0.7592602256682215
OECD ENV-Growth 2023,SSP4,Uganda,GDP|PPP [per capita],USD_2017/yr,2070,UGA,5862.96357278316,5816.8,46.16357278315991,0.7936248931226775
OECD ENV-Growth 2023,SSP4,Uganda,GDP|PPP [per capita],USD_2017/yr,2075,UGA,6164.370691345888,6113.66,50.710691345888335,0.829465350475629
OECD ENV-Growth 2023,SSP4,Uganda,GDP|PPP [per capita],USD_2017/yr,2080,UGA,6481.412520544084,6425.74,55.672520544084364,0.8663985866854925
OECD ENV-Growth 2023,SSP4,Uganda,GDP|PPP [per capita],USD_2017/yr,2085,UGA,6823.390678634894,6762.74,60.650678634894575,0.8968358776900276
OECD ENV-Growth 2023,SSP4,Uganda,GDP|PPP [per capita],USD_2017/yr,2090,UGA,7181.660345668948,7116.42,65.24034566894807,0.9167579438671138
OECD ENV-Growth 2023,SSP4,Uganda,GDP|PPP [per capita],USD_2017/yr,2095,UGA,7537.215906020617,7468.08,69.13590602061686,0.92575208113219
OECD ENV-Growth 2023,SSP4,Uganda,GDP|PPP [per capita],USD_2017/yr,2100,UGA,7878.137747191208,7805.76,72.37774719120807,0.9272351083201131
OECD ENV-Growth 2023,SSP4,United Arab Emirates,GDP|PPP [per capita],USD_2017/yr,2025,ARE,80896.57010568367,80723.2,173.3701056836726,0.21477110134840122
OECD ENV-Growth 2023,SSP4,United Arab Emirates,GDP|PPP [per capita],USD_2017/yr,2030,ARE,95370.03819347192,95077.3,292.738193471916,0.3078949375633469
OECD ENV-Growth 2023,SSP4,United Arab Emirates,GDP|PPP [per capita],USD_2017/yr,2035,ARE,109540.16682968337,109147,393.1668296833668,0.36021771526781937
OECD ENV-Growth 2023,SSP4,United Arab Emirates,GDP|PPP [per capita],USD_2017/yr,2040,ARE,119625.7386912836,119182,443.73869128359365,0.37232022560755285
OECD ENV-Growth 2023,SSP4,United Arab Emirates,GDP|PPP [per capita],USD_2017/yr,2045,ARE,125834.82959135136,125337,497.8295913513575,0.3971928411812613
OECD ENV-Growth 2023,SSP4,United Arab Emirates,GDP|PPP [per capita],USD_2017/yr,2050,ARE,128779.67492418997,128208,571.674924189967,0.44589645278763185
OECD ENV-Growth 2023,SSP4,United Arab Emirates,GDP|PPP [per capita],USD_2017/yr,2055,ARE,130456.35484752768,129749,707.3548475276766,0.5451717142541959
OECD ENV-Growth 2023,SSP4,United Arab Emirates,GDP|PPP [per capita],USD_2017/yr,2060,ARE,132378.7611366024,131461,917.7611366024066,0.6981242624066504
OECD ENV-Growth 2023,SSP4,United Arab Emirates,GDP|PPP [per capita],USD_2017/yr,2065,ARE,135052.20773970822,133882,1170.2077397082176,0.8740590517830759
OECD ENV-Growth 2023,SSP4,United Arab Emirates,GDP|PPP [per capita],USD_2017/yr,2070,ARE,138040.60083152071,136604,1436.6008315207146,1.0516535617703102
OECD ENV-Growth 2023,SSP4,United Arab Emirates,GDP|PPP [per capita],USD_2017/yr,2075,ARE,141089.35336193923,139368,1721.3533619392256,1.23511377212791
OECD ENV-Growth 2023,SSP4,United Arab Emirates,GDP|PPP [per capita],USD_2017/yr,2080,ARE,144388.39221305156,142345,2043.3922130515566,1.4355208915322326
OECD ENV-Growth 2023,SSP4,United Arab Emirates,GDP|PPP [per capita],USD_2017/yr,2085,ARE,147773.05663582112,145381,2392.0566358211217,1.6453708777770975
OECD ENV-Growth 2023,SSP4,United Arab Emirates,GDP|PPP [per capita],USD_2017/yr,2090,ARE,151349.99933812898,148605,2744.9993381289823,1.8471783171017009
OECD ENV-Growth 2023,SSP4,United Arab Emirates,GDP|PPP [per capita],USD_2017/yr,2095,ARE,155441.19919844987,152346,3095.1991984498745,2.0316904929895596
OECD ENV-Growth 2023,SSP4,United Arab Emirates,GDP|PPP [per capita],USD_2017/yr,2100,ARE,160479.88237251504,157021,3458.8823725150432,2.202815147346561
OECD ENV-Growth 2023,SSP4,United States Virgin Islands,GDP|PPP [per capita],USD_2017/yr,2025,VIR,33012.23210469542,32976.4,35.83210469541518,0.10865984369250489
OECD ENV-Growth 2023,SSP4,United States Virgin Islands,GDP|PPP [per capita],USD_2017/yr,2030,VIR,36067.17563586569,35976,91.17563586569304,0.25343461159020747
OECD ENV-Growth 2023,SSP4,United States Virgin Islands,GDP|PPP [per capita],USD_2017/yr,2035,VIR,38998.68372558311,38874.7,123.9837255831153,0.31893165885039704
OECD ENV-Growth 2023,SSP4,United States Virgin Islands,GDP|PPP [per capita],USD_2017/yr,2040,VIR,42767.35449679133,42621.9,145.45449679133162,0.3412670406324721
OECD ENV-Growth 2023,SSP4,United States Virgin Islands,GDP|PPP [per capita],USD_2017/yr,2045,VIR,47148.30404095578,46967,181.30404095577978,0.3860243169795384
OECD ENV-Growth 2023,SSP4,United States Virgin Islands,GDP|PPP [per capita],USD_2017/yr,2050,VIR,51797.95878985391,51557.1,240.85878985391173,0.46716900262798283
OECD ENV-Growth 2023,SSP4,United States Virgin Islands,GDP|PPP [per capita],USD_2017/yr,2055,VIR,56653.151807434595,56349.6,303.5518074345964,0.5386938104877345
OECD ENV-Growth 2023,SSP4,United States Virgin Islands,GDP|PPP [per capita],USD_2017/yr,2060,VIR,61802.87851889424,61436.2,366.6785188942449,0.5968443993838242
OECD ENV-Growth 2023,SSP4,United States Virgin Islands,GDP|PPP [per capita],USD_2017/yr,2065,VIR,67303.31689311075,66876.9,426.41689311075606,0.6376146219557965
OECD ENV-Growth 2023,SSP4,United States Virgin Islands,GDP|PPP [per capita],USD_2017/yr,2070,VIR,73003.47596050317,72514.8,488.67596050316934,0.6738982393982599
OECD ENV-Growth 2023,SSP4,United States Virgin Islands,GDP|PPP [per capita],USD_2017/yr,2075,VIR,78851.72562857516,78314.4,537.3256285751704,0.6861134460267466
OECD ENV-Growth 2023,SSP4,United States Virgin Islands,GDP|PPP [per capita],USD_2017/yr,2080,VIR,84925.69190189363,84324.9,600.7919018936373,0.7124727119672093
OECD ENV-Growth 2023,SSP4,United States Virgin Islands,GDP|PPP [per capita],USD_2017/yr,2085,VIR,91378.62282197244,90691.4,687.2228219724493,0.7577596353926054
OECD ENV-Growth 2023,SSP4,United States Virgin Islands,GDP|PPP [per capita],USD_2017/yr,2090,VIR,98303.39038996556,97515.6,787.7903899655503,0.8078608858126805
OECD ENV-Growth 2023,SSP4,United States Virgin Islands,GDP|PPP [per capita],USD_2017/yr,2095,VIR,105784.871899146,104878,906.8718991460046,0.8646922129960569
OECD ENV-Growth 2023,SSP4,United States Virgin Islands,GDP|PPP [per capita],USD_2017/yr,2100,VIR,113858.69318851484,112806,1052.693188514837,0.9331890045873774
OECD ENV-Growth 2023,SSP4,Uruguay,GDP|PPP [per capita],USD_2017/yr,2025,URY,26301.618693752196,26263,38.61869375219612,0.14704601055551964
OECD ENV-Growth 2023,SSP4,Uruguay,GDP|PPP [per capita],USD_2017/yr,2030,URY,29531.918288524364,29464.1,67.81828852436593,0.23017261183734078
OECD ENV-Growth 2023,SSP4,Uruguay,GDP|PPP [per capita],USD_2017/yr,2035,URY,32799.73960547884,32707.5,92.23960547884053,0.28201362219319887
OECD ENV-Growth 2023,SSP4,Uruguay,GDP|PPP [per capita],USD_2017/yr,2040,URY,36178.69272179048,36058.8,119.89272179047839,0.3324922676031326
OECD ENV-Growth 2023,SSP4,Uruguay,GDP|PPP [per capita],USD_2017/yr,2045,URY,39803.98420334958,39647.1,156.8842033495821,0.39570158561302615
OECD ENV-Growth 2023,SSP4,Uruguay,GDP|PPP [per capita],USD_2017/yr,2050,URY,43560.229732157626,43356.9,203.32973215762468,0.46896741270161074
OECD ENV-Growth 2023,SSP4,Uruguay,GDP|PPP [per capita],USD_2017/yr,2055,URY,47515.5710216991,47254.6,260.9710216991007,0.5522658570786774
OECD ENV-Growth 2023,SSP4,Uruguay,GDP|PPP [per capita],USD_2017/yr,2060,URY,51555.41901235991,51231.1,324.31901235991245,0.6330510419645732
OECD ENV-Growth 2023,SSP4,Uruguay,GDP|PPP [per capita],USD_2017/yr,2065,URY,55704.74504969076,55321.1,383.6450496907637,0.6934877464308622
OECD ENV-Growth 2023,SSP4,Uruguay,GDP|PPP [per capita],USD_2017/yr,2070,URY,59790.15470444914,59351.7,438.454704449141,0.7387399256451643
OECD ENV-Growth 2023,SSP4,Uruguay,GDP|PPP [per capita],USD_2017/yr,2075,URY,63898.60653926787,63400.4,498.20653926787054,0.7858097729160549
OECD ENV-Growth 2023,SSP4,Uruguay,GDP|PPP [per capita],USD_2017/yr,2080,URY,68080.79633237378,67511.1,569.6963323737727,0.843855799081592
OECD ENV-Growth 2023,SSP4,Uruguay,GDP|PPP [per capita],USD_2017/yr,2085,URY,72435.05939582169,71778.8,656.2593958216894,0.9142802552030534
OECD ENV-Growth 2023,SSP4,Uruguay,GDP|PPP [per capita],USD_2017/yr,2090,URY,76993.13092462353,76233.1,760.0309246235265,0.996982838981396
OECD ENV-Growth 2023,SSP4,Uruguay,GDP|PPP [per capita],USD_2017/yr,2095,URY,81751.50243595039,80869.3,882.2024359503848,1.0908990629947146
OECD ENV-Growth 2023,SSP4,Uruguay,GDP|PPP [per capita],USD_2017/yr,2100,URY,86695.14142524824,85679.5,1015.6414252482355,1.1853960693610905
OECD ENV-Growth 2023,SSP4,Uzbekistan,GDP|PPP [per capita],USD_2017/yr,2025,UZB,9370.30979072338,9326.81,43.49979072338101,0.46639516322709496
OECD ENV-Growth 2023,SSP4,Uzbekistan,GDP|PPP [per capita],USD_2017/yr,2030,UZB,11338.890668517308,11283.2,55.69066851730713,0.4935715800243471
OECD ENV-Growth 2023,SSP4,Uzbekistan,GDP|PPP [per capita],USD_2017/yr,2035,UZB,13258.051451153213,13190.9,67.1514511532132,0.5090740673738199
OECD ENV-Growth 2023,SSP4,Uzbekistan,GDP|PPP [per capita],USD_2017/yr,2040,UZB,14868.790617901148,14791.8,76.99061790114865,0.5204952602195044
OECD ENV-Growth 2023,SSP4,Uzbekistan,GDP|PPP [per capita],USD_2017/yr,2045,UZB,16209.144830997462,16108.4,100.74483099746249,0.6254179868730755
OECD ENV-Growth 2023,SSP4,Uzbekistan,GDP|PPP [per capita],USD_2017/yr,2050,UZB,17526.586937101147,17391.6,134.98693710114821,0.7761616935828114
OECD ENV-Growth 2023,SSP4,Uzbekistan,GDP|PPP [per capita],USD_2017/yr,2055,UZB,19034.834181211452,18872.7,162.1341812114515,0.8590937237991993
OECD ENV-Growth 2023,SSP4,Uzbekistan,GDP|PPP [per capita],USD_2017/yr,2060,UZB,20818.84301617108,20634.6,184.24301617107994,0.892883875486222
OECD ENV-Growth 2023,SSP4,Uzbekistan,GDP|PPP [per capita],USD_2017/yr,2065,UZB,22909.607816066604,22700.4,209.2078160666024,0.9216040953754223
OECD ENV-Growth 2023,SSP4,Uzbekistan,GDP|PPP [per capita],USD_2017/yr,2070,UZB,25248.694003025863,25006,242.6940030258629,0.9705430817638283
OECD ENV-Growth 2023,SSP4,Uzbekistan,GDP|PPP [per capita],USD_2017/yr,2075,UZB,27808.112688191613,27523.6,284.51268819161487,1.033704487027914
OECD ENV-Growth 2023,SSP4,Uzbekistan,GDP|PPP [per capita],USD_2017/yr,2080,UZB,30609.856148172967,30280,329.85614817296664,1.0893531974008144
OECD ENV-Growth 2023,SSP4,Uzbekistan,GDP|PPP [per capita],USD_2017/yr,2085,UZB,33743.0179383859,33364.9,378.117938385898,1.1332805984309797
OECD ENV-Growth 2023,SSP4,Uzbekistan,GDP|PPP [per capita],USD_2017/yr,2090,UZB,37263.62395797073,36832.2,431.4239579707355,1.1713228044231285
OECD ENV-Growth 2023,SSP4,Uzbekistan,GDP|PPP [per capita],USD_2017/yr,2095,UZB,41175.34768130991,40684.6,490.7476813099129,1.206224668080583
OECD ENV-Growth 2023,SSP4,Uzbekistan,GDP|PPP [per capita],USD_2017/yr,2100,UZB,45499.32687747505,44944.5,554.8268774750468,1.2344711310061227
OECD ENV-Growth 2023,SSP4,Vanuatu,GDP|PPP [per capita],USD_2017/yr,2025,VUT,2477.061469265367,2461.09,15.971469265366977,0.6489591711545282
OECD ENV-Growth 2023,SSP4,Vanuatu,GDP|PPP [per capita],USD_2017/yr,2030,VUT,2615.307063251406,2597.31,17.99706325140596,0.6929116374790056
OECD ENV-Growth 2023,SSP4,Vanuatu,GDP|PPP [per capita],USD_2017/yr,2035,VUT,3033.1580742674996,3012.34,20.81807426749947,0.6910931125802355
OECD ENV-Growth 2023,SSP4,Vanuatu,GDP|PPP [per capita],USD_2017/yr,2040,VUT,3530.0652982692127,3505.72,24.34529826921289,0.6944450289587557
OECD ENV-Growth 2023,SSP4,Vanuatu,GDP|PPP [per capita],USD_2017/yr,2045,VUT,4097.655430653418,4066.56,31.095430653418134,0.76466179408193
OECD ENV-Growth 2023,SSP4,Vanuatu,GDP|PPP [per capita],USD_2017/yr,2050,VUT,4837.506907275307,4795.29,42.21690727530677,0.880382777168988
OECD ENV-Growth 2023,SSP4,Vanuatu,GDP|PPP [per capita],USD_2017/yr,2055,VUT,5837.067412652426,5780.53,56.53741265242661,0.978066243967709
OECD ENV-Growth 2023,SSP4,Vanuatu,GDP|PPP [per capita],USD_2017/yr,2060,VUT,7159.032974389411,7085.43,73.60297438941052,1.0387933320830285
OECD ENV-Growth 2023,SSP4,Vanuatu,GDP|PPP [per capita],USD_2017/yr,2065,VUT,8909.866646481438,8815.24,94.626646481438,1.0734437914502384
OECD ENV-Growth 2023,SSP4,Vanuatu,GDP|PPP [per capita],USD_2017/yr,2070,VUT,11181.653599135409,11060.2,121.45359913540779,1.098113950339124
OECD ENV-Growth 2023,SSP4,Vanuatu,GDP|PPP [per capita],USD_2017/yr,2075,VUT,14125.283573086455,13967,158.28357308645536,1.1332682257210236
OECD ENV-Growth 2023,SSP4,Vanuatu,GDP|PPP [per capita],USD_2017/yr,2080,VUT,17848.897360814142,17641.1,207.79736081414376,1.177916120956991
OECD ENV-Growth 2023,SSP4,Vanuatu,GDP|PPP [per capita],USD_2017/yr,2085,VUT,22484.71971208246,22213,271.7197120824603,1.2232463516069885
OECD ENV-Growth 2023,SSP4,Vanuatu,GDP|PPP [per capita],USD_2017/yr,2090,VUT,28176.916923674493,27826.5,350.41692367449286,1.259292126837701
OECD ENV-Growth 2023,SSP4,Vanuatu,GDP|PPP [per capita],USD_2017/yr,2095,VUT,35117.15933870632,34671.8,445.3593387063156,1.2845001952777635
OECD ENV-Growth 2023,SSP4,Vanuatu,GDP|PPP [per capita],USD_2017/yr,2100,VUT,43547.959553118904,42989.7,558.2595531189072,1.2985890878952568
OECD ENV-Growth 2023,SSP4,Viet Nam,GDP|PPP [per capita],USD_2017/yr,2025,VNM,13281.405221125797,13237.8,43.60522112579747,0.3293993044599365
OECD ENV-Growth 2023,SSP4,Viet Nam,GDP|PPP [per capita],USD_2017/yr,2030,VNM,17807.361242292063,17728,79.36124229206325,0.44766043711678277
OECD ENV-Growth 2023,SSP4,Viet Nam,GDP|PPP [per capita],USD_2017/yr,2035,VNM,22357.292492602195,22249.3,107.99249260219585,0.48537478753127455
OECD ENV-Growth 2023,SSP4,Viet Nam,GDP|PPP [per capita],USD_2017/yr,2040,VNM,26223.628859881024,26096.4,127.2288598810228,0.48753414218444996
OECD ENV-Growth 2023,SSP4,Viet Nam,GDP|PPP [per capita],USD_2017/yr,2045,VNM,29705.83574917147,29558.2,147.6357491714698,0.49947476223677284
OECD ENV-Growth 2023,SSP4,Viet Nam,GDP|PPP [per capita],USD_2017/yr,2050,VNM,33117.040254404405,32930.7,186.34025440440746,0.5658557346318405
OECD ENV-Growth 2023,SSP4,Viet Nam,GDP|PPP [per capita],USD_2017/yr,2055,VNM,36639.12154184656,36388.5,250.6215418465581,0.6887383152549792
OECD ENV-Growth 2023,SSP4,Viet Nam,GDP|PPP [per capita],USD_2017/yr,2060,VNM,40217.40517368593,39893.3,324.1051736859299,0.8124300914838579
OECD ENV-Growth 2023,SSP4,Viet Nam,GDP|PPP [per capita],USD_2017/yr,2065,VNM,43875.75938115778,43491.8,383.9593811577797,0.8828316628830715
OECD ENV-Growth 2023,SSP4,Viet Nam,GDP|PPP [per capita],USD_2017/yr,2070,VNM,47595.12804504048,47166.3,428.8280450404782,0.909183135078389
OECD ENV-Growth 2023,SSP4,Viet Nam,GDP|PPP [per capita],USD_2017/yr,2075,VNM,51280.55760453204,50808.3,472.2576045320384,0.9294890884600319
OECD ENV-Growth 2023,SSP4,Viet Nam,GDP|PPP [per capita],USD_2017/yr,2080,VNM,54935.433364717195,54406.8,528.6333647171923,0.9716310547894607
OECD ENV-Growth 2023,SSP4,Viet Nam,GDP|PPP [per capita],USD_2017/yr,2085,VNM,58621.905427049875,58017.5,604.4054270498746,1.0417639971558141
OECD ENV-Growth 2023,SSP4,Viet Nam,GDP|PPP [per capita],USD_2017/yr,2090,VNM,62409.39201319333,61715.7,693.6920131933293,1.1240122257275367
OECD ENV-Growth 2023,SSP4,Viet Nam,GDP|PPP [per capita],USD_2017/yr,2095,VNM,66379.00307657679,65593.2,785.8030765767908,1.1979947259423094
OECD ENV-Growth 2023,SSP4,Viet Nam,GDP|PPP [per capita],USD_2017/yr,2100,VNM,70608.76659123458,69734.3,874.4665912345808,1.2539978048601346
OECD ENV-Growth 2023,SSP4,Western Sahara,GDP|PPP [per capita],USD_2017/yr,2025,ESH,1922.033784801865,1915.92,6.113784801864995,0.3191043885895546
OECD ENV-Growth 2023,SSP4,Western Sahara,GDP|PPP [per capita],USD_2017/yr,2030,ESH,1972.5530748529852,1965.43,7.123074852985155,0.3624181402026608
OECD ENV-Growth 2023,SSP4,Western Sahara,GDP|PPP [per capita],USD_2017/yr,2035,ESH,2166.7250591223615,2157.69,9.035059122361417,0.4187375907735318
OECD ENV-Growth 2023,SSP4,Western Sahara,GDP|PPP [per capita],USD_2017/yr,2040,ESH,2449.171016167076,2437.61,11.56101616707565,0.47427669590605753
OECD ENV-Growth 2023,SSP4,Western Sahara,GDP|PPP [per capita],USD_2017/yr,2045,ESH,2831.5284487911317,2816.64,14.88844879113185,0.528588985143002
OECD ENV-Growth 2023,SSP4,Western Sahara,GDP|PPP [per capita],USD_2017/yr,2050,ESH,3334.3824171887213,3314.47,19.91241718872152,0.6007722860282796
OECD ENV-Growth 2023,SSP4,Western Sahara,GDP|PPP [per capita],USD_2017/yr,2055,ESH,3996.7646978301577,3969.84,26.924697830157584,0.6782313098300582
OECD ENV-Growth 2023,SSP4,Western Sahara,GDP|PPP [per capita],USD_2017/yr,2060,ESH,4855.8157604566,4819.69,36.1257604566008,0.7495453121798457
OECD ENV-Growth 2023,SSP4,Western Sahara,GDP|PPP [per capita],USD_2017/yr,2065,ESH,5965.913101793026,5918.63,47.28310179302571,0.7988859211173144
OECD ENV-Growth 2023,SSP4,Western Sahara,GDP|PPP [per capita],USD_2017/yr,2070,ESH,7364.421545467179,7304.25,60.171545467179385,0.823788143439496
OECD ENV-Growth 2023,SSP4,Western Sahara,GDP|PPP [per capita],USD_2017/yr,2075,ESH,9114.63397405533,9038.75,75.88397405533033,0.8395405786788033
OECD ENV-Growth 2023,SSP4,Western Sahara,GDP|PPP [per capita],USD_2017/yr,2080,ESH,11288.012881039656,11192.8,95.21288103965708,0.8506618633376553
OECD ENV-Growth 2023,SSP4,Western Sahara,GDP|PPP [per capita],USD_2017/yr,2085,ESH,13956.441879810132,13837.8,118.6418798101331,0.8573753039510117
OECD ENV-Growth 2023,SSP4,Western Sahara,GDP|PPP [per capita],USD_2017/yr,2090,ESH,17200.561429120546,17053.8,146.76142912054638,0.8605790446735999
OECD ENV-Growth 2023,SSP4,Western Sahara,GDP|PPP [per capita],USD_2017/yr,2095,ESH,21110.26167761096,20930.1,180.16167761096222,0.8607779112902577
OECD ENV-Growth 2023,SSP4,Western Sahara,GDP|PPP [per capita],USD_2017/yr,2100,ESH,25781.21078556255,25561.4,219.81078556254943,0.85993249807346
OECD ENV-Growth 2023,SSP4,Yemen,GDP|PPP [per capita],USD_2017/yr,2025,YEM,1745.6756986625114,1734.9,10.775698662511331,0.6211135317604087
OECD ENV-Growth 2023,SSP4,Yemen,GDP|PPP [per capita],USD_2017/yr,2030,YEM,2056.026821377217,2043.41,12.616821377216866,0.6174395435677063
OECD ENV-Growth 2023,SSP4,Yemen,GDP|PPP [per capita],USD_2017/yr,2035,YEM,2388.159472745668,2373.8,14.359472745667972,0.6049150200382497
OECD ENV-Growth 2023,SSP4,Yemen,GDP|PPP [per capita],USD_2017/yr,2040,YEM,2777.5228927373923,2760.78,16.74289273739214,0.6064551589547932
OECD ENV-Growth 2023,SSP4,Yemen,GDP|PPP [per capita],USD_2017/yr,2045,YEM,3174.6492512012305,3153.76,20.88925120123031,0.6623602050007074
OECD ENV-Growth 2023,SSP4,Yemen,GDP|PPP [per capita],USD_2017/yr,2050,YEM,3589.1061040474874,3562.71,26.39610404748737,0.7408995974268848
OECD ENV-Growth 2023,SSP4,Yemen,GDP|PPP [per capita],USD_2017/yr,2055,YEM,4016.7294061350062,3984.91,31.819406135006375,0.798497485137842
OECD ENV-Growth 2023,SSP4,Yemen,GDP|PPP [per capita],USD_2017/yr,2060,YEM,4452.924772012655,4415.7,37.224772012655194,0.8430095344487896
OECD ENV-Growth 2023,SSP4,Yemen,GDP|PPP [per capita],USD_2017/yr,2065,YEM,4902.568305692882,4860.06,42.50830569288155,0.8746456976432708
OECD ENV-Growth 2023,SSP4,Yemen,GDP|PPP [per capita],USD_2017/yr,2070,YEM,5365.442493014873,5317.71,47.7324930148734,0.8976136911353458
OECD ENV-Growth 2023,SSP4,Yemen,GDP|PPP [per capita],USD_2017/yr,2075,YEM,5827.74656617171,5774.45,53.296566171709856,0.9229721648245263
OECD ENV-Growth 2023,SSP4,Yemen,GDP|PPP [per capita],USD_2017/yr,2080,YEM,6271.387712453575,6211.81,59.57771245357435,0.9591039077752596
OECD ENV-Growth 2023,SSP4,Yemen,GDP|PPP [per capita],USD_2017/yr,2085,YEM,6680.5100481922955,6614.17,66.3400481922954,1.0029988372281842
OECD ENV-Growth 2023,SSP4,Yemen,GDP|PPP [per capita],USD_2017/yr,2090,YEM,7060.1773020407945,6987.01,73.16730204079431,1.047190458304687
OECD ENV-Growth 2023,SSP4,Yemen,GDP|PPP [per capita],USD_2017/yr,2095,YEM,7423.374524939694,7343.88,79.4945249396942,1.0824594756408628
OECD ENV-Growth 2023,SSP4,Yemen,GDP|PPP [per capita],USD_2017/yr,2100,YEM,7785.411189495888,7701.86,83.55118949588814,1.0848183360368553
OECD ENV-Growth 2023,SSP4,Zambia,GDP|PPP [per capita],USD_2017/yr,2025,ZMB,3495.5988840478167,3487.33,8.268884047816755,0.23711217601479515
OECD ENV-Growth 2023,SSP4,Zambia,GDP|PPP [per capita],USD_2017/yr,2030,ZMB,3955.634771297643,3946.88,8.754771297642947,0.22181498544782075
OECD ENV-Growth 2023,SSP4,Zambia,GDP|PPP [per capita],USD_2017/yr,2035,ZMB,4444.182496888588,4435.85,8.33249688858723,0.18784442414840963
OECD ENV-Growth 2023,SSP4,Zambia,GDP|PPP [per capita],USD_2017/yr,2040,ZMB,4837.335499908241,4826.97,10.365499908240963,0.21474133686849023
OECD ENV-Growth 2023,SSP4,Zambia,GDP|PPP [per capita],USD_2017/yr,2045,ZMB,5165.828162995811,5149.9,15.928162995811363,0.3092907240103956
OECD ENV-Growth 2023,SSP4,Zambia,GDP|PPP [per capita],USD_2017/yr,2050,ZMB,5493.8151230901785,5472.09,21.725123090178386,0.39701691840189735
OECD ENV-Growth 2023,SSP4,Zambia,GDP|PPP [per capita],USD_2017/yr,2055,ZMB,5845.063902759348,5819.32,25.743902759348202,0.44238678676113713
OECD ENV-Growth 2023,SSP4,Zambia,GDP|PPP [per capita],USD_2017/yr,2060,ZMB,6204.000979190894,6175.57,28.430979190894504,0.460378219191014
OECD ENV-Growth 2023,SSP4,Zambia,GDP|PPP [per capita],USD_2017/yr,2065,ZMB,6589.060997154082,6558.85,30.21099715408127,0.4606142411258264
OECD ENV-Growth 2023,SSP4,Zambia,GDP|PPP [per capita],USD_2017/yr,2070,ZMB,6990.422266814252,6964.15,26.27226681425236,0.37725015707950527
OECD ENV-Growth 2023,SSP4,Zambia,GDP|PPP [per capita],USD_2017/yr,2075,ZMB,7438.729250620604,7408.35,30.37925062060367,0.41006770226303657
OECD ENV-Growth 2023,SSP4,Zambia,GDP|PPP [per capita],USD_2017/yr,2080,ZMB,7913.610940532081,7882.77,30.840940532080822,0.3912449625205457
OECD ENV-Growth 2023,SSP4,Zambia,GDP|PPP [per capita],USD_2017/yr,2085,ZMB,8392.713834488817,8362.99,29.723834488817374,0.3554211411088304
OECD ENV-Growth 2023,SSP4,Zambia,GDP|PPP [per capita],USD_2017/yr,2090,ZMB,8861.813792304365,8835.56,26.25379230436556,0.2971378419066314
OECD ENV-Growth 2023,SSP4,Zambia,GDP|PPP [per capita],USD_2017/yr,2095,ZMB,9320.539892699426,9301.4,19.139892699426127,0.20577432106377672
OECD ENV-Growth 2023,SSP4,Zambia,GDP|PPP [per capita],USD_2017/yr,2100,ZMB,9784.837151435328,9774.14,10.697151435328124,0.10944340305467412
OECD ENV-Growth 2023,SSP4,Zimbabwe,GDP|PPP [per capita],USD_2017/yr,2025,ZWE,2294.040679039812,2289.3,4.740679039811766,0.20707985147476374
OECD ENV-Growth 2023,SSP4,Zimbabwe,GDP|PPP [per capita],USD_2017/yr,2030,ZWE,2502.0963864934142,2495.85,6.24638649341432,0.2502709094462536
OECD ENV-Growth 2023,SSP4,Zimbabwe,GDP|PPP [per capita],USD_2017/yr,2035,ZWE,2776.959381404732,2770.48,6.479381404732067,0.23387215950781332
OECD ENV-Growth 2023,SSP4,Zimbabwe,GDP|PPP [per capita],USD_2017/yr,2040,ZWE,2984.3740697361663,2977.25,7.124069736166348,0.23928355818847422
OECD ENV-Growth 2023,SSP4,Zimbabwe,GDP|PPP [per capita],USD_2017/yr,2045,ZWE,3152.309872780577,3142.77,9.539872780576843,0.3035498232634537
OECD ENV-Growth 2023,SSP4,Zimbabwe,GDP|PPP [per capita],USD_2017/yr,2050,ZWE,3337.1927046150468,3324.05,13.142704615046569,0.3953822780958941
OECD ENV-Growth 2023,SSP4,Zimbabwe,GDP|PPP [per capita],USD_2017/yr,2055,ZWE,3561.936534621198,3544.79,17.146534621198043,0.48371087204596164
OECD ENV-Growth 2023,SSP4,Zimbabwe,GDP|PPP [per capita],USD_2017/yr,2060,ZWE,3837.5113242620982,3816.76,20.751324262098024,0.5436895236299379
OECD ENV-Growth 2023,SSP4,Zimbabwe,GDP|PPP [per capita],USD_2017/yr,2065,ZWE,4179.166917713769,4155.44,23.72691771376958,0.5709844857288178
OECD ENV-Growth 2023,SSP4,Zimbabwe,GDP|PPP [per capita],USD_2017/yr,2070,ZWE,4600.099026143875,4572.9,27.199026143875017,0.5947872497512523
OECD ENV-Growth 2023,SSP4,Zimbabwe,GDP|PPP [per capita],USD_2017/yr,2075,ZWE,5110.050814019171,5077.96,32.090814019171376,0.6319627176892172
OECD ENV-Growth 2023,SSP4,Zimbabwe,GDP|PPP [per capita],USD_2017/yr,2080,ZWE,5723.4251759853,5684.53,38.89517598529983,0.6842285287490757
OECD ENV-Growth 2023,SSP4,Zimbabwe,GDP|PPP [per capita],USD_2017/yr,2085,ZWE,6459.517782605365,6412.31,47.20778260536463,0.7362055578311814
OECD ENV-Growth 2023,SSP4,Zimbabwe,GDP|PPP [per capita],USD_2017/yr,2090,ZWE,7357.715796202727,7301.16,56.555796202726924,0.7746138449606217
OECD ENV-Growth 2023,SSP4,Zimbabwe,GDP|PPP [per capita],USD_2017/yr,2095,ZWE,8450.307176537208,8383.52,66.78717653720742,0.7966483832233645
OECD ENV-Growth 2023,SSP4,Zimbabwe,GDP|PPP [per capita],USD_2017/yr,2100,ZWE,9777.324230622677,9699,78.32423062267662,0.8075495476098218
OECD ENV-Growth 2023,SSP5,Antigua and Barbuda,GDP|PPP [per capita],USD_2017/yr,2025,ATG,24433.157040372833,24212.9,220.2570403728314,0.9096681536405445
OECD ENV-Growth 2023,SSP5,Antigua and Barbuda,GDP|PPP [per capita],USD_2017/yr,2030,ATG,27203.38983050844,27019.8,183.58983050844108,0.6794640615712961
OECD ENV-Growth 2023,SSP5,Antigua and Barbuda,GDP|PPP [per capita],USD_2017/yr,2035,ATG,31487.871674491395,31330.9,156.97167449139306,0.5010123376327941
OECD ENV-Growth 2023,SSP5,Antigua and Barbuda,GDP|PPP [per capita],USD_2017/yr,2040,ATG,37729.45015936027,37606.6,122.85015936027048,0.3266718059071293
OECD ENV-Growth 2023,SSP5,Antigua and Barbuda,GDP|PPP [per capita],USD_2017/yr,2045,ATG,45733.30464232921,45657.1,76.20464232921222,0.16690644462572574
OECD ENV-Growth 2023,SSP5,Aruba,GDP|PPP [per capita],USD_2017/yr,2025,ABW,42301.19485294118,41456.1,845.0948529411835,2.038529560043476
OECD ENV-Growth 2023,SSP5,Aruba,GDP|PPP [per capita],USD_2017/yr,2030,ABW,43247.73826407914,42449.7,798.0382640791431,1.8799620823684107
OECD ENV-Growth 2023,SSP5,Aruba,GDP|PPP [per capita],USD_2017/yr,2035,ABW,46433.449265060546,45657,776.4492650605462,1.700613849049535
OECD ENV-Growth 2023,SSP5,Aruba,GDP|PPP [per capita],USD_2017/yr,2040,ABW,51355.477665471146,50587.3,768.177665471143,1.5185188090116353
OECD ENV-Growth 2023,SSP5,Aruba,GDP|PPP [per capita],USD_2017/yr,2045,ABW,57524.34592451583,56775.7,748.645924515833,1.318602720029578
OECD ENV-Growth 2023,SSP5,Aruba,GDP|PPP [per capita],USD_2017/yr,2050,ABW,64330.57020849033,63635.2,695.3702084903343,1.0927445949574046
OECD ENV-Growth 2023,SSP5,Aruba,GDP|PPP [per capita],USD_2017/yr,2055,ABW,71942.03305430984,71335.2,606.8330543098418,0.8506782826849043
OECD ENV-Growth 2023,SSP5,Aruba,GDP|PPP [per capita],USD_2017/yr,2060,ABW,80758.19156206165,80243.9,514.291562061655,0.6409104767610436
OECD ENV-Growth 2023,SSP5,Aruba,GDP|PPP [per capita],USD_2017/yr,2065,ABW,90937.48237550052,90509.3,428.1823755005171,0.4730810817236649
OECD ENV-Growth 2023,SSP5,Aruba,GDP|PPP [per capita],USD_2017/yr,2070,ABW,102181.38633664604,101833,348.38633664604276,0.3421153620594923
OECD ENV-Growth 2023,SSP5,Aruba,GDP|PPP [per capita],USD_2017/yr,2075,ABW,114524.15651552232,114277,247.15651552232157,0.21627844231325777
OECD ENV-Growth 2023,SSP5,Australia,GDP|PPP [per capita],USD_2017/yr,2025,AUS,52086.543528944094,51255.3,831.2435289440909,1.6217708782196003
OECD ENV-Growth 2023,SSP5,Australia,GDP|PPP [per capita],USD_2017/yr,2030,AUS,56641.09192454624,55732.8,908.2919245462399,1.629725986396233
OECD ENV-Growth 2023,SSP5,Australia,GDP|PPP [per capita],USD_2017/yr,2035,AUS,63723.94163269967,62706.2,1017.7416326996754,1.623031905456997
OECD ENV-Growth 2023,SSP5,Australia,GDP|PPP [per capita],USD_2017/yr,2040,AUS,73537.45739658861,72401.5,1135.9573965886084,1.5689694227172206
OECD ENV-Growth 2023,SSP5,Australia,GDP|PPP [per capita],USD_2017/yr,2045,AUS,85164.08492990526,83936.9,1227.18492990527,1.462032705407598
OECD ENV-Growth 2023,SSP5,Australia,GDP|PPP [per capita],USD_2017/yr,2050,AUS,96786.9166735648,95531.2,1255.7166735648061,1.314457133967548
OECD ENV-Growth 2023,SSP5,Australia,GDP|PPP [per capita],USD_2017/yr,2055,AUS,108597.97323016037,107364,1233.9732301603653,1.149336118401294
OECD ENV-Growth 2023,SSP5,Australia,GDP|PPP [per capita],USD_2017/yr,2060,AUS,121276.55066505128,120083,1193.5506650512834,0.99393808037048
OECD ENV-Growth 2023,SSP5,Australia,GDP|PPP [per capita],USD_2017/yr,2065,AUS,135186.3603907382,134006,1180.3603907382058,0.8808265232438889
OECD ENV-Growth 2023,SSP5,Australia,GDP|PPP [per capita],USD_2017/yr,2070,AUS,150065.97467927143,148879,1186.9746792714286,0.7972747528337969
OECD ENV-Growth 2023,SSP5,Australia,GDP|PPP [per capita],USD_2017/yr,2075,AUS,165712.07182811818,164534,1178.0718281181762,0.7160050981062736
OECD ENV-Growth 2023,SSP5,Australia,GDP|PPP [per capita],USD_2017/yr,2080,AUS,182091.32684536892,180956,1135.3268453689234,0.6274049190791813
OECD ENV-Growth 2023,SSP5,Australia,GDP|PPP [per capita],USD_2017/yr,2085,AUS,199376.37618095468,198319,1057.376180954685,0.5331693791087515
OECD ENV-Growth 2023,SSP5,Australia,GDP|PPP [per capita],USD_2017/yr,2090,AUS,217736.7266970947,216818,918.7266970947094,0.42373174602418123
OECD ENV-Growth 2023,SSP5,Australia,GDP|PPP [per capita],USD_2017/yr,2095,AUS,237096.1152788175,236453,643.1152788175095,0.2719844023199154
OECD ENV-Growth 2023,SSP5,Austria,GDP|PPP [per capita],USD_2017/yr,2025,AUT,53236.22343501058,52990.8,245.4234350105762,0.46314347964283653
OECD ENV-Growth 2023,SSP5,Austria,GDP|PPP [per capita],USD_2017/yr,2030,AUT,57658.08581993663,57401.5,256.58581993662665,0.4470019423475461
OECD ENV-Growth 2023,SSP5,Austria,GDP|PPP [per capita],USD_2017/yr,2035,AUT,62468.23300934866,62196.8,271.4330093486569,0.4364099267947176
OECD ENV-Growth 2023,SSP5,Austria,GDP|PPP [per capita],USD_2017/yr,2040,AUT,68696.63129404833,68421.5,275.1312940483331,0.40211233902842397
OECD ENV-Growth 2023,SSP5,Austria,GDP|PPP [per capita],USD_2017/yr,2045,AUT,75533.39634218854,75280.2,253.1963421885448,0.3363385620502401
OECD ENV-Growth 2023,SSP5,Austria,GDP|PPP [per capita],USD_2017/yr,2050,AUT,82153.45811003998,81954.2,199.25811003998388,0.2431334941223072
OECD ENV-Growth 2023,SSP5,Austria,GDP|PPP [per capita],USD_2017/yr,2055,AUT,89087.81824255045,88968.6,119.21824255044339,0.13400035804816912
OECD ENV-Growth 2023,SSP5,Bahamas,GDP|PPP [per capita],USD_2017/yr,2025,BHS,36916.067792694135,36743,173.06779269413528,0.4710224878048479
OECD ENV-Growth 2023,SSP5,Bahamas,GDP|PPP [per capita],USD_2017/yr,2030,BHS,38968.926322101026,38797.4,171.52632210102456,0.44210777552368086
OECD ENV-Growth 2023,SSP5,Bahamas,GDP|PPP [per capita],USD_2017/yr,2035,BHS,42448.757216568,42276.2,172.55721656800597,0.4081663360661696
OECD ENV-Growth 2023,SSP5,Bahamas,GDP|PPP [per capita],USD_2017/yr,2040,BHS,47509.74662158362,47339.2,170.54662158362044,0.3602651113318781
OECD ENV-Growth 2023,SSP5,Bahamas,GDP|PPP [per capita],USD_2017/yr,2045,BHS,53706.42034874818,53542,164.4203487481791,0.30708667727798566
OECD ENV-Growth 2023,SSP5,Bahamas,GDP|PPP [per capita],USD_2017/yr,2050,BHS,60299.53820826566,60164.5,135.0382082656579,0.22444831797099268
OECD ENV-Growth 2023,SSP5,Bahamas,GDP|PPP [per capita],USD_2017/yr,2055,BHS,67413.88318675385,67311.5,102.3831867538538,0.15210355846156126
OECD ENV-Growth 2023,SSP5,Bahrain,GDP|PPP [per capita],USD_2017/yr,2025,BHR,51588.04725538051,50031.5,1556.5472553805084,3.1111344960285185
OECD ENV-Growth 2023,SSP5,Bahrain,GDP|PPP [per capita],USD_2017/yr,2030,BHR,53941.34292079534,52523.2,1418.1429207953406,2.7000314542818047
OECD ENV-Growth 2023,SSP5,Bahrain,GDP|PPP [per capita],USD_2017/yr,2035,BHR,58816.81974142675,57480.3,1336.519741426746,2.3251787854738857
OECD ENV-Growth 2023,SSP5,Bahrain,GDP|PPP [per capita],USD_2017/yr,2040,BHR,64695.15575401345,63435.3,1259.8557540134498,1.9860483894825907
OECD ENV-Growth 2023,SSP5,Bahrain,GDP|PPP [per capita],USD_2017/yr,2045,BHR,71353.5287843593,70184.9,1168.6287843593018,1.665071524443722
OECD ENV-Growth 2023,SSP5,Bahrain,GDP|PPP [per capita],USD_2017/yr,2050,BHR,78164.46231730802,77110.7,1053.762317308021,1.3665578412697863
OECD ENV-Growth 2023,SSP5,Bahrain,GDP|PPP [per capita],USD_2017/yr,2055,BHR,85753.60330267742,84818.9,934.7033026774297,1.1019988501117437
OECD ENV-Growth 2023,SSP5,Bahrain,GDP|PPP [per capita],USD_2017/yr,2060,BHR,94525.15894942166,93714.4,810.7589494216663,0.8651380678120614
OECD ENV-Growth 2023,SSP5,Bahrain,GDP|PPP [per capita],USD_2017/yr,2065,BHR,104795.49795351263,104086,709.4979535126331,0.6816459019586045
OECD ENV-Growth 2023,SSP5,Bahrain,GDP|PPP [per capita],USD_2017/yr,2070,BHR,115759.09694811824,115153,606.0969481182401,0.5263405626585848
OECD ENV-Growth 2023,SSP5,Bahrain,GDP|PPP [per capita],USD_2017/yr,2075,BHR,127607.797381055,127126,481.7973810550029,0.3789920087590288
OECD ENV-Growth 2023,SSP5,Bahrain,GDP|PPP [per capita],USD_2017/yr,2080,BHR,140426.92537199095,140103,323.9253719909466,0.23120516476517033
OECD ENV-Growth 2023,SSP5,Belarus,GDP|PPP [per capita],USD_2017/yr,2025,BLR,19582.70446253277,19555.5,27.204462532768957,0.1391141240713301
OECD ENV-Growth 2023,SSP5,Belgium,GDP|PPP [per capita],USD_2017/yr,2025,BEL,51619.0118863905,51295.4,323.6118863904994,0.630878960668012
OECD ENV-Growth 2023,SSP5,Belgium,GDP|PPP [per capita],USD_2017/yr,2030,BEL,54888.97843891409,54551.4,337.57843891408993,0.6188263526033978
OECD ENV-Growth 2023,SSP5,Belgium,GDP|PPP [per capita],USD_2017/yr,2035,BEL,58697.65865635664,58337.8,359.85865635663504,0.6168533204142683
OECD ENV-Growth 2023,SSP5,Belgium,GDP|PPP [per capita],USD_2017/yr,2040,BEL,63404.343441075056,63031.2,373.14344107505894,0.59199799634952055
OECD ENV-Growth 2023,SSP5,Belgium,GDP|PPP [per capita],USD_2017/yr,2045,BEL,68635.64050009994,68267.4,368.24050009994244,0.5394090006356511
OECD ENV-Growth 2023,SSP5,Belgium,GDP|PPP [per capita],USD_2017/yr,2050,BEL,74007.10688647287,73666.6,340.50688647286734,0.46222696102829136
OECD ENV-Growth 2023,SSP5,Belgium,GDP|PPP [per capita],USD_2017/yr,2055,BEL,79860.28956616714,79566.4,293.8895661671413,0.3693639101016778
OECD ENV-Growth 2023,SSP5,Belgium,GDP|PPP [per capita],USD_2017/yr,2060,BEL,86521.23247791147,86272.8,248.4324779114686,0.2879615335441397
OECD ENV-Growth 2023,SSP5,Belgium,GDP|PPP [per capita],USD_2017/yr,2065,BEL,94008.38277464845,93783.3,225.08277464844286,0.24000304387715388
OECD ENV-Growth 2023,SSP5,Belgium,GDP|PPP [per capita],USD_2017/yr,2070,BEL,101913.85661648418,101701,212.8566164841759,0.20929648330318867
OECD ENV-Growth 2023,SSP5,Belgium,GDP|PPP [per capita],USD_2017/yr,2075,BEL,110092.97549991122,109899,193.97549991121923,0.17650342579206293
OECD ENV-Growth 2023,SSP5,Belgium,GDP|PPP [per capita],USD_2017/yr,2080,BEL,118575.01415455544,118414,161.0141545554361,0.13597560639403797
OECD ENV-Growth 2023,SSP5,Belize,GDP|PPP [per capita],USD_2017/yr,2025,BLZ,10241.549996932848,10211.7,29.849996932847716,0.2923117300042864
OECD ENV-Growth 2023,SSP5,Belize,GDP|PPP [per capita],USD_2017/yr,2030,BLZ,10950.213702945208,10934.5,15.713702945207842,0.1437075581435625
OECD ENV-Growth 2023,SSP5,Botswana,GDP|PPP [per capita],USD_2017/yr,2025,BWA,16845.394014780126,16802.6,42.79401478012733,0.25468686262916057
OECD ENV-Growth 2023,SSP5,Botswana,GDP|PPP [per capita],USD_2017/yr,2030,BWA,19119.087214699317,19085.4,33.68721469931552,0.17650777400167414
OECD ENV-Growth 2023,SSP5,Botswana,GDP|PPP [per capita],USD_2017/yr,2035,BWA,22047.36440519975,22014.4,32.96440519974931,0.14974019369026323
OECD ENV-Growth 2023,SSP5,Botswana,GDP|PPP [per capita],USD_2017/yr,2040,BWA,25687.05388537137,25658.8,28.253885371370416,0.11011382204690172
OECD ENV-Growth 2023,SSP5,Canada,GDP|PPP [per capita],USD_2017/yr,2025,CAN,48122.69031704841,47504.4,618.290317048406,1.3015432613576972
OECD ENV-Growth 2023,SSP5,Canada,GDP|PPP [per capita],USD_2017/yr,2030,CAN,51783.75632149346,51111.6,672.1563214934649,1.3150758761092685
OECD ENV-Growth 2023,SSP5,Canada,GDP|PPP [per capita],USD_2017/yr,2035,CAN,57640.78140499567,56885.3,755.4814049956694,1.3280784402924295
OECD ENV-Growth 2023,SSP5,Canada,GDP|PPP [per capita],USD_2017/yr,2040,CAN,65812.15807535678,64963.6,848.5580753567847,1.3062054371321552
OECD ENV-Growth 2023,SSP5,Canada,GDP|PPP [per capita],USD_2017/yr,2045,CAN,75192.83532930333,74273.3,919.5353293033259,1.2380429162341322
OECD ENV-Growth 2023,SSP5,Canada,GDP|PPP [per capita],USD_2017/yr,2050,CAN,84415.50128701483,83475.8,939.7012870148319,1.125717018602795
OECD ENV-Growth 2023,SSP5,Canada,GDP|PPP [per capita],USD_2017/yr,2055,CAN,93904.85502121136,92986.3,918.5550212113594,0.9878390915773176
OECD ENV-Growth 2023,SSP5,Canada,GDP|PPP [per capita],USD_2017/yr,2060,CAN,103957.79712762345,103075,882.7971276234457,0.8564609533091883
OECD ENV-Growth 2023,SSP5,Canada,GDP|PPP [per capita],USD_2017/yr,2065,CAN,114927.39326107742,114054,873.3932610774209,0.7657717055757982
OECD ENV-Growth 2023,SSP5,Canada,GDP|PPP [per capita],USD_2017/yr,2070,CAN,126588.99560624512,125709,879.9956062451238,0.7000259378764637
OECD ENV-Growth 2023,SSP5,Canada,GDP|PPP [per capita],USD_2017/yr,2075,CAN,138687.10374329603,137816,871.1037432960293,0.6320773664132098
OECD ENV-Growth 2023,SSP5,Canada,GDP|PPP [per capita],USD_2017/yr,2080,CAN,151213.14847265012,150384,829.1484726501221,0.5513541817281906
OECD ENV-Growth 2023,SSP5,Canada,GDP|PPP [per capita],USD_2017/yr,2085,CAN,164334.61861610785,163582,752.6186161078513,0.46008644967530127
OECD ENV-Growth 2023,SSP5,Canada,GDP|PPP [per capita],USD_2017/yr,2090,CAN,178297.43250379805,177657,640.4325037980452,0.36048819005051597
OECD ENV-Growth 2023,SSP5,Canada,GDP|PPP [per capita],USD_2017/yr,2095,CAN,193099.97484681947,192677,422.9748468194739,0.21952534387574743
OECD ENV-Growth 2023,SSP5,Cyprus,GDP|PPP [per capita],USD_2017/yr,2025,CYP,33117.779380001266,32783.2,334.5793800012689,1.020581822400708
OECD ENV-Growth 2023,SSP5,Cyprus,GDP|PPP [per capita],USD_2017/yr,2030,CYP,36679.83494314527,36311.1,368.7349431452749,1.0154882202557205
OECD ENV-Growth 2023,SSP5,Cyprus,GDP|PPP [per capita],USD_2017/yr,2035,CYP,41454.450974643434,41049.3,405.15097464343125,0.9869863180210898
OECD ENV-Growth 2023,SSP5,Cyprus,GDP|PPP [per capita],USD_2017/yr,2040,CYP,47442.9908863202,47013.3,429.690886320197,0.9139772922134736
OECD ENV-Growth 2023,SSP5,Cyprus,GDP|PPP [per capita],USD_2017/yr,2045,CYP,54117.380107171826,53684.2,433.18010717182915,0.8069042794189524
OECD ENV-Growth 2023,SSP5,Cyprus,GDP|PPP [per capita],USD_2017/yr,2050,CYP,60813.81865258169,60405.1,408.7186525816942,0.6766293782837777
OECD ENV-Growth 2023,SSP5,Cyprus,GDP|PPP [per capita],USD_2017/yr,2055,CYP,67999.28021788658,67635.4,363.88021788658807,0.5380026108910246
OECD ENV-Growth 2023,SSP5,Cyprus,GDP|PPP [per capita],USD_2017/yr,2060,CYP,76109.70580278963,75792.5,317.20580278962734,0.41851872255121203
OECD ENV-Growth 2023,SSP5,Cyprus,GDP|PPP [per capita],USD_2017/yr,2065,CYP,85373.01970549392,85084.4,288.6197054939257,0.33921577338962927
OECD ENV-Growth 2023,SSP5,Cyprus,GDP|PPP [per capita],USD_2017/yr,2070,CYP,95586.90442056538,95324.6,262.3044205653714,0.2751697049506333
OECD ENV-Growth 2023,SSP5,Cyprus,GDP|PPP [per capita],USD_2017/yr,2075,CYP,106666.3010737578,106445,221.30107375780062,0.20790180258142762
OECD ENV-Growth 2023,SSP5,Cyprus,GDP|PPP [per capita],USD_2017/yr,2080,CYP,118688.45931385084,118527,161.45931385083531,0.13622154770713452
OECD ENV-Growth 2023,SSP5,Denmark,GDP|PPP [per capita],USD_2017/yr,2025,DNK,57520.83778008644,57371.7,149.13778008644294,0.2599500800681223
OECD ENV-Growth 2023,SSP5,Denmark,GDP|PPP [per capita],USD_2017/yr,2030,DNK,60549.98401238118,60393.1,156.8840123811824,0.2597714182268875
OECD ENV-Growth 2023,SSP5,Denmark,GDP|PPP [per capita],USD_2017/yr,2035,DNK,65137.24655338905,64969.8,167.44655338904704,0.2577298273798704
OECD ENV-Growth 2023,SSP5,Denmark,GDP|PPP [per capita],USD_2017/yr,2040,DNK,71537.2304801303,71369.7,167.5304801302991,0.2347361417104165
OECD ENV-Growth 2023,SSP5,Denmark,GDP|PPP [per capita],USD_2017/yr,2045,DNK,79133.78144227128,78984.5,149.2814422712836,0.18900093343793223
OECD ENV-Growth 2023,SSP5,Denmark,GDP|PPP [per capita],USD_2017/yr,2050,DNK,86756.72768069837,86651,105.72768069837184,0.12201553438318292
OECD ENV-Growth 2023,SSP5,Equatorial Guinea,GDP|PPP [per capita],USD_2017/yr,2025,GNQ,11734.652850527931,11584.1,150.5528505279308,1.2996508190358402
OECD ENV-Growth 2023,SSP5,Equatorial Guinea,GDP|PPP [per capita],USD_2017/yr,2030,GNQ,10150.986811770235,10049.9,101.08681177023573,1.0058489315340027
OECD ENV-Growth 2023,SSP5,Equatorial Guinea,GDP|PPP [per capita],USD_2017/yr,2035,GNQ,11258.53452367158,11141.9,116.63452367158061,1.0468100025272227
OECD ENV-Growth 2023,SSP5,Equatorial Guinea,GDP|PPP [per capita],USD_2017/yr,2040,GNQ,13219.189241108084,13087.5,131.6892411080844,1.0062215175402818
OECD ENV-Growth 2023,SSP5,Equatorial Guinea,GDP|PPP [per capita],USD_2017/yr,2045,GNQ,15949.242935540366,15809.3,139.9429355403663,0.8851937501367316
OECD ENV-Growth 2023,SSP5,Equatorial Guinea,GDP|PPP [per capita],USD_2017/yr,2050,GNQ,19279.665357276663,19135.4,144.26535727666123,0.7539186914130942
OECD ENV-Growth 2023,SSP5,Equatorial Guinea,GDP|PPP [per capita],USD_2017/yr,2055,GNQ,23321.9010929771,23170.8,151.10109297710005,0.6521185844990248
OECD ENV-Growth 2023,SSP5,Equatorial Guinea,GDP|PPP [per capita],USD_2017/yr,2060,GNQ,28280.754066218946,28118.1,162.65406621894726,0.5784674861350776
OECD ENV-Growth 2023,SSP5,Equatorial Guinea,GDP|PPP [per capita],USD_2017/yr,2065,GNQ,34265.985555327876,34086.7,179.28555532787868,0.5259692352966955
OECD ENV-Growth 2023,SSP5,Equatorial Guinea,GDP|PPP [per capita],USD_2017/yr,2070,GNQ,41129.812921311095,40934.1,195.71292131109658,0.4781170743001472
OECD ENV-Growth 2023,SSP5,Equatorial Guinea,GDP|PPP [per capita],USD_2017/yr,2075,GNQ,48992.621831721786,48777.5,215.1218317217863,0.441026767919197
OECD ENV-Growth 2023,SSP5,Equatorial Guinea,GDP|PPP [per capita],USD_2017/yr,2080,GNQ,57967.91776479478,57754.8,213.11776479477703,0.369004420056475
OECD ENV-Growth 2023,SSP5,Equatorial Guinea,GDP|PPP [per capita],USD_2017/yr,2085,GNQ,68140.46687173271,67942.1,198.36687173270911,0.291964587100942
OECD ENV-Growth 2023,SSP5,Equatorial Guinea,GDP|PPP [per capita],USD_2017/yr,2090,GNQ,79630.66225332186,79456.5,174.1622533218615,0.21919195197606425
OECD ENV-Growth 2023,SSP5,Equatorial Guinea,GDP|PPP [per capita],USD_2017/yr,2095,GNQ,92604.50160771706,92451.5,153.0016077170585,0.16549391596356847
OECD ENV-Growth 2023,SSP5,Equatorial Guinea,GDP|PPP [per capita],USD_2017/yr,2100,GNQ,107332.6565768426,107182,150.6565768425935,0.14056145326882638
OECD ENV-Growth 2023,SSP5,Finland,GDP|PPP [per capita],USD_2017/yr,2025,FIN,47741.13866139865,47681.5,59.638661398646946,0.12507715025459967
OECD ENV-Growth 2023,SSP5,France,GDP|PPP [per capita],USD_2017/yr,2025,FRA,46370.74450082889,46236.3,134.44450082888943,0.29077694544954813
OECD ENV-Growth 2023,SSP5,France,GDP|PPP [per capita],USD_2017/yr,2030,FRA,49490.81297230063,49347.4,143.41297230062628,0.29061910516182465
OECD ENV-Growth 2023,SSP5,France,GDP|PPP [per capita],USD_2017/yr,2035,FRA,53357.79909059279,53200.3,157.49909059278434,0.29604925271621463
OECD ENV-Growth 2023,SSP5,France,GDP|PPP [per capita],USD_2017/yr,2040,FRA,58610.182835155574,58443.1,167.0828351555756,0.2858897545742365
OECD ENV-Growth 2023,SSP5,France,GDP|PPP [per capita],USD_2017/yr,2045,FRA,64866.11326912559,64701,165.11326912559161,0.25519430785550706
OECD ENV-Growth 2023,SSP5,France,GDP|PPP [per capita],USD_2017/yr,2050,FRA,71458.09487472975,71314.6,143.4948747297458,0.20121388149095107
OECD ENV-Growth 2023,SSP5,France,GDP|PPP [per capita],USD_2017/yr,2055,FRA,78542.93452851936,78440.3,102.6345285193529,0.13084413052901747
OECD ENV-Growth 2023,SSP5,Gabon,GDP|PPP [per capita],USD_2017/yr,2025,GAB,14330.65939144304,14303.9,26.75939144303993,0.18707759032879095
OECD ENV-Growth 2023,SSP5,Greece,GDP|PPP [per capita],USD_2017/yr,2025,GRC,32453.3089164709,32339.1,114.2089164709032,0.3531604666515247
OECD ENV-Growth 2023,SSP5,Greece,GDP|PPP [per capita],USD_2017/yr,2030,GRC,36339.02927727027,36237,102.0292772702669,0.2815610488458396
OECD ENV-Growth 2023,SSP5,Greece,GDP|PPP [per capita],USD_2017/yr,2035,GRC,40636.66176636889,40545.6,91.06176636888995,0.22459099475378327
OECD ENV-Growth 2023,SSP5,Greece,GDP|PPP [per capita],USD_2017/yr,2040,GRC,46354.06688478102,46273.4,80.66688478102151,0.17432668613290034
OECD ENV-Growth 2023,SSP5,Greece,GDP|PPP [per capita],USD_2017/yr,2045,GRC,52716.87204201608,52649.6,67.27204201608401,0.12777313031074122
OECD ENV-Growth 2023,SSP5,Hong Kong,GDP|PPP [per capita],USD_2017/yr,2025,HKG,63014.65370962042,62367.6,647.0537096204207,1.0374837409495006
OECD ENV-Growth 2023,SSP5,Hong Kong,GDP|PPP [per capita],USD_2017/yr,2030,HKG,70196.31871537256,69576.8,619.5187153725565,0.8904099000996833
OECD ENV-Growth 2023,SSP5,Hong Kong,GDP|PPP [per capita],USD_2017/yr,2035,HKG,76081.47969644213,75505.6,575.8796964421199,0.7626979938469727
OECD ENV-Growth 2023,SSP5,Hong Kong,GDP|PPP [per capita],USD_2017/yr,2040,HKG,79525.21780040557,79020.8,504.41780040557205,0.6383354767422906
OECD ENV-Growth 2023,SSP5,Hong Kong,GDP|PPP [per capita],USD_2017/yr,2045,HKG,81503.57258628654,81092.5,411.07258628653653,0.5069181321164553
OECD ENV-Growth 2023,SSP5,Hong Kong,GDP|PPP [per capita],USD_2017/yr,2050,HKG,82735.09004056024,82440.9,294.19004056025005,0.3568496226511963
OECD ENV-Growth 2023,SSP5,Hong Kong,GDP|PPP [per capita],USD_2017/yr,2055,HKG,84143.02649286554,84002.1,140.92649286553205,0.16776544022772294
OECD ENV-Growth 2023,SSP5,Hungary,GDP|PPP [per capita],USD_2017/yr,2025,HUN,36092.213288201776,35995,97.21328820177587,0.27007442200798965
OECD ENV-Growth 2023,SSP5,Hungary,GDP|PPP [per capita],USD_2017/yr,2030,HUN,41820.73911660397,41737.5,83.23911660396698,0.19943484062046596
OECD ENV-Growth 2023,SSP5,Hungary,GDP|PPP [per capita],USD_2017/yr,2035,HUN,48503.87197619492,48439.6,64.27197619491926,0.1326847789719966
OECD ENV-Growth 2023,SSP5,Iran,GDP|PPP [per capita],USD_2017/yr,2025,IRN,16250.342646802634,16221.2,29.142646802632953,0.17965777379375725
OECD ENV-Growth 2023,SSP5,Iran,GDP|PPP [per capita],USD_2017/yr,2030,IRN,17389.457643027552,17370.7,18.75764302755124,0.10798438190488142
OECD ENV-Growth 2023,SSP5,Ireland,GDP|PPP [per capita],USD_2017/yr,2025,IRL,113167.6545074246,112711,456.65450742459507,0.4051552265746866
OECD ENV-Growth 2023,SSP5,Ireland,GDP|PPP [per capita],USD_2017/yr,2030,IRL,123222.469942571,122660,562.4699425709987,0.4585602010198913
OECD ENV-Growth 2023,SSP5,Ireland,GDP|PPP [per capita],USD_2017/yr,2035,IRL,134856.84368218065,134179,677.8436821806536,0.5051786659467231
OECD ENV-Growth 2023,SSP5,Ireland,GDP|PPP [per capita],USD_2017/yr,2040,IRL,151006.47894240834,150257,749.4789424083428,0.4987980209962549
OECD ENV-Growth 2023,SSP5,Ireland,GDP|PPP [per capita],USD_2017/yr,2045,IRL,171972.35705541263,171230,742.3570554126345,0.433543803896884
OECD ENV-Growth 2023,SSP5,Ireland,GDP|PPP [per capita],USD_2017/yr,2050,IRL,195713.29508920127,195072,641.2950892012741,0.3287478926761781
OECD ENV-Growth 2023,SSP5,Ireland,GDP|PPP [per capita],USD_2017/yr,2055,IRL,220400.155027421,219926,474.1550274209876,0.21559753163381667
OECD ENV-Growth 2023,SSP5,Ireland,GDP|PPP [per capita],USD_2017/yr,2060,IRL,246179.6027253195,245899,280.60272531950613,0.1141129997761301
OECD ENV-Growth 2023,SSP5,Israel,GDP|PPP [per capita],USD_2017/yr,2025,ISR,46906.92766549204,46624.8,282.1276654920366,0.6051021462655852
OECD ENV-Growth 2023,SSP5,Israel,GDP|PPP [per capita],USD_2017/yr,2030,ISR,52362.51920122888,52085.5,277.0192012288826,0.5318547412022205
OECD ENV-Growth 2023,SSP5,Israel,GDP|PPP [per capita],USD_2017/yr,2035,ISR,59291.48002594811,59009.2,282.2800259481155,0.4783661292613957
OECD ENV-Growth 2023,SSP5,Israel,GDP|PPP [per capita],USD_2017/yr,2040,ISR,67869.86177130345,67588.1,281.7617713034415,0.41688073980987994
OECD ENV-Growth 2023,SSP5,Israel,GDP|PPP [per capita],USD_2017/yr,2045,ISR,77120.1915704196,76861.7,258.4915704196028,0.3363073812049471
OECD ENV-Growth 2023,SSP5,Israel,GDP|PPP [per capita],USD_2017/yr,2050,ISR,85790.33350451395,85589.7,200.63350451395672,0.23441314143402386
OECD ENV-Growth 2023,SSP5,Israel,GDP|PPP [per capita],USD_2017/yr,2055,ISR,94865.96026579967,94754.7,111.26026579967584,0.11741925814727486
OECD ENV-Growth 2023,SSP5,Italy,GDP|PPP [per capita],USD_2017/yr,2025,ITA,41576.95590840593,41304,272.9559084059292,0.6608461853717055
OECD ENV-Growth 2023,SSP5,Italy,GDP|PPP [per capita],USD_2017/yr,2030,ITA,43859.99767823735,43578.4,281.5976782373473,0.6461863635134546
OECD ENV-Growth 2023,SSP5,Italy,GDP|PPP [per capita],USD_2017/yr,2035,ITA,47803.582398358056,47510,293.5823983580558,0.617938114834889
OECD ENV-Growth 2023,SSP5,Italy,GDP|PPP [per capita],USD_2017/yr,2040,ITA,53241.08901210122,52939.4,301.6890121012184,0.5698761453685127
OECD ENV-Growth 2023,SSP5,Italy,GDP|PPP [per capita],USD_2017/yr,2045,ITA,59812.41103392503,59513.2,299.21103392503574,0.5027641496760983
OECD ENV-Growth 2023,SSP5,Italy,GDP|PPP [per capita],USD_2017/yr,2050,ITA,66597.33211882127,66319,278.33211882127216,0.4196868451292573
OECD ENV-Growth 2023,SSP5,Italy,GDP|PPP [per capita],USD_2017/yr,2055,ITA,73764.1340736136,73526.7,237.43407361360732,0.32292224948706705
OECD ENV-Growth 2023,SSP5,Italy,GDP|PPP [per capita],USD_2017/yr,2060,ITA,81454.96275086283,81272.7,182.26275086283567,0.22426073067934948
OECD ENV-Growth 2023,SSP5,Italy,GDP|PPP [per capita],USD_2017/yr,2065,ITA,89803.69685274223,89668.7,134.99685274223157,0.1505506968900314
OECD ENV-Growth 2023,SSP5,Italy,GDP|PPP [per capita],USD_2017/yr,2070,ITA,98533.3499957475,98432.7,100.64999574750254,0.1022526007592015
OECD ENV-Growth 2023,SSP5,Japan,GDP|PPP [per capita],USD_2017/yr,2025,JPN,44789.79934318169,44607.6,182.19934318168816,0.40844910549253527
OECD ENV-Growth 2023,SSP5,Japan,GDP|PPP [per capita],USD_2017/yr,2030,JPN,47775.40333742258,47600.1,175.3033374225779,0.36828354861140605
OECD ENV-Growth 2023,SSP5,Japan,GDP|PPP [per capita],USD_2017/yr,2035,JPN,53053.93189318228,52881,172.93189318227815,0.3270208452606383
OECD ENV-Growth 2023,SSP5,Japan,GDP|PPP [per capita],USD_2017/yr,2040,JPN,60333.023226009114,60143.5,189.5232260091143,0.3151183852105619
OECD ENV-Growth 2023,SSP5,Japan,GDP|PPP [per capita],USD_2017/yr,2045,JPN,69109.59795580643,68898.6,210.9979558064224,0.30624418465167996
OECD ENV-Growth 2023,SSP5,Japan,GDP|PPP [per capita],USD_2017/yr,2050,JPN,78051.04962311094,77820,231.04962311094278,0.2969026254316921
OECD ENV-Growth 2023,SSP5,Japan,GDP|PPP [per capita],USD_2017/yr,2055,JPN,86968.74123318621,86734,234.74123318621423,0.27064499871586023
OECD ENV-Growth 2023,SSP5,Japan,GDP|PPP [per capita],USD_2017/yr,2060,JPN,96075.62238996534,95845.7,229.92238996534434,0.23988805962640408
OECD ENV-Growth 2023,SSP5,Japan,GDP|PPP [per capita],USD_2017/yr,2065,JPN,105702.57203023708,105471,231.57203023707552,0.21955990768749278
OECD ENV-Growth 2023,SSP5,Japan,GDP|PPP [per capita],USD_2017/yr,2070,JPN,115901.94681319874,115655,246.9468131987378,0.21352022238445184
OECD ENV-Growth 2023,SSP5,Japan,GDP|PPP [per capita],USD_2017/yr,2075,JPN,126646.87480758532,126377,269.87480758532183,0.21354740782367188
OECD ENV-Growth 2023,SSP5,Japan,GDP|PPP [per capita],USD_2017/yr,2080,JPN,137851.11963254615,137559,292.11963254614966,0.21235952031212038
OECD ENV-Growth 2023,SSP5,Japan,GDP|PPP [per capita],USD_2017/yr,2085,JPN,149420.77168535127,149121,299.7716853512684,0.201025801430562
OECD ENV-Growth 2023,SSP5,Japan,GDP|PPP [per capita],USD_2017/yr,2090,JPN,161279.6919710655,160993,286.69197106550564,0.1780772897365138
OECD ENV-Growth 2023,SSP5,Japan,GDP|PPP [per capita],USD_2017/yr,2095,JPN,173393.05794751935,173165,228.05794751935173,0.13169979356068012
OECD ENV-Growth 2023,SSP5,Jordan,GDP|PPP [per capita],USD_2017/yr,2025,JOR,9597.26788329312,9573.51,23.75788329311945,0.2481627249892615
OECD ENV-Growth 2023,SSP5,Jordan,GDP|PPP [per capita],USD_2017/yr,2030,JOR,10265.638006334564,10246.9,18.73800633456449,0.18286512344772066
OECD ENV-Growth 2023,SSP5,Jordan,GDP|PPP [per capita],USD_2017/yr,2035,JOR,11609.431545995512,11593.4,16.031545995512715,0.13828166021626714
OECD ENV-Growth 2023,SSP5,Kuwait,GDP|PPP [per capita],USD_2017/yr,2025,KWT,47704.270381124574,47122,582.2703811245738,1.235665678716043
OECD ENV-Growth 2023,SSP5,Kuwait,GDP|PPP [per capita],USD_2017/yr,2030,KWT,50901.652422649895,50475.5,426.152422649895,0.8442757826071956
OECD ENV-Growth 2023,SSP5,Kuwait,GDP|PPP [per capita],USD_2017/yr,2035,KWT,56037.54449942246,55663.6,373.9444994224614,0.6717935947773076
OECD ENV-Growth 2023,SSP5,Kuwait,GDP|PPP [per capita],USD_2017/yr,2040,KWT,62791.52839735511,62477.4,314.1283973551108,0.5027872436354759
OECD ENV-Growth 2023,SSP5,Kuwait,GDP|PPP [per capita],USD_2017/yr,2045,KWT,70237.56218970915,70002.8,234.76218970914488,0.33536114228165853
OECD ENV-Growth 2023,SSP5,Kuwait,GDP|PPP [per capita],USD_2017/yr,2050,KWT,78299.58307652894,78167.5,132.0830765289429,0.16897441587481105
OECD ENV-Growth 2023,SSP5,Luxembourg,GDP|PPP [per capita],USD_2017/yr,2025,LUX,115143.6229009252,113293,1850.6229009251983,1.6334838877293374
OECD ENV-Growth 2023,SSP5,Luxembourg,GDP|PPP [per capita],USD_2017/yr,2030,LUX,125533.32103115188,123650,1883.3210311518778,1.5231063737580897
OECD ENV-Growth 2023,SSP5,Luxembourg,GDP|PPP [per capita],USD_2017/yr,2035,LUX,131815.63590450905,129983,1832.6359045090503,1.4099042986460153
OECD ENV-Growth 2023,SSP5,Luxembourg,GDP|PPP [per capita],USD_2017/yr,2040,LUX,137065.02486677133,135353,1712.0248667713313,1.2648591954159356
OECD ENV-Growth 2023,SSP5,Luxembourg,GDP|PPP [per capita],USD_2017/yr,2045,LUX,141408.35252869487,139861,1547.3525286948716,1.1063502539627714
OECD ENV-Growth 2023,SSP5,Luxembourg,GDP|PPP [per capita],USD_2017/yr,2050,LUX,145952.6535729699,144601,1351.6535729698953,0.9347470439138701
OECD ENV-Growth 2023,SSP5,Luxembourg,GDP|PPP [per capita],USD_2017/yr,2055,LUX,151082.1224068601,149965,1117.122406860086,0.7449220863935491
OECD ENV-Growth 2023,SSP5,Luxembourg,GDP|PPP [per capita],USD_2017/yr,2060,LUX,157188.35575986328,156313,875.355759863276,0.5600018935490176
OECD ENV-Growth 2023,SSP5,Luxembourg,GDP|PPP [per capita],USD_2017/yr,2065,LUX,164693.34258224358,164003,690.342582243582,0.4209328989369597
OECD ENV-Growth 2023,SSP5,Luxembourg,GDP|PPP [per capita],USD_2017/yr,2070,LUX,172901.4437226871,172349,552.4437226871087,0.3205378172702532
OECD ENV-Growth 2023,SSP5,Luxembourg,GDP|PPP [per capita],USD_2017/yr,2075,LUX,181438.3336077723,181019,419.333607772307,0.23165170936327514
OECD ENV-Growth 2023,SSP5,Luxembourg,GDP|PPP [per capita],USD_2017/yr,2080,LUX,190146.1961953761,189875,271.1961953761056,0.1428288059913657
OECD ENV-Growth 2023,SSP5,Macao,GDP|PPP [per capita],USD_2017/yr,2025,MAC,118446.34906914608,115497,2949.3490691460756,2.553615305285917
OECD ENV-Growth 2023,SSP5,Macao,GDP|PPP [per capita],USD_2017/yr,2030,MAC,136059.70470665823,133120,2939.704706658231,2.2083118289199453
OECD ENV-Growth 2023,SSP5,Macao,GDP|PPP [per capita],USD_2017/yr,2035,MAC,155668.1925378143,152762,2906.1925378142914,1.902431584958492
OECD ENV-Growth 2023,SSP5,Macao,GDP|PPP [per capita],USD_2017/yr,2040,MAC,173371.36359881636,170619,2752.3635988163587,1.6131635977331706
OECD ENV-Growth 2023,SSP5,Macao,GDP|PPP [per capita],USD_2017/yr,2045,MAC,186425.2679101213,183987,2438.2679101213,1.3252392343596557
OECD ENV-Growth 2023,SSP5,Macao,GDP|PPP [per capita],USD_2017/yr,2050,MAC,194482.12118175035,192522,1960.12118175035,1.0181284122076177
OECD ENV-Growth 2023,SSP5,Macao,GDP|PPP [per capita],USD_2017/yr,2055,MAC,200071.94391820795,198653,1418.9439182079514,0.7142826527703842
OECD ENV-Growth 2023,SSP5,Macao,GDP|PPP [per capita],USD_2017/yr,2060,MAC,204663.8465231244,203792,871.8465231244045,0.4278119470462062
OECD ENV-Growth 2023,SSP5,Macao,GDP|PPP [per capita],USD_2017/yr,2065,MAC,209083.103132901,208670,413.10313290098566,0.1979695849432049
OECD ENV-Growth 2023,SSP5,Malaysia,GDP|PPP [per capita],USD_2017/yr,2025,MYS,31396.843336927977,31185.7,211.14333692797663,0.6770517799118718
OECD ENV-Growth 2023,SSP5,Malaysia,GDP|PPP [per capita],USD_2017/yr,2030,MYS,36435.766220604295,36209.1,226.66622060429654,0.6259924179399559
OECD ENV-Growth 2023,SSP5,Malaysia,GDP|PPP [per capita],USD_2017/yr,2035,MYS,42302.03379160056,42056.2,245.8337916005621,0.5845363860752092
OECD ENV-Growth 2023,SSP5,Malaysia,GDP|PPP [per capita],USD_2017/yr,2040,MYS,48348.97523911189,48094.9,254.07523911188764,0.5282789632827756
OECD ENV-Growth 2023,SSP5,Malaysia,GDP|PPP [per capita],USD_2017/yr,2045,MYS,54289.327921909215,54048.2,241.12792190921755,0.4461349719495146
OECD ENV-Growth 2023,SSP5,Malaysia,GDP|PPP [per capita],USD_2017/yr,2050,MYS,59927.31083382344,59730.6,196.71083382343932,0.32933008177289247
OECD ENV-Growth 2023,SSP5,Malaysia,GDP|PPP [per capita],USD_2017/yr,2055,MYS,65632.76173127112,65511,121.7617312711227,0.18586455903760085
OECD ENV-Growth 2023,SSP5,Maldives,GDP|PPP [per capita],USD_2017/yr,2025,MDV,24560.401876591495,24238.5,321.90187659149524,1.3280602206881418
OECD ENV-Growth 2023,SSP5,Maldives,GDP|PPP [per capita],USD_2017/yr,2030,MDV,29684.22951388776,29350.2,334.0295138877591,1.1380825816783502
OECD ENV-Growth 2023,SSP5,Maldives,GDP|PPP [per capita],USD_2017/yr,2035,MDV,35559.881028092015,35202.7,357.1810280920181,1.014641002229994
OECD ENV-Growth 2023,SSP5,Maldives,GDP|PPP [per capita],USD_2017/yr,2040,MDV,42099.01092767847,41716.2,382.8109276784744,0.9176553177865541
OECD ENV-Growth 2023,SSP5,Maldives,GDP|PPP [per capita],USD_2017/yr,2045,MDV,48689.441598263984,48298.2,391.2415982639868,0.8100542013242457
OECD ENV-Growth 2023,SSP5,Maldives,GDP|PPP [per capita],USD_2017/yr,2050,MDV,54980.2702379529,54612.3,367.97023795289715,0.6737863777077638
OECD ENV-Growth 2023,SSP5,Maldives,GDP|PPP [per capita],USD_2017/yr,2055,MDV,61406.98249616932,61086.4,320.58249616932153,0.5248017499301342
OECD ENV-Growth 2023,SSP5,Maldives,GDP|PPP [per capita],USD_2017/yr,2060,MDV,68517.71978541068,68243.8,273.9197854106751,0.40138413366587894
OECD ENV-Growth 2023,SSP5,Maldives,GDP|PPP [per capita],USD_2017/yr,2065,MDV,76592.38175440034,76347.2,245.18175440034247,0.3211404667104262
OECD ENV-Growth 2023,SSP5,Maldives,GDP|PPP [per capita],USD_2017/yr,2070,MDV,84797.08053631704,84581.8,215.2805363170337,0.2545234746919948
OECD ENV-Growth 2023,SSP5,Maldives,GDP|PPP [per capita],USD_2017/yr,2075,MDV,93180.10129842476,93007.1,173.00129842475872,0.1860087008677388
OECD ENV-Growth 2023,SSP5,Maldives,GDP|PPP [per capita],USD_2017/yr,2080,MDV,101600.82646426656,101495,105.82646426655992,0.10426766270905949
OECD ENV-Growth 2023,SSP5,Malta,GDP|PPP [per capita],USD_2017/yr,2025,MLT,56063.82260785731,55617.8,446.0226078573105,0.8019421981044026
OECD ENV-Growth 2023,SSP5,Malta,GDP|PPP [per capita],USD_2017/yr,2030,MLT,65728.90750837499,65273.9,455.0075083749907,0.6970741879602578
OECD ENV-Growth 2023,SSP5,Malta,GDP|PPP [per capita],USD_2017/yr,2035,MLT,76852.76859481032,76387.2,465.56859481032006,0.6094850901856856
OECD ENV-Growth 2023,SSP5,Malta,GDP|PPP [per capita],USD_2017/yr,2040,MLT,87418.30517734306,86961.6,456.7051773430576,0.5251802834159647
OECD ENV-Growth 2023,SSP5,Malta,GDP|PPP [per capita],USD_2017/yr,2045,MLT,97109.60062692604,96679.1,430.5006269260339,0.4452882028546334
OECD ENV-Growth 2023,SSP5,Malta,GDP|PPP [per capita],USD_2017/yr,2050,MLT,105556.6271576006,105178,378.62715760059655,0.35998702922721154
OECD ENV-Growth 2023,SSP5,Malta,GDP|PPP [per capita],USD_2017/yr,2055,MLT,113854.350106035,113575,279.3501060349954,0.2459609122033858
OECD ENV-Growth 2023,SSP5,Malta,GDP|PPP [per capita],USD_2017/yr,2060,MLT,122878.19232642,122743,135.19232642000134,0.11014259584660742
OECD ENV-Growth 2023,SSP5,Netherlands,GDP|PPP [per capita],USD_2017/yr,2025,NLD,57485.039580950666,57382.4,102.63958095066482,0.17886944594625673
OECD ENV-Growth 2023,SSP5,Netherlands,GDP|PPP [per capita],USD_2017/yr,2030,NLD,62339.55847341775,62235.6,103.95847341774788,0.1670402043488741
OECD ENV-Growth 2023,SSP5,Netherlands,GDP|PPP [per capita],USD_2017/yr,2035,NLD,68055.29417434601,67945.8,109.49417434600764,0.1611492900900536
OECD ENV-Growth 2023,SSP5,Netherlands,GDP|PPP [per capita],USD_2017/yr,2040,NLD,75208.29542354077,75104.1,104.19542354076111,0.13873466766895695
OECD ENV-Growth 2023,SSP5,New Caledonia,GDP|PPP [per capita],USD_2017/yr,2025,NCL,39412.014342091636,39261.3,150.71434209163272,0.38387506804826305
OECD ENV-Growth 2023,SSP5,New Caledonia,GDP|PPP [per capita],USD_2017/yr,2030,NCL,47711.26084004765,47565.3,145.96084004764998,0.3068641216341534
OECD ENV-Growth 2023,SSP5,New Caledonia,GDP|PPP [per capita],USD_2017/yr,2035,NCL,57576.01030459722,57441.2,134.81030459722388,0.23469270244567295
OECD ENV-Growth 2023,SSP5,New Caledonia,GDP|PPP [per capita],USD_2017/yr,2040,NCL,68785.6704625376,68664.2,121.47046253760345,0.1769050866937989
OECD ENV-Growth 2023,SSP5,New Caledonia,GDP|PPP [per capita],USD_2017/yr,2045,NCL,80172.85782880092,80078,94.85782880091574,0.11845679063028015
OECD ENV-Growth 2023,SSP5,New Zealand,GDP|PPP [per capita],USD_2017/yr,2025,NZL,43112.47334940061,42781.8,330.6733494006039,0.7729299594701576
OECD ENV-Growth 2023,SSP5,New Zealand,GDP|PPP [per capita],USD_2017/yr,2030,NZL,47274.98085699152,46913.3,361.6808569915156,0.7709559058764052
OECD ENV-Growth 2023,SSP5,New Zealand,GDP|PPP [per capita],USD_2017/yr,2035,NZL,52936.67545078711,52541.1,395.57545078710973,0.7528876456471405
OECD ENV-Growth 2023,SSP5,New Zealand,GDP|PPP [per capita],USD_2017/yr,2040,NZL,60349.74749022971,59929.9,419.84749022970936,0.7005643096846638
OECD ENV-Growth 2023,SSP5,New Zealand,GDP|PPP [per capita],USD_2017/yr,2045,NZL,69046.2545464695,68623.5,422.7545464694995,0.6160492345472024
OECD ENV-Growth 2023,SSP5,New Zealand,GDP|PPP [per capita],USD_2017/yr,2050,NZL,77566.79294605115,77176.9,389.8929460511572,0.5051938417468922
OECD ENV-Growth 2023,SSP5,New Zealand,GDP|PPP [per capita],USD_2017/yr,2055,NZL,86053.64609093232,85726.6,327.04609093231556,0.38149896406986344
OECD ENV-Growth 2023,SSP5,New Zealand,GDP|PPP [per capita],USD_2017/yr,2060,NZL,95009.41633066456,94760.3,249.11633066456125,0.2628910320720399
OECD ENV-Growth 2023,SSP5,New Zealand,GDP|PPP [per capita],USD_2017/yr,2065,NZL,104584.68774490432,104404,180.68774490432406,0.1730659217121222
OECD ENV-Growth 2023,SSP5,Norway,GDP|PPP [per capita],USD_2017/yr,2025,NOR,66128.73893102695,65549,579.73893102695,0.884435965502067
OECD ENV-Growth 2023,SSP5,Norway,GDP|PPP [per capita],USD_2017/yr,2030,NOR,70017.55623073094,69387.3,630.2562307309418,0.9083164076580897
OECD ENV-Growth 2023,SSP5,Norway,GDP|PPP [per capita],USD_2017/yr,2035,NOR,75585.22982820625,74896.2,689.0298282062577,0.9199796894986098
OECD ENV-Growth 2023,SSP5,Norway,GDP|PPP [per capita],USD_2017/yr,2040,NOR,83311.04610510901,82574.1,736.9461051090038,0.8924664090907485
OECD ENV-Growth 2023,SSP5,Norway,GDP|PPP [per capita],USD_2017/yr,2045,NOR,92426.96905850216,91666.4,760.5690585021657,0.8297141138979667
OECD ENV-Growth 2023,SSP5,Norway,GDP|PPP [per capita],USD_2017/yr,2050,NOR,101565.758208298,100821,744.7582082979934,0.7386935343807276
OECD ENV-Growth 2023,SSP5,Norway,GDP|PPP [per capita],USD_2017/yr,2055,NOR,111070.8945928498,110363,707.8945928497997,0.6414238402814346
OECD ENV-Growth 2023,SSP5,Norway,GDP|PPP [per capita],USD_2017/yr,2060,NOR,121348.62650126495,120673,675.6265012649528,0.5598820790607284
OECD ENV-Growth 2023,SSP5,Norway,GDP|PPP [per capita],USD_2017/yr,2065,NOR,132606.38998862766,131934,672.3899886276631,0.5096411756087613
OECD ENV-Growth 2023,SSP5,Norway,GDP|PPP [per capita],USD_2017/yr,2070,NOR,144252.9045117114,143578,674.9045117113856,0.47006122923524885
OECD ENV-Growth 2023,SSP5,Norway,GDP|PPP [per capita],USD_2017/yr,2075,NOR,156124.64811663263,155469,655.6481166326266,0.4217227335562888
OECD ENV-Growth 2023,SSP5,Norway,GDP|PPP [per capita],USD_2017/yr,2080,NOR,168314.36564874573,167701,613.3656487457338,0.365749547555312
OECD ENV-Growth 2023,SSP5,Norway,GDP|PPP [per capita],USD_2017/yr,2085,NOR,181094.5873526259,180554,540.5873526259093,0.29940480555728993
OECD ENV-Growth 2023,SSP5,Norway,GDP|PPP [per capita],USD_2017/yr,2090,NOR,194569.12286728888,194149,420.12286728888284,0.21639198105006097
OECD ENV-Growth 2023,SSP5,Oman,GDP|PPP [per capita],USD_2017/yr,2025,OMN,34676.12748951618,34538.3,137.82748951617396,0.3990569585537619
OECD ENV-Growth 2023,SSP5,Oman,GDP|PPP [per capita],USD_2017/yr,2030,OMN,37843.240935114234,37726,117.24093511423416,0.31076958891542744
OECD ENV-Growth 2023,SSP5,Oman,GDP|PPP [per capita],USD_2017/yr,2035,OMN,43123.37086620374,43021.2,102.17086620374175,0.23748957770527498
OECD ENV-Growth 2023,SSP5,Oman,GDP|PPP [per capita],USD_2017/yr,2040,OMN,50353.68046924307,50266.4,87.28046924306545,0.17363580690693076
OECD ENV-Growth 2023,SSP5,Papua New Guinea,GDP|PPP [per capita],USD_2017/yr,2025,PNG,3468.6412442894234,3464.39,4.251244289423539,0.12271263597411201
OECD ENV-Growth 2023,SSP5,Qatar,GDP|PPP [per capita],USD_2017/yr,2025,QAT,90873.31814571096,86217.3,4656.0181457109575,5.400329337280287
OECD ENV-Growth 2023,SSP5,Qatar,GDP|PPP [per capita],USD_2017/yr,2030,QAT,95033.8332078391,91214,3819.833207839096,4.187770745542456
OECD ENV-Growth 2023,SSP5,Qatar,GDP|PPP [per capita],USD_2017/yr,2035,QAT,97146.34354081456,93984.3,3162.0435408145568,3.364438039985994
OECD ENV-Growth 2023,SSP5,Qatar,GDP|PPP [per capita],USD_2017/yr,2040,QAT,99384.75442628015,96746.1,2638.654426280147,2.7274013384313656
OECD ENV-Growth 2023,SSP5,Qatar,GDP|PPP [per capita],USD_2017/yr,2045,QAT,102523.58216932404,100329,2194.582169324043,2.1873856704682026
OECD ENV-Growth 2023,SSP5,Qatar,GDP|PPP [per capita],USD_2017/yr,2050,QAT,106782.67332759184,105000,1782.6733275918377,1.6977841215160359
OECD ENV-Growth 2023,SSP5,Qatar,GDP|PPP [per capita],USD_2017/yr,2055,QAT,112177.39468996903,110774,1403.3946899690345,1.2668989925154228
OECD ENV-Growth 2023,SSP5,Qatar,GDP|PPP [per capita],USD_2017/yr,2060,QAT,119501.66236728252,118454,1047.6623672825226,0.8844465930086975
OECD ENV-Growth 2023,SSP5,Qatar,GDP|PPP [per capita],USD_2017/yr,2065,QAT,129000.19215703664,128263,737.1921570366394,0.5747504401398996
OECD ENV-Growth 2023,SSP5,Qatar,GDP|PPP [per capita],USD_2017/yr,2070,QAT,139448.53454984014,139001,447.5345498401439,0.3219649857484075
OECD ENV-Growth 2023,SSP5,Qatar,GDP|PPP [per capita],USD_2017/yr,2075,QAT,150661.6728855982,150508,153.67288559820736,0.10210280224187908
OECD ENV-Growth 2023,SSP5,Saudi Arabia,GDP|PPP [per capita],USD_2017/yr,2025,SAU,49511.998794498446,49312.7,199.29879449844884,0.40415307719603444
OECD ENV-Growth 2023,SSP5,Saudi Arabia,GDP|PPP [per capita],USD_2017/yr,2030,SAU,57645.30016357529,57483.5,161.80016357528802,0.2814723591557369
OECD ENV-Growth 2023,SSP5,Saudi Arabia,GDP|PPP [per capita],USD_2017/yr,2035,SAU,66287.51444356698,66158.5,129.01444356697903,0.19500811470480592
OECD ENV-Growth 2023,SSP5,Saudi Arabia,GDP|PPP [per capita],USD_2017/yr,2040,SAU,75145.81303980145,75053.5,92.3130398014473,0.12299631569673274
OECD ENV-Growth 2023,SSP5,Serbia,GDP|PPP [per capita],USD_2017/yr,2025,SRB,21220.612795029876,21148.1,72.51279502987745,0.3428808972431446
OECD ENV-Growth 2023,SSP5,Serbia,GDP|PPP [per capita],USD_2017/yr,2030,SRB,26109.86346389647,26044.7,65.16346389646787,0.2501985582343735
OECD ENV-Growth 2023,SSP5,Serbia,GDP|PPP [per capita],USD_2017/yr,2035,SRB,32386.089887605493,32330.7,55.38988760549182,0.17132288383948327
OECD ENV-Growth 2023,SSP5,Singapore,GDP|PPP [per capita],USD_2017/yr,2025,SGP,105442.28936691352,102854,2588.289366913523,2.5164693321732967
OECD ENV-Growth 2023,SSP5,Singapore,GDP|PPP [per capita],USD_2017/yr,2030,SGP,113368.64609759802,110784,2584.6460975980153,2.3330499869999417
OECD ENV-Growth 2023,SSP5,Singapore,GDP|PPP [per capita],USD_2017/yr,2035,SGP,120743.73866025098,118203,2540.7386602509796,2.1494705381851387
OECD ENV-Growth 2023,SSP5,Singapore,GDP|PPP [per capita],USD_2017/yr,2040,SGP,124066.6053991374,121677,2389.6053991374065,1.963892435823867
OECD ENV-Growth 2023,SSP5,Singapore,GDP|PPP [per capita],USD_2017/yr,2045,SGP,124283.41389250648,122113,2170.4138925064763,1.7773815175341496
OECD ENV-Growth 2023,SSP5,Singapore,GDP|PPP [per capita],USD_2017/yr,2050,SGP,122366.08704523293,120477,1889.0870452329254,1.5680063790042293
OECD ENV-Growth 2023,SSP5,Singapore,GDP|PPP [per capita],USD_2017/yr,2055,SGP,120348.26477449306,118772,1576.2647744930582,1.3271349935111458
OECD ENV-Growth 2023,SSP5,Singapore,GDP|PPP [per capita],USD_2017/yr,2060,SGP,118969.05735945357,117690,1279.0573594535672,1.0868020727789678
OECD ENV-Growth 2023,SSP5,Singapore,GDP|PPP [per capita],USD_2017/yr,2065,SGP,120157.33673850808,119094,1063.3367385080783,0.8928550040372127
OECD ENV-Growth 2023,SSP5,Singapore,GDP|PPP [per capita],USD_2017/yr,2070,SGP,122811.03417191075,121913,898.0341719107528,0.7366188773229703
OECD ENV-Growth 2023,SSP5,Singapore,GDP|PPP [per capita],USD_2017/yr,2075,SGP,126299.17197667663,125550,749.1719766766328,0.5967120483286601
OECD ENV-Growth 2023,SSP5,Singapore,GDP|PPP [per capita],USD_2017/yr,2080,SGP,130508.69507566757,129909,599.6950756675651,0.46162704328996845
OECD ENV-Growth 2023,SSP5,Singapore,GDP|PPP [per capita],USD_2017/yr,2085,SGP,135488.56538007702,135050,438.5653800770233,0.32474296932767366
OECD ENV-Growth 2023,SSP5,Singapore,GDP|PPP [per capita],USD_2017/yr,2090,SGP,141353.00430656358,141099,254.00430656358367,0.1800185023023435
OECD ENV-Growth 2023,SSP5,Slovenia,GDP|PPP [per capita],USD_2017/yr,2025,SVN,40486.01552431705,40375.3,110.71552431704913,0.2742159793662192
OECD ENV-Growth 2023,SSP5,Slovenia,GDP|PPP [per capita],USD_2017/yr,2030,SVN,45761.385388888106,45661.8,99.5853888881029,0.21809343671975895
OECD ENV-Growth 2023,SSP5,Slovenia,GDP|PPP [per capita],USD_2017/yr,2035,SVN,51364.72293837105,51275.8,88.92293837104808,0.1734208698275757
OECD ENV-Growth 2023,SSP5,Slovenia,GDP|PPP [per capita],USD_2017/yr,2040,SVN,57158.479709139625,57087.8,70.67970913962199,0.12380878075459553
OECD ENV-Growth 2023,SSP5,Spain,GDP|PPP [per capita],USD_2017/yr,2025,ESP,39841.05077944624,39320,521.0507794462392,1.325154576414647
OECD ENV-Growth 2023,SSP5,Spain,GDP|PPP [per capita],USD_2017/yr,2030,ESP,41835.67830370398,41292.2,543.4783037039815,1.316176671875031
OECD ENV-Growth 2023,SSP5,Spain,GDP|PPP [per capita],USD_2017/yr,2035,ESP,45778.16357976851,45181.3,596.8635797685056,1.3210411824549217
OECD ENV-Growth 2023,SSP5,Spain,GDP|PPP [per capita],USD_2017/yr,2040,ESP,51815.03795794857,51149.1,665.9379579485685,1.3019543998791152
OECD ENV-Growth 2023,SSP5,Spain,GDP|PPP [per capita],USD_2017/yr,2045,ESP,59333.934109556154,58604.6,729.3341095561555,1.2444997654726002
OECD ENV-Growth 2023,SSP5,Spain,GDP|PPP [per capita],USD_2017/yr,2050,ESP,67260.73518075583,66494.1,766.635180755824,1.1529371489437767
OECD ENV-Growth 2023,SSP5,Spain,GDP|PPP [per capita],USD_2017/yr,2055,ESP,75925.30139426336,75142.4,782.901394263361,1.0418903232573902
OECD ENV-Growth 2023,SSP5,Spain,GDP|PPP [per capita],USD_2017/yr,2060,ESP,85515.9001126196,84732.2,783.7001126195973,0.9249141561526756
OECD ENV-Growth 2023,SSP5,Spain,GDP|PPP [per capita],USD_2017/yr,2065,ESP,95976.92237291076,95182.9,794.0223729107674,0.8342069561977703
OECD ENV-Growth 2023,SSP5,Spain,GDP|PPP [per capita],USD_2017/yr,2070,ESP,106775.49623977792,105949,826.4962397779163,0.7800887594766504
OECD ENV-Growth 2023,SSP5,Spain,GDP|PPP [per capita],USD_2017/yr,2075,ESP,117736.16590158825,116871,865.1659015882469,0.7402742353434529
OECD ENV-Growth 2023,SSP5,Spain,GDP|PPP [per capita],USD_2017/yr,2080,ESP,128759.44210581928,127871,888.442105819282,0.6947956188809675
OECD ENV-Growth 2023,SSP5,Spain,GDP|PPP [per capita],USD_2017/yr,2085,ESP,139925.86104280854,139048,877.8610428085376,0.6313366915083551
OECD ENV-Growth 2023,SSP5,Spain,GDP|PPP [per capita],USD_2017/yr,2090,ESP,151279.06606402012,150480,799.066064020124,0.5310114726343195
OECD ENV-Growth 2023,SSP5,Spain,GDP|PPP [per capita],USD_2017/yr,2095,ESP,162897.8961251713,162313,584.8961251713044,0.36035075759261703
OECD ENV-Growth 2023,SSP5,Spain,GDP|PPP [per capita],USD_2017/yr,2100,ESP,174799.170430441,174576,223.17043044100865,0.12783568786145214
OECD ENV-Growth 2023,SSP5,Sweden,GDP|PPP [per capita],USD_2017/yr,2025,SWE,54229.148400599595,53727,502.14840059959533,0.9346295170018712
OECD ENV-Growth 2023,SSP5,Sweden,GDP|PPP [per capita],USD_2017/yr,2030,SWE,59877.99361685317,59313.7,564.2936168531742,0.9513714653666424
OECD ENV-Growth 2023,SSP5,Sweden,GDP|PPP [per capita],USD_2017/yr,2035,SWE,66034.02631543153,65408,626.0263154315326,0.9571097043657236
OECD ENV-Growth 2023,SSP5,Sweden,GDP|PPP [per capita],USD_2017/yr,2040,SWE,73108.71441302604,72438.7,670.0144130260451,0.9249398636723811
OECD ENV-Growth 2023,SSP5,Sweden,GDP|PPP [per capita],USD_2017/yr,2045,SWE,80450.90561168388,79769.3,681.6056116838736,0.854471095626856
OECD ENV-Growth 2023,SSP5,Sweden,GDP|PPP [per capita],USD_2017/yr,2050,SWE,87278.87642845619,86626.7,652.1764284561941,0.7528584471718236
OECD ENV-Growth 2023,SSP5,Sweden,GDP|PPP [per capita],USD_2017/yr,2055,SWE,94397.00564992076,93796.3,600.7056499207538,0.6404364030572142
OECD ENV-Growth 2023,SSP5,Sweden,GDP|PPP [per capita],USD_2017/yr,2060,SWE,102398.42596154303,101844,554.4259615430346,0.5443874568389249
OECD ENV-Growth 2023,SSP5,Sweden,GDP|PPP [per capita],USD_2017/yr,2065,SWE,111421.67258073976,110885,536.6725807397597,0.4839902428099019
OECD ENV-Growth 2023,SSP5,Sweden,GDP|PPP [per capita],USD_2017/yr,2070,SWE,120983.74405243238,120457,526.7440524323756,0.43728803841401964
OECD ENV-Growth 2023,SSP5,Sweden,GDP|PPP [per capita],USD_2017/yr,2075,SWE,130814.50082059116,130316,498.5008205911581,0.38253232188768693
OECD ENV-Growth 2023,SSP5,Sweden,GDP|PPP [per capita],USD_2017/yr,2080,SWE,140956.7839061056,140507,449.78390610558563,0.3201149452380206
OECD ENV-Growth 2023,SSP5,Sweden,GDP|PPP [per capita],USD_2017/yr,2085,SWE,151688.140892934,151313,375.14089293399593,0.2479237692293431
OECD ENV-Growth 2023,SSP5,Sweden,GDP|PPP [per capita],USD_2017/yr,2090,SWE,163138.84637014504,162867,271.84637014503824,0.16691310710275148
OECD ENV-Growth 2023,SSP5,Switzerland,GDP|PPP [per capita],USD_2017/yr,2025,CHE,71346.5584843783,70683.8,662.758484378297,0.9376384466855163
OECD ENV-Growth 2023,SSP5,Switzerland,GDP|PPP [per capita],USD_2017/yr,2030,CHE,72928.21203708628,72218.3,709.9120370862802,0.9830085131971816
OECD ENV-Growth 2023,SSP5,Switzerland,GDP|PPP [per capita],USD_2017/yr,2035,CHE,76337.45960129745,75564.7,772.7596012974536,1.0226462902617937
OECD ENV-Growth 2023,SSP5,Switzerland,GDP|PPP [per capita],USD_2017/yr,2040,CHE,81290.49447008742,80475.7,814.7944700874214,1.0124726719834949
OECD ENV-Growth 2023,SSP5,Switzerland,GDP|PPP [per capita],USD_2017/yr,2045,CHE,87148.40500362465,86335.4,813.0050036246539,0.9416820952062005
OECD ENV-Growth 2023,SSP5,Switzerland,GDP|PPP [per capita],USD_2017/yr,2050,CHE,93053.94161383978,92291.5,762.4416138397792,0.8261233307940377
OECD ENV-Growth 2023,SSP5,Switzerland,GDP|PPP [per capita],USD_2017/yr,2055,CHE,99486.14827975824,98806.3,679.8482797582401,0.6880616719361418
OECD ENV-Growth 2023,SSP5,Switzerland,GDP|PPP [per capita],USD_2017/yr,2060,CHE,106916.88939915698,106330,586.8893991569785,0.5519509067591257
OECD ENV-Growth 2023,SSP5,Switzerland,GDP|PPP [per capita],USD_2017/yr,2065,CHE,115557.8539438108,115025,532.8539438107982,0.463250548846597
OECD ENV-Growth 2023,SSP5,Switzerland,GDP|PPP [per capita],USD_2017/yr,2070,CHE,124999.03567788369,124488,511.03567788368673,0.41050999123103166
OECD ENV-Growth 2023,SSP5,Switzerland,GDP|PPP [per capita],USD_2017/yr,2075,CHE,134933.3573246073,134448,485.35732460729196,0.36100003317810003
OECD ENV-Growth 2023,SSP5,Switzerland,GDP|PPP [per capita],USD_2017/yr,2080,CHE,145266.34793453992,144841,425.3479345399246,0.2936654224562966
OECD ENV-Growth 2023,SSP5,Switzerland,GDP|PPP [per capita],USD_2017/yr,2085,CHE,155981.30562875283,155671,310.30562875283067,0.19933425541869113
OECD ENV-Growth 2023,SSP5,Thailand,GDP|PPP [per capita],USD_2017/yr,2025,THA,19045.53288022407,19014.2,31.332880224068504,0.1647867395108314
OECD ENV-Growth 2023,SSP5,Thailand,GDP|PPP [per capita],USD_2017/yr,2030,THA,22109.751380066515,22082.5,27.251380066514685,0.12340713264582671
OECD ENV-Growth 2023,SSP5,Ukraine,GDP|PPP [per capita],USD_2017/yr,2025,UKR,11713.29817575138,11686.3,26.998175751381496,0.23102415436349827
OECD ENV-Growth 2023,SSP5,Ukraine,GDP|PPP [per capita],USD_2017/yr,2030,UKR,14407.879558656095,14386.6,21.279558656095105,0.14791235355188234
OECD ENV-Growth 2023,SSP5,United Arab Emirates,GDP|PPP [per capita],USD_2017/yr,2025,ARE,80896.57010568367,79428.5,1468.0701056836697,1.8482913635328249
OECD ENV-Growth 2023,SSP5,United Arab Emirates,GDP|PPP [per capita],USD_2017/yr,2030,ARE,94153.35763614344,92715.8,1437.557636143436,1.550499090924563
OECD ENV-Growth 2023,SSP5,United Arab Emirates,GDP|PPP [per capita],USD_2017/yr,2035,ARE,109008.27811783076,107567,1441.2781178307632,1.3398887370947998
OECD ENV-Growth 2023,SSP5,United Arab Emirates,GDP|PPP [per capita],USD_2017/yr,2040,ARE,121509.33793591788,120122,1387.3379359178798,1.1549407568287906
OECD ENV-Growth 2023,SSP5,United Arab Emirates,GDP|PPP [per capita],USD_2017/yr,2045,ARE,130759.76031262935,129478,1281.7603126293543,0.9899444790847512
OECD ENV-Growth 2023,SSP5,United Arab Emirates,GDP|PPP [per capita],USD_2017/yr,2050,ARE,137263.50733364318,136135,1128.5073336431815,0.828961937520242
OECD ENV-Growth 2023,SSP5,United Arab Emirates,GDP|PPP [per capita],USD_2017/yr,2055,ARE,143177.31992030286,142232,945.3199203028635,0.6646323754871362
OECD ENV-Growth 2023,SSP5,United Arab Emirates,GDP|PPP [per capita],USD_2017/yr,2060,ARE,150095.40412549762,149354,741.4041254976182,0.4964072776742627
OECD ENV-Growth 2023,SSP5,United Arab Emirates,GDP|PPP [per capita],USD_2017/yr,2065,ARE,158402.07902587703,157819,583.0790258770285,0.3694606009903931
OECD ENV-Growth 2023,SSP5,United Arab Emirates,GDP|PPP [per capita],USD_2017/yr,2070,ARE,167754.91521615037,167246,508.91521615037345,0.3042914127395414
OECD ENV-Growth 2023,SSP5,United Arab Emirates,GDP|PPP [per capita],USD_2017/yr,2075,ARE,177963.06422352788,177457,506.0642235278792,0.28517568961938905
OECD ENV-Growth 2023,SSP5,United Arab Emirates,GDP|PPP [per capita],USD_2017/yr,2080,ARE,189224.7635923488,188669,555.7635923488124,0.29457069913383355
OECD ENV-Growth 2023,SSP5,United Arab Emirates,GDP|PPP [per capita],USD_2017/yr,2085,ARE,201549.38264171267,200908,641.3826417126693,0.31924196234727803
OECD ENV-Growth 2023,SSP5,United Arab Emirates,GDP|PPP [per capita],USD_2017/yr,2090,ARE,215007.88828840925,214268,739.8882884092454,0.34530974686338856
OECD ENV-Growth 2023,SSP5,United Arab Emirates,GDP|PPP [per capita],USD_2017/yr,2095,ARE,229551.11546043667,228792,759.1154604366748,0.3317928338563738
OECD ENV-Growth 2023,SSP5,United Arab Emirates,GDP|PPP [per capita],USD_2017/yr,2100,ARE,245196.8774200628,244629,567.8774200628104,0.23213822566531786
OECD ENV-Growth 2023,SSP5,United Kingdom,GDP|PPP [per capita],USD_2017/yr,2025,GBR,45713.38704043722,45353.4,359.98704043721955,0.7937377141233503
OECD ENV-Growth 2023,SSP5,United Kingdom,GDP|PPP [per capita],USD_2017/yr,2030,GBR,48807.267563516674,48408.7,398.5675635166772,0.8233387046474647
OECD ENV-Growth 2023,SSP5,United Kingdom,GDP|PPP [per capita],USD_2017/yr,2035,GBR,53820.412990081975,53375.3,445.1129900819724,0.8339306572177999
OECD ENV-Growth 2023,SSP5,United Kingdom,GDP|PPP [per capita],USD_2017/yr,2040,GBR,61665.526660535135,61171.9,493.62666053513385,0.8069500220446542
OECD ENV-Growth 2023,SSP5,United Kingdom,GDP|PPP [per capita],USD_2017/yr,2045,GBR,71731.31372082373,71203.7,527.6137208237342,0.7409920001681572
OECD ENV-Growth 2023,SSP5,United Kingdom,GDP|PPP [per capita],USD_2017/yr,2050,GBR,82324.33775904117,81799.8,524.5377590411663,0.6412457720448782
OECD ENV-Growth 2023,SSP5,United Kingdom,GDP|PPP [per capita],USD_2017/yr,2055,GBR,93518.9736686436,93028.5,490.47366864359356,0.5272294712304224
OECD ENV-Growth 2023,SSP5,United Kingdom,GDP|PPP [per capita],USD_2017/yr,2060,GBR,105662.658198026,105216,446.65819802599435,0.4245154710557276
OECD ENV-Growth 2023,SSP5,United Kingdom,GDP|PPP [per capita],USD_2017/yr,2065,GBR,118767.1605367625,118350,417.1605367625016,0.35248038594212217
OECD ENV-Growth 2023,SSP5,United Kingdom,GDP|PPP [per capita],USD_2017/yr,2070,GBR,132284.72983475943,131896,388.7298347594333,0.2947245062469167
OECD ENV-Growth 2023,SSP5,United Kingdom,GDP|PPP [per capita],USD_2017/yr,2075,GBR,145924.56332008433,145587,337.56332008432946,0.23186364172922683
OECD ENV-Growth 2023,SSP5,United Kingdom,GDP|PPP [per capita],USD_2017/yr,2080,GBR,159688.09746454816,159437,251.09746454816195,0.15749008357417787
OECD ENV-Growth 2023,SSP5,United States,GDP|PPP [per capita],USD_2017/yr,2025,USA,65652.93158678783,64968,684.9315867878322,1.0542599230203058
OECD ENV-Growth 2023,SSP5,United States,GDP|PPP [per capita],USD_2017/yr,2030,USA,69991.37717653657,69265,726.3771765365673,1.0486929568130618
OECD ENV-Growth 2023,SSP5,United States,GDP|PPP [per capita],USD_2017/yr,2035,USA,75739.44880174336,74943,796.4488017433614,1.0627394176152027
OECD ENV-Growth 2023,SSP5,United States,GDP|PPP [per capita],USD_2017/yr,2040,USA,82915.4200058184,82082.3,833.120005818404,1.0149813124369127
OECD ENV-Growth 2023,SSP5,United States,GDP|PPP [per capita],USD_2017/yr,2045,USA,90766.05587516924,89921.1,844.9558751692384,0.9396636330841575
OECD ENV-Growth 2023,SSP5,United States,GDP|PPP [per capita],USD_2017/yr,2050,USA,98405.16464021464,97590.8,814.3646402146405,0.8344686591509041
OECD ENV-Growth 2023,SSP5,United States,GDP|PPP [per capita],USD_2017/yr,2055,USA,106414.07424951972,105660,754.0742495197192,0.7136799635810327
OECD ENV-Growth 2023,SSP5,United States,GDP|PPP [per capita],USD_2017/yr,2060,USA,115134.49699079996,114445,689.4969907999621,0.6024701741447526
OECD ENV-Growth 2023,SSP5,United States,GDP|PPP [per capita],USD_2017/yr,2065,USA,124757.62822459768,124114,643.6282245976763,0.5185782624020467
OECD ENV-Growth 2023,SSP5,United States,GDP|PPP [per capita],USD_2017/yr,2070,USA,135036.50483603467,134442,594.50483603467,0.4422017197264768
OECD ENV-Growth 2023,SSP5,United States,GDP|PPP [per capita],USD_2017/yr,2075,USA,145938.5745250347,145428,510.5745250346954,0.35108405880208443
OECD ENV-Growth 2023,SSP5,United States,GDP|PPP [per capita],USD_2017/yr,2080,USA,157584.89584030266,157205,379.8958403026627,0.24165633427859337
OECD ENV-Growth 2023,SSP5,United States,GDP|PPP [per capita],USD_2017/yr,2085,USA,170141.34629298162,169937,204.346292981616,0.1202482643459729
OECD ENV-Growth 2023,SSP5,Western Sahara,GDP|PPP [per capita],USD_2017/yr,2025,ESH,1986.723811756043,1938.35,48.3738117560431,2.4956180130545618
OECD ENV-Growth 2023,SSP5,Western Sahara,GDP|PPP [per capita],USD_2017/yr,2030,ESH,2059.05778344152,2016.41,42.64778344151978,2.1150353073789447
OECD ENV-Growth 2023,SSP5,Western Sahara,GDP|PPP [per capita],USD_2017/yr,2035,ESH,2374.8942071761317,2330.29,44.604207176131695,1.914105419331143
OECD ENV-Growth 2023,SSP5,Western Sahara,GDP|PPP [per capita],USD_2017/yr,2040,ESH,3028.54336357121,2976.82,51.72336357121003,1.7375374920623359
OECD ENV-Growth 2023,SSP5,Western Sahara,GDP|PPP [per capita],USD_2017/yr,2045,ESH,4078.878510801155,4016.71,62.16851080115475,1.5477470566995066
OECD ENV-Growth 2023,SSP5,Western Sahara,GDP|PPP [per capita],USD_2017/yr,2050,ESH,5488.0412385971395,5416.26,71.78123859713924,1.325291595993162
OECD ENV-Growth 2023,SSP5,Western Sahara,GDP|PPP [per capita],USD_2017/yr,2055,ESH,7357.623913438105,7278.91,78.71391343810501,1.0813969871602345
OECD ENV-Growth 2023,SSP5,Western Sahara,GDP|PPP [per capita],USD_2017/yr,2060,ESH,9870.186196232604,9787.16,83.02619623260398,0.8483175531267904
OECD ENV-Growth 2023,SSP5,Western Sahara,GDP|PPP [per capita],USD_2017/yr,2065,ESH,13230.33126237884,13144,86.33126237884062,0.6568111866923358
OECD ENV-Growth 2023,SSP5,Western Sahara,GDP|PPP [per capita],USD_2017/yr,2070,ESH,17581.863116363624,17493.9,87.96311636362225,0.5028216484810262
OECD ENV-Growth 2023,SSP5,Western Sahara,GDP|PPP [per capita],USD_2017/yr,2075,ESH,23122.608865756552,23040.9,81.70886575655095,0.3546253217389553
OECD ENV-Growth 2023,SSP5,Western Sahara,GDP|PPP [per capita],USD_2017/yr,2080,ESH,30083.837718048497,30025.7,58.137718048496026,0.19362652010942633
